"","Apr","Aug","Dec","Feb","Jan","Jul","Jun","Mar","May","Nov","Oct","Sep","Fri","Mon","Sat","Sun","Thu","Tue","Wed","year","temp","dewp","max","min","fog","NUM_COLLISIONS"
"1",0,0,0,0,1,0,0,0,0,0,0,0,1,0,0,0,0,0,0,2015,40.4,21.5,45,28,0,442
"2",0,0,0,0,1,0,0,0,0,0,0,0,0,0,1,0,0,0,0,2015,34.5,19.8,45,30,0,456
"3",0,0,0,0,1,0,0,0,0,0,0,0,0,1,0,0,0,0,0,2015,44,32.1,55,28.9,0,498
"4",0,0,0,0,1,0,0,0,0,0,0,0,0,0,0,0,0,1,0,2015,20.8,5.2,28,19,0,777
"5",0,0,0,0,1,0,0,0,0,0,0,0,0,0,0,0,0,0,1,2015,22.6,10.2,27,17.1,0,538
"6",0,0,0,0,1,0,0,0,0,0,0,0,0,0,0,0,1,0,0,2015,13.1,-2.4,27,6.1,0,573
"7",0,0,0,0,1,0,0,0,0,0,0,0,1,0,0,0,0,0,0,2015,35.2,22.5,46,26.1,0,751
"8",0,0,0,0,1,0,0,0,0,0,0,0,0,0,1,0,0,0,0,2015,26.9,10,30,21.9,0,481
"9",0,0,0,0,1,0,0,0,0,0,0,0,0,1,0,0,0,0,0,2015,40.9,35.6,52,21,1,580
"10",0,0,0,0,1,0,0,0,0,0,0,0,0,0,0,0,0,1,0,2015,32.6,25.6,52,26.1,0,613
"11",0,0,0,0,1,0,0,0,0,0,0,0,0,0,0,0,0,0,1,2015,32.1,24,37,26.1,0,506
"12",0,0,0,0,1,0,0,0,0,0,0,0,0,0,0,0,1,0,0,2015,35.8,33.6,37.9,28,0,548
"13",0,0,0,0,1,0,0,0,0,0,0,0,1,0,0,0,0,0,0,2015,34.5,23.4,39.9,28.9,0,563
"14",0,0,0,0,1,0,0,0,0,0,0,0,0,0,1,0,0,0,0,2015,20.2,1.9,39.9,15.1,0,495
"15",0,0,0,0,1,0,0,0,0,0,0,0,0,1,0,0,0,0,0,2015,41.7,36,50,30.9,0,496
"16",0,0,0,0,1,0,0,0,0,0,0,0,0,0,0,0,0,1,0,2015,35.7,23.4,44.1,33.1,0,500
"17",0,0,0,0,1,0,0,0,0,0,0,0,0,0,0,0,0,0,1,2015,32.3,17.7,39,25,0,495
"18",0,0,0,0,1,0,0,0,0,0,0,0,0,0,0,0,1,0,0,2015,35.5,30.5,39,25,0,508
"19",0,0,0,0,1,0,0,0,0,0,0,0,1,0,0,0,0,0,0,2015,31.6,20.4,39,27,0,598
"20",0,0,0,0,1,0,0,0,0,0,0,0,0,0,1,0,0,0,0,2015,38.5,34.8,45,27,0,428
"21",0,0,0,0,1,0,0,0,0,0,0,0,0,1,0,0,0,0,0,2015,31.2,20.9,43,26.1,0,484
"22",0,0,0,0,1,0,0,0,0,0,0,0,0,0,0,0,0,0,1,2015,21.6,14.7,26.1,19,0,458
"23",0,0,0,0,1,0,0,0,0,0,0,0,0,0,0,0,1,0,0,2015,29.2,20.9,36,19,0,519
"24",0,0,0,0,1,0,0,0,0,0,0,0,1,0,0,0,0,0,0,2015,35.1,31.1,41,23,0,622
"25",0,0,0,0,1,0,0,0,0,0,0,0,0,0,1,0,0,0,0,2015,24.5,12.9,34,17.1,0,526
"26",0,0,0,1,0,0,0,0,0,0,0,0,0,1,0,0,0,0,0,2015,33.1,27.4,46,19.9,1,680
"27",0,0,0,1,0,0,0,0,0,0,0,0,0,0,0,0,0,1,0,2015,21,11.7,46,14,0,740
"28",0,0,0,1,0,0,0,0,0,0,0,0,0,0,0,0,0,0,1,2015,28.1,18.4,39.9,14,0,585
"29",0,0,0,1,0,0,0,0,0,0,0,0,0,0,0,0,1,0,0,2015,34.1,28.9,39.9,15.1,1,569
"30",0,0,0,1,0,0,0,0,0,0,0,0,1,0,0,0,0,0,0,2015,16.8,5,39.9,10.9,0,652
"31",0,0,0,1,0,0,0,0,0,0,0,0,0,0,1,0,0,0,0,2015,27.4,16,33.1,10.9,0,449
"32",0,0,0,1,0,0,0,0,0,0,0,0,0,1,0,0,0,0,0,2015,37.1,34.3,37.9,30.9,0,547
"33",0,0,0,1,0,0,0,0,0,0,0,0,0,0,0,0,0,1,0,2015,36.4,32.9,37.9,35.1,0,571
"34",0,0,0,1,0,0,0,0,0,0,0,0,0,0,0,0,0,0,1,2015,32.6,23.3,37,30.9,0,610
"35",0,0,0,1,0,0,0,0,0,0,0,0,0,0,0,0,1,0,0,2015,31,23.6,35.1,27,0,526
"36",0,0,0,1,0,0,0,0,0,0,0,0,1,0,0,0,0,0,0,2015,21.8,11,35.1,14,0,757
"37",0,0,0,1,0,0,0,0,0,0,0,0,0,0,1,0,0,0,0,2015,20.6,8.9,33.1,8.1,1,436
"38",0,0,0,1,0,0,0,0,0,0,0,0,0,0,0,1,0,0,0,2015,25.7,21,34,8.1,1,454
"39",0,0,0,1,0,0,0,0,0,0,0,0,0,0,0,0,0,1,0,2015,21.7,11.8,28.9,17.1,0,620
"40",0,0,0,1,0,0,0,0,0,0,0,0,0,0,0,0,0,0,1,2015,30.6,24.5,36,16,0,626
"41",0,0,0,1,0,0,0,0,0,0,0,0,0,0,0,0,1,0,0,2015,27,19.7,36,19.9,0,515
"42",0,0,0,1,0,0,0,0,0,0,0,0,1,0,0,0,0,0,0,2015,14.1,-0.8,19,8.6,0,621
"43",0,0,0,1,0,0,0,0,0,0,0,0,0,0,1,0,0,0,0,2015,21.9,10.6,37,3.9,0,517
"44",0,0,0,1,0,0,0,0,0,0,0,0,0,0,0,1,0,0,0,2015,36,34,41,33.1,1,519
"45",0,0,0,1,0,0,0,0,0,0,0,0,0,1,0,0,0,0,0,2015,29.4,19.6,41,21,1,574
"46",0,0,0,1,0,0,0,0,0,0,0,0,0,0,0,0,0,1,0,2015,14.3,0.2,33.1,8.1,0,580
"47",0,0,0,1,0,0,0,0,0,0,0,0,0,0,0,0,0,0,1,2015,29.9,21.8,33.8,23,0,628
"48",0,0,0,1,0,0,0,0,0,0,0,0,0,0,0,0,1,0,0,2015,28,19.6,33.1,25,1,539
"49",0,0,0,1,0,0,0,0,0,0,0,0,1,0,0,0,0,0,0,2015,24.2,12.2,30.9,19.9,0,703
"50",0,0,0,1,0,0,0,0,0,0,0,0,0,0,1,0,0,0,0,2015,22.2,9.9,28,16,0,538
"51",0,0,0,0,0,0,0,1,0,0,0,0,0,0,0,1,0,0,0,2015,23.1,14.2,30.9,10,0,693
"52",0,0,0,0,0,0,0,1,0,0,0,0,0,1,0,0,0,0,0,2015,33.4,27.2,36,30.2,0,650
"53",0,0,0,0,0,0,0,1,0,0,0,0,0,0,0,0,0,1,0,2015,27,10.3,36,23,0,631
"54",0,0,0,0,0,0,0,1,0,0,0,0,0,0,0,0,0,0,1,2015,36.1,33.8,41,23,1,574
"55",0,0,0,0,0,0,0,1,0,0,0,0,0,0,1,0,0,0,0,2015,25,15.9,33.1,12,0,578
"56",0,0,0,0,0,0,0,1,0,0,0,0,0,0,0,1,0,0,0,2015,33.8,28,39,14,0,464
"57",0,0,0,0,0,0,0,1,0,0,0,0,0,1,0,0,0,0,0,2015,35.6,26.1,44.1,24.1,0,661
"58",0,0,0,0,0,0,0,1,0,0,0,0,0,0,0,0,0,1,0,2015,36.5,30.3,44.1,24.1,0,584
"59",0,0,0,0,0,0,0,1,0,0,0,0,0,0,0,0,0,0,1,2015,42.1,38.5,48,28,1,565
"60",0,0,0,0,0,0,0,1,0,0,0,0,0,0,0,0,1,0,0,2015,38.1,21.9,48,33.1,0,586
"61",0,0,0,0,0,0,0,1,0,0,0,0,1,0,0,0,0,0,0,2015,31.1,11.6,41,26.1,0,609
"62",0,0,0,0,0,0,0,1,0,0,0,0,0,0,1,0,0,0,0,2015,38.7,33.3,46,26.1,1,507
"63",0,0,0,0,0,0,0,1,0,0,0,0,0,0,0,1,0,0,0,2015,38.5,33.8,46,30.9,0,459
"64",0,0,0,0,0,0,0,1,0,0,0,0,0,1,0,0,0,0,0,2015,32.9,18.5,43,28,0,529
"65",0,0,0,0,0,0,0,1,0,0,0,0,0,0,0,0,0,1,0,2015,38.6,34.1,46.9,28,0,528
"66",0,0,0,0,0,0,0,1,0,0,0,0,0,0,0,0,0,0,1,2015,31,3.9,46.9,28,0,547
"67",0,0,0,0,0,0,0,1,0,0,0,0,0,0,0,0,1,0,0,2015,27.6,-1.5,35.1,21.9,0,582
"68",0,0,0,0,0,0,0,1,0,0,0,0,1,0,0,0,0,0,0,2015,30.3,13.2,35.1,21.9,0,570
"69",0,0,0,0,0,0,0,1,0,0,0,0,0,0,1,0,0,0,0,2015,34.2,31,41,21.9,0,507
"70",0,0,0,0,0,0,0,1,0,0,0,0,0,0,0,1,0,0,0,2015,35.1,18.8,41,21,0,432
"71",0,0,0,0,0,0,0,1,0,0,0,0,0,1,0,0,0,0,0,2015,27.2,1.4,37.9,21,0,586
"72",0,0,0,0,0,0,0,1,0,0,0,0,0,0,0,0,0,1,0,2015,31.4,16.3,37.9,21,0,601
"73",0,0,0,0,0,0,0,1,0,0,0,0,0,0,0,0,0,0,1,2015,33.6,24.1,44.1,24.1,0,538
"74",0,0,0,0,0,0,0,1,0,0,0,0,0,0,0,0,1,0,0,2015,42.6,39.7,46.9,27,1,525
"75",0,0,0,0,0,0,0,1,0,0,0,0,1,0,0,0,0,0,0,2015,42.4,40,48.9,37.9,1,532
"76",0,0,0,0,0,0,0,1,0,0,0,0,0,0,1,0,0,0,0,2015,37.4,34.5,39,33.8,0,459
"77",0,0,0,0,0,0,0,1,0,0,0,0,0,0,0,1,0,0,0,2015,34.9,23.9,39.9,28.9,0,505
"78",0,0,0,0,0,0,0,1,0,0,0,0,0,1,0,0,0,0,0,2015,36.8,28.3,44.1,27,0,556
"79",0,0,0,0,0,0,0,1,0,0,0,0,0,0,0,0,0,1,0,2015,39.4,31.2,46,33.1,0,628
"80",1,0,0,0,0,0,0,0,0,0,0,0,0,0,0,0,0,0,1,2015,37.9,24.8,46,34,0,648
"81",1,0,0,0,0,0,0,0,0,0,0,0,0,0,0,0,1,0,0,2015,37.1,27.6,46.9,24.1,0,653
"82",1,0,0,0,0,0,0,0,0,0,0,0,1,0,0,0,0,0,0,2015,45,41.6,48,42.1,0,491
"83",1,0,0,0,0,0,0,0,0,0,0,0,0,0,1,0,0,0,0,2015,47.3,39.1,57,41,1,507
"84",1,0,0,0,0,0,0,0,0,0,0,0,0,1,0,0,0,0,0,2015,43.2,36.1,51.1,32,1,510
"85",1,0,0,0,0,0,0,0,0,0,0,0,0,0,0,0,0,1,0,2015,44.2,40.5,51.1,32,0,452
"86",1,0,0,0,0,0,0,0,0,0,0,0,0,0,0,0,0,0,1,2015,41.2,34.2,48,39,0,457
"87",1,0,0,0,0,0,0,0,0,0,0,0,0,0,0,0,1,0,0,2015,39.4,35.5,46.9,37,0,452
"88",1,0,0,0,0,0,0,0,0,0,0,0,1,0,0,0,0,0,0,2015,43.9,41.7,53.1,37,1,486
"89",1,0,0,0,0,0,0,0,0,0,0,0,0,0,1,0,0,0,0,2015,47.8,40.7,57.9,39.9,1,576
"90",1,0,0,0,0,0,0,0,0,0,0,0,0,0,0,1,0,0,0,2015,45,31.4,57.9,32,0,443
"91",1,0,0,0,0,0,0,0,0,0,0,0,0,1,0,0,0,0,0,2015,45,38.2,54,32,0,554
"92",1,0,0,0,0,0,0,0,0,0,0,0,0,0,0,0,0,1,0,2015,49.8,46.3,54,37.9,0,542
"93",1,0,0,0,0,0,0,0,0,0,0,0,0,0,0,0,0,0,1,2015,50.6,35.8,62.1,37.9,1,595
"94",1,0,0,0,0,0,0,0,0,0,0,0,0,0,0,0,1,0,0,2015,46.4,28.5,62.1,37.9,0,560
"95",1,0,0,0,0,0,0,0,0,0,0,0,1,0,0,0,0,0,0,2015,47.5,43.2,54,39,1,679
"96",1,0,0,0,0,0,0,0,0,0,0,0,0,0,1,0,0,0,0,2015,51.9,45.2,64,41,1,605
"97",1,0,0,0,0,0,0,0,0,0,0,0,0,0,0,1,0,0,0,2015,46.3,37.4,64,39.9,0,471
"98",1,0,0,0,0,0,0,0,0,0,0,0,0,1,0,0,0,0,0,2015,45.2,40.7,52,39.9,0,630
"99",1,0,0,0,0,0,0,0,0,0,0,0,0,0,0,0,0,1,0,2015,51.5,48.6,55.9,39.9,1,645
"100",1,0,0,0,0,0,0,0,0,0,0,0,0,0,0,0,0,0,1,2015,49.8,39.7,57,37.9,0,568
"101",1,0,0,0,0,0,0,0,0,0,0,0,0,0,0,0,1,0,0,2015,46.9,37.6,57,37.9,0,612
"102",1,0,0,0,0,0,0,0,0,0,0,0,1,0,0,0,0,0,0,2015,44,27.7,51.1,37.9,0,676
"103",1,0,0,0,0,0,0,0,0,0,0,0,0,0,1,0,0,0,0,2015,43.7,27.5,51.1,37,0,592
"104",1,0,0,0,0,0,0,0,0,0,0,0,0,0,0,1,0,0,0,2015,46.1,34,54,37,0,477
"105",1,0,0,0,0,0,0,0,0,0,0,0,0,1,0,0,0,0,0,2015,49,37.9,57,39,0,558
"106",1,0,0,0,0,0,0,0,0,0,0,0,0,0,0,0,0,1,0,2015,46,35.9,57,41,0,613
"107",1,0,0,0,0,0,0,0,0,0,0,0,0,0,0,0,0,0,1,2015,49.3,38.5,55.9,39.9,0,679
"108",1,0,0,0,0,0,0,0,0,0,0,0,0,0,0,0,1,0,0,2015,48.1,38.3,57,39,0,640
"109",0,0,0,0,0,0,0,0,1,0,0,0,1,0,0,0,0,0,0,2015,43.8,37.2,57,39,0,642
"110",0,0,0,0,0,0,0,0,1,0,0,0,0,0,1,0,0,0,0,2015,44.4,36.7,51.1,39,0,540
"111",0,0,0,0,0,0,0,0,1,0,0,0,0,0,0,1,0,0,0,2015,44.5,38,53.1,32,1,555
"112",0,0,0,0,0,0,0,0,1,0,0,0,0,1,0,0,0,0,0,2015,52.2,47.2,60.1,32,0,641
"113",0,0,0,0,0,0,0,0,1,0,0,0,0,0,0,0,0,1,0,2015,57.1,48.6,71.1,46,0,638
"114",0,0,0,0,0,0,0,0,1,0,0,0,0,0,0,0,0,0,1,2015,55.3,42.1,71.1,46.9,0,568
"115",0,0,0,0,0,0,0,0,1,0,0,0,0,0,0,0,1,0,0,2015,55.9,42.3,70,42.1,0,684
"116",0,0,0,0,0,0,0,0,1,0,0,0,1,0,0,0,0,0,0,2015,52.4,47.8,70,42.1,1,709
"117",0,0,0,0,0,0,0,0,1,0,0,0,0,0,1,0,0,0,0,2015,54.3,50.9,64.9,46.9,1,560
"118",0,0,0,0,0,0,0,0,1,0,0,0,0,0,0,1,0,0,0,2015,57,54.8,64.9,50,1,549
"119",0,0,0,0,0,0,0,0,1,0,0,0,0,1,0,0,0,0,0,2015,57.9,55.9,66.9,54,1,645
"120",0,0,0,0,0,0,0,0,1,0,0,0,0,0,0,0,0,1,0,2015,58.3,56.2,66.9,54,1,684
"121",0,0,0,0,0,0,0,0,1,0,0,0,0,0,0,0,0,0,1,2015,59.5,47.2,66.9,53.1,0,655
"122",0,0,0,0,0,0,0,0,1,0,0,0,0,0,0,0,1,0,0,2015,54,39.9,66.9,45,0,654
"123",0,0,0,0,0,0,0,0,1,0,0,0,1,0,0,0,0,0,0,2015,54.4,46.4,64.9,46.9,0,723
"124",0,0,0,0,0,0,0,0,1,0,0,0,0,0,1,0,0,0,0,2015,55.5,50.3,64,48,0,650
"125",0,0,0,0,0,0,0,0,1,0,0,0,0,0,0,1,0,0,0,2015,63.1,56.2,78.1,50,0,543
"126",0,0,0,0,0,0,0,0,1,0,0,0,0,1,0,0,0,0,0,2015,53.9,48.8,60.1,48,1,566
"127",0,0,0,0,0,0,0,0,1,0,0,0,0,0,0,0,0,1,0,2015,51.4,49.9,61,46,1,606
"128",0,0,0,0,0,0,0,0,1,0,0,0,0,0,0,0,0,0,1,2015,58.8,50.1,64.9,46,1,666
"129",0,0,0,0,0,0,0,0,1,0,0,0,0,0,0,0,1,0,0,2015,54.8,41.1,64.9,48,0,615
"130",0,0,0,0,0,0,0,0,1,0,0,0,1,0,0,0,0,0,0,2015,53.8,48,61,48,0,727
"131",0,0,0,0,0,0,0,0,1,0,0,0,0,0,1,0,0,0,0,2015,54.8,33.2,61,48,0,546
"132",0,0,0,0,0,0,0,0,1,0,0,0,0,0,0,1,0,0,0,2015,56.5,48.2,63,51.1,0,432
"133",0,0,0,0,0,0,0,0,1,0,0,0,0,0,0,0,0,1,0,2015,61.1,56.2,66,54,0,686
"134",0,0,0,0,0,0,0,0,1,0,0,0,0,0,0,0,0,0,1,2015,62.4,57.8,68,57.9,0,697
"135",0,0,0,0,0,0,0,0,1,0,0,0,0,0,0,0,1,0,0,2015,62.4,57.6,68,59,0,682
"136",0,0,0,0,0,0,0,0,1,0,0,0,1,0,0,0,0,0,0,2015,65.4,57.4,75.9,60.1,0,813
"137",0,0,0,0,0,0,0,0,1,0,0,0,0,0,1,0,0,0,0,2015,63.3,59.9,75.9,57.9,1,622
"138",0,0,0,0,0,0,0,0,1,0,0,0,0,0,0,1,0,0,0,2015,64.7,60.9,71.1,59,1,555
"139",0,0,0,0,0,0,1,0,0,0,0,0,0,1,0,0,0,0,0,2015,55.9,52.8,71.1,53.1,0,691
"140",0,0,0,0,0,0,1,0,0,0,0,0,0,0,0,0,0,1,0,2015,53.4,50.1,61,51.1,0,642
"141",0,0,0,0,0,0,1,0,0,0,0,0,0,0,0,0,0,0,1,2015,53,44.9,57.9,50,0,658
"142",0,0,0,0,0,0,1,0,0,0,0,0,0,0,0,0,1,0,0,2015,52.2,42.8,60.1,43,0,552
"143",0,0,0,0,0,0,1,0,0,0,0,0,1,0,0,0,0,0,0,2015,53.1,46.6,60.1,43,0,692
"144",0,0,0,0,0,0,1,0,0,0,0,0,0,0,1,0,0,0,0,2015,58,52.5,63,46.9,1,598
"145",0,0,0,0,0,0,1,0,0,0,0,0,0,0,0,1,0,0,0,2015,59.5,45.8,69.1,51.1,0,559
"146",0,0,0,0,0,0,1,0,0,0,0,0,0,1,0,0,0,0,0,2015,59.6,51.8,69.1,51.1,0,634
"147",0,0,0,0,0,0,1,0,0,0,0,0,0,0,0,0,0,1,0,2015,64,59.9,70,53.1,0,652
"148",0,0,0,0,0,0,1,0,0,0,0,0,0,0,0,0,0,0,1,2015,65.2,58.5,73,57.9,1,667
"149",0,0,0,0,0,0,1,0,0,0,0,0,0,0,0,0,1,0,0,2015,64.6,59.7,73,57.9,0,666
"150",0,0,0,0,0,0,1,0,0,0,0,0,1,0,0,0,0,0,0,2015,67,60.2,79,61,1,451
"151",0,0,0,0,0,0,1,0,0,0,0,0,0,0,0,1,0,0,0,2015,66.9,53.5,75.9,59,0,578
"152",0,0,0,0,0,0,1,0,0,0,0,0,0,1,0,0,0,0,0,2015,57.8,51.4,59,55,0,506
"153",0,0,0,0,0,0,1,0,0,0,0,0,0,0,0,0,0,1,0,2015,64.2,61.9,73,55.9,1,593
"154",0,0,0,0,0,0,1,0,0,0,0,0,0,0,0,0,0,0,1,2015,64.8,53.9,66.9,57,1,706
"155",0,0,0,0,0,0,1,0,0,0,0,0,0,0,0,0,1,0,0,2015,59.1,47.7,66.9,48.9,0,615
"156",0,0,0,0,0,0,1,0,0,0,0,0,1,0,0,0,0,0,0,2015,65.6,58,80.1,48.9,0,732
"157",0,0,0,0,0,0,1,0,0,0,0,0,0,0,1,0,0,0,0,2015,62,56,80.1,55.9,0,505
"158",0,0,0,0,0,0,1,0,0,0,0,0,0,0,0,1,0,0,0,2015,64.9,61.5,71.6,59,1,620
"159",0,0,0,0,0,0,1,0,0,0,0,0,0,1,0,0,0,0,0,2015,67.1,62.7,77,59,1,774
"160",0,0,0,0,0,0,1,0,0,0,0,0,0,0,0,0,0,1,0,2015,65.5,61.1,77,59,1,703
"161",0,0,0,0,0,0,1,0,0,0,0,0,0,0,0,0,0,0,1,2015,70.8,62.5,79,59,1,778
"162",0,0,0,0,0,0,1,0,0,0,0,0,0,0,0,0,1,0,0,2015,68.7,57.9,79,62.1,0,670
"163",0,0,0,0,0,0,1,0,0,0,0,0,1,0,0,0,0,0,0,2015,66,60.5,77,61,0,774
"164",0,0,0,0,0,0,1,0,0,0,0,0,0,0,1,0,0,0,0,2015,61.5,55.4,72,54,1,595
"165",0,0,0,0,0,0,1,0,0,0,0,0,0,0,0,1,0,0,0,2015,64.4,61.6,71.1,54,1,535
"166",0,0,0,0,0,0,1,0,0,0,0,0,0,1,0,0,0,0,0,2015,64.3,59.4,71.1,57,1,662
"167",0,0,0,0,0,0,1,0,0,0,0,0,0,0,0,0,0,1,0,2015,67.1,61.8,73.9,57,0,622
"168",0,0,0,0,0,1,0,0,0,0,0,0,0,0,0,0,0,0,1,2015,65.5,62.2,72,61,1,683
"169",0,0,0,0,0,1,0,0,0,0,0,0,0,0,0,0,1,0,0,2015,68.7,62.5,77,61,0,603
"170",0,0,0,0,0,1,0,0,0,0,0,0,1,0,0,0,0,0,0,2015,68.3,58.3,77,61,1,549
"171",0,0,0,0,0,1,0,0,0,0,0,0,0,0,0,1,0,0,0,2015,65.8,59.5,73.9,55,0,467
"172",0,0,0,0,0,1,0,0,0,0,0,0,0,1,0,0,0,0,0,2015,69.2,64.4,78.1,55,0,598
"173",0,0,0,0,0,1,0,0,0,0,0,0,0,0,0,0,0,1,0,2015,68.1,64.3,78.1,62.1,0,646
"174",0,0,0,0,0,1,0,0,0,0,0,0,0,0,0,0,0,0,1,2015,70.6,67.8,75.9,62.1,1,620
"175",0,0,0,0,0,1,0,0,0,0,0,0,0,0,0,0,1,0,0,2015,69.1,61.2,75.9,66,0,567
"176",0,0,0,0,0,1,0,0,0,0,0,0,1,0,0,0,0,0,0,2015,65.2,60.1,75,60.1,0,709
"177",0,0,0,0,0,1,0,0,0,0,0,0,0,0,1,0,0,0,0,2015,71.8,62.1,81,60.1,0,597
"178",0,0,0,0,0,1,0,0,0,0,0,0,0,0,0,1,0,0,0,2015,71.5,64.6,81,64.9,0,521
"179",0,0,0,0,0,1,0,0,0,0,0,0,0,1,0,0,0,0,0,2015,70.9,64.9,80.1,66,0,668
"180",0,0,0,0,0,1,0,0,0,0,0,0,0,0,0,0,0,1,0,2015,67.4,63,79,62.1,0,657
"181",0,0,0,0,0,1,0,0,0,0,0,0,0,0,0,0,0,0,1,2015,72.3,68.8,82,62.1,1,611
"182",0,0,0,0,0,1,0,0,0,0,0,0,0,0,0,0,1,0,0,2015,67.3,57.3,82,60.1,0,686
"183",0,0,0,0,0,1,0,0,0,0,0,0,1,0,0,0,0,0,0,2015,64.9,57.6,73,54,0,659
"184",0,0,0,0,0,1,0,0,0,0,0,0,0,0,1,0,0,0,0,2015,67.8,60.5,73.9,55,0,561
"185",0,0,0,0,0,1,0,0,0,0,0,0,0,0,0,1,0,0,0,2015,71.4,67.9,77,64,1,545
"186",0,0,0,0,0,1,0,0,0,0,0,0,0,1,0,0,0,0,0,2015,73.4,69.9,81,69.1,1,727
"187",0,0,0,0,0,1,0,0,0,0,0,0,0,0,0,0,0,1,0,2015,72.6,69.7,82,68,1,606
"188",0,0,0,0,0,1,0,0,0,0,0,0,0,0,0,0,0,0,1,2015,73.7,65,82,68,1,618
"189",0,0,0,0,0,1,0,0,0,0,0,0,0,0,0,0,1,0,0,2015,71.9,60.8,80.1,63,0,623
"190",0,0,0,0,0,1,0,0,0,0,0,0,1,0,0,0,0,0,0,2015,71.7,60.3,80.1,62.1,0,490
"191",0,0,0,0,0,1,0,0,0,0,0,0,0,0,1,0,0,0,0,2015,68.5,60.2,80.1,60.1,0,451
"192",0,0,0,0,0,1,0,0,0,0,0,0,0,0,0,1,0,0,0,2015,65.8,61.6,77,60.1,1,551
"193",0,0,0,0,0,1,0,0,0,0,0,0,0,1,0,0,0,0,0,2015,71.1,66.5,75,61,0,626
"194",0,0,0,0,0,1,0,0,0,0,0,0,0,0,0,0,0,1,0,2015,72.4,68.7,80.1,68,1,643
"195",0,0,0,0,0,1,0,0,0,0,0,0,0,0,0,0,0,0,1,2015,76,69.9,86,68,1,629
"196",0,0,0,0,0,1,0,0,0,0,0,0,0,0,0,0,1,0,0,2015,74.2,70.7,86,69.1,0,717
"197",0,0,0,0,0,1,0,0,0,0,0,0,1,0,0,0,0,0,0,2015,76.7,68.5,87.1,71.1,0,753
"198",0,1,0,0,0,0,0,0,0,0,0,0,0,0,1,0,0,0,0,2015,73.4,68.5,87.1,66,1,668
"199",0,1,0,0,0,0,0,0,0,0,0,0,0,0,0,1,0,0,0,2015,75.9,64.8,82.9,66,0,550
"200",0,1,0,0,0,0,0,0,0,0,0,0,0,1,0,0,0,0,0,2015,74,68.2,82.9,69.1,0,705
"201",0,1,0,0,0,0,0,0,0,0,0,0,0,0,0,0,0,1,0,2015,75,71.7,81,70,0,666
"202",0,1,0,0,0,0,0,0,0,0,0,0,0,0,0,0,0,0,1,2015,74.5,68.8,81,68,1,619
"203",0,1,0,0,0,0,0,0,0,0,0,0,0,0,0,0,1,0,0,2015,73.5,59.6,81,66.9,0,630
"204",0,1,0,0,0,0,0,0,0,0,0,0,1,0,0,0,0,0,0,2015,71.2,61.9,79,64,0,726
"205",0,1,0,0,0,0,0,0,0,0,0,0,0,0,1,0,0,0,0,2015,69.7,61.1,78.1,64,0,545
"206",0,1,0,0,0,0,0,0,0,0,0,0,0,0,0,1,0,0,0,2015,67,62.1,77,64,0,489
"207",0,1,0,0,0,0,0,0,0,0,0,0,0,1,0,0,0,0,0,2015,66.9,60.8,73.9,55.9,1,611
"208",0,1,0,0,0,0,0,0,0,0,0,0,0,0,0,0,0,1,0,2015,67.9,64.4,73.9,55.9,0,601
"209",0,1,0,0,0,0,0,0,0,0,0,0,0,0,0,0,0,0,1,2015,71.9,67.4,77,64,1,643
"210",0,1,0,0,0,0,0,0,0,0,0,0,0,0,0,0,1,0,0,2015,71.1,65.8,79,63,1,714
"211",0,1,0,0,0,0,0,0,0,0,0,0,1,0,0,0,0,0,0,2015,70.4,63.5,81,62.1,0,729
"212",0,1,0,0,0,0,0,0,0,0,0,0,0,0,1,0,0,0,0,2015,71.8,67,81,62.1,1,582
"213",0,1,0,0,0,0,0,0,0,0,0,0,0,0,0,1,0,0,0,2015,74.3,68.8,82,70,0,552
"214",0,1,0,0,0,0,0,0,0,0,0,0,0,1,0,0,0,0,0,2015,74.1,70.4,82.9,70,0,592
"215",0,1,0,0,0,0,0,0,0,0,0,0,0,0,0,0,0,1,0,2015,74.5,71,82.9,70,1,623
"216",0,1,0,0,0,0,0,0,0,0,0,0,0,0,0,0,0,0,1,2015,73.9,70.1,81,69.1,1,594
"217",0,1,0,0,0,0,0,0,0,0,0,0,0,0,0,0,1,0,0,2015,73.4,69.4,82,68,1,600
"218",0,1,0,0,0,0,0,0,0,0,0,0,1,0,0,0,0,0,0,2015,73.6,70.2,82,68,1,753
"219",0,1,0,0,0,0,0,0,0,0,0,0,0,0,1,0,0,0,0,2015,73.9,71.1,82,70,1,581
"220",0,1,0,0,0,0,0,0,0,0,0,0,0,0,0,1,0,0,0,2015,73.4,69.9,82,69.1,1,492
"221",0,1,0,0,0,0,0,0,0,0,0,0,0,1,0,0,0,0,0,2015,71.7,69.2,81,68,1,575
"222",0,1,0,0,0,0,0,0,0,0,0,0,0,0,0,0,0,1,0,2015,72.8,68.7,81,66.9,0,595
"223",0,1,0,0,0,0,0,0,0,0,0,0,0,0,0,0,0,0,1,2015,73.8,68.1,81,68,0,606
"224",0,1,0,0,0,0,0,0,0,0,0,0,0,0,0,0,1,0,0,2015,72.3,60.6,81,62.1,0,614
"225",0,1,0,0,0,0,0,0,0,0,0,0,1,0,0,0,0,0,0,2015,71.4,59.5,80.1,62.1,0,609
"226",0,1,0,0,0,0,0,0,0,0,0,0,0,0,1,0,0,0,0,2015,70.3,62.5,80.1,62.1,0,539
"227",0,1,0,0,0,0,0,0,0,0,0,0,0,0,0,1,0,0,0,2015,72.6,66.8,80.1,63,0,563
"228",0,1,0,0,0,0,0,0,0,0,0,0,0,1,0,0,0,0,0,2015,74.8,69.6,82,66.9,0,614
"229",0,0,0,0,0,0,0,0,0,0,0,1,0,0,0,0,0,1,0,2015,74.6,64.7,82,64.9,0,626
"230",0,0,0,0,0,0,0,0,0,0,0,1,0,0,0,0,0,0,1,2015,66,62.6,81,61,1,654
"231",0,0,0,0,0,0,0,0,0,0,0,1,0,0,0,0,1,0,0,2015,74.5,70,81,69.1,0,665
"232",0,0,0,0,0,0,0,0,0,0,0,1,1,0,0,0,0,0,0,2015,70.6,65.2,75,64,1,643
"233",0,0,0,0,0,0,0,0,0,0,0,1,0,0,1,0,0,0,0,2015,66.8,55.9,73,54,0,541
"234",0,0,0,0,0,0,0,0,0,0,0,1,0,0,0,1,0,0,0,2015,66.6,55.9,72,50,0,504
"235",0,0,0,0,0,0,0,0,0,0,0,1,0,1,0,0,0,0,0,2015,73,66.9,79,64,0,485
"236",0,0,0,0,0,0,0,0,0,0,0,1,0,0,0,0,0,1,0,2015,76.4,69.6,81,70,0,795
"237",0,0,0,0,0,0,0,0,0,0,0,1,0,0,0,0,0,0,1,2015,75.8,71,81,71.6,1,740
"238",0,0,0,0,0,0,0,0,0,0,0,1,0,0,0,0,1,0,0,2015,73.8,71.2,77,71.6,1,716
"239",0,0,0,0,0,0,0,0,0,0,0,1,1,0,0,0,0,0,0,2015,68.6,65.6,72,64,0,765
"240",0,0,0,0,0,0,0,0,0,0,0,1,0,0,1,0,0,0,0,2015,67.7,59.2,73,61,0,554
"241",0,0,0,0,0,0,0,0,0,0,0,1,0,0,0,1,0,0,0,2015,68.2,65,73,63,0,478
"242",0,0,0,0,0,0,0,0,0,0,0,1,0,1,0,0,0,0,0,2015,67.6,57.8,70,63,0,579
"243",0,0,0,0,0,0,0,0,0,0,0,1,0,0,0,0,0,1,0,2015,70.8,58.4,79,64,0,579
"244",0,0,0,0,0,0,0,0,0,0,0,1,0,0,0,0,0,0,1,2015,72.8,61.9,81,64,0,748
"245",0,0,0,0,0,0,0,0,0,0,0,1,0,0,0,0,1,0,0,2015,69.3,65.6,75.9,48.9,1,744
"246",0,0,0,0,0,0,0,0,0,0,0,1,1,0,0,0,0,0,0,2015,70.1,66.5,77,48.9,1,760
"247",0,0,0,0,0,0,0,0,0,0,0,1,0,0,1,0,0,0,0,2015,70.4,66.2,77,63,1,655
"248",0,0,0,0,0,0,0,0,0,0,0,1,0,0,0,1,0,0,0,2015,70.7,65.3,80.1,64,1,556
"249",0,0,0,0,0,0,0,0,0,0,0,1,0,1,0,0,0,0,0,2015,63.9,52.9,80.1,61,0,624
"250",0,0,0,0,0,0,0,0,0,0,0,1,0,0,0,0,0,1,0,2015,63.5,55.8,70,60.1,0,571
"251",0,0,0,0,0,0,0,0,0,0,0,1,0,0,0,0,0,0,1,2015,62.4,55.2,70,55,0,501
"252",0,0,0,0,0,0,0,0,0,0,0,1,0,0,0,0,1,0,0,2015,61.5,54.2,73,50,0,619
"253",0,0,0,0,0,0,0,0,0,0,0,1,1,0,0,0,0,0,0,2015,61.2,50.2,73,50,0,585
"254",0,0,0,0,0,0,0,0,0,0,0,1,0,0,1,0,0,0,0,2015,59.4,47.2,70,52,0,557
"255",0,0,0,0,0,0,0,0,0,0,0,1,0,0,0,1,0,0,0,2015,59.4,50.9,70,48,0,493
"256",0,0,0,0,0,0,0,0,0,0,0,1,0,1,0,0,0,0,0,2015,66.8,62,75.9,48,0,586
"257",0,0,0,0,0,0,0,0,0,0,0,1,0,0,0,0,0,1,0,2015,69.3,65.6,75.9,61,0,557
"258",0,0,0,0,0,0,0,0,0,0,0,1,0,0,0,0,0,0,1,2015,70.5,68.3,75,63,0,634
"259",0,0,0,0,0,0,0,0,0,0,1,0,0,0,0,0,1,0,0,2015,59.7,55.3,73.9,57,0,683
"260",0,0,0,0,0,0,0,0,0,0,1,0,1,0,0,0,0,0,0,2015,56,53.3,57.2,55,0,798
"261",0,0,0,0,0,0,0,0,0,0,1,0,0,0,1,0,0,0,0,2015,55.5,50.4,57.9,53.6,0,556
"262",0,0,0,0,0,0,0,0,0,0,1,0,0,0,0,1,0,0,0,2015,56.2,46.7,60.1,53.1,0,536
"263",0,0,0,0,0,0,0,0,0,0,1,0,0,1,0,0,0,0,0,2015,58.6,52.1,64,53.1,0,597
"264",0,0,0,0,0,0,0,0,0,0,1,0,0,0,0,0,0,1,0,2015,59.4,51.7,64.4,51.1,0,631
"265",0,0,0,0,0,0,0,0,0,0,1,0,0,0,0,0,0,0,1,2015,57,50.5,66,48.9,0,668
"266",0,0,0,0,0,0,0,0,0,0,1,0,0,0,0,0,1,0,0,2015,59.8,51.9,66,51.1,0,666
"267",0,0,0,0,0,0,0,0,0,0,1,0,1,0,0,0,0,0,0,2015,58.9,52.7,68,48,0,764
"268",0,0,0,0,0,0,0,0,0,0,1,0,0,0,1,0,0,0,0,2015,59.2,49.2,68,46,0,649
"269",0,0,0,0,0,0,0,0,0,0,1,0,0,0,0,1,0,0,0,2015,56,46.7,64,44.1,0,559
"270",0,0,0,0,0,0,0,0,0,0,1,0,0,1,0,0,0,0,0,2015,60.2,55.1,68,46,0,505
"271",0,0,0,0,0,0,0,0,0,0,1,0,0,0,0,0,0,1,0,2015,64.4,61.2,73.9,50,1,724
"272",0,0,0,0,0,0,0,0,0,0,1,0,0,0,0,0,0,0,1,2015,63.8,57.7,73.9,60.1,0,658
"273",0,0,0,0,0,0,0,0,0,0,1,0,0,0,0,0,1,0,0,2015,57.1,42,68,52,0,683
"274",0,0,0,0,0,0,0,0,0,0,1,0,1,0,0,0,0,0,0,2015,60.1,47.3,66,52,0,676
"275",0,0,0,0,0,0,0,0,0,0,1,0,0,0,1,0,0,0,0,2015,52.7,39.6,66,41,0,565
"276",0,0,0,0,0,0,0,0,0,0,1,0,0,0,0,1,0,0,0,2015,46.1,28,60.1,41,0,551
"277",0,0,0,0,0,0,0,0,0,0,1,0,0,1,0,0,0,0,0,2015,42.8,24.8,48,39.9,0,667
"278",0,0,0,0,0,0,0,0,0,0,1,0,0,0,0,0,0,1,0,2015,58.2,45.6,66,39.9,0,714
"279",0,0,0,0,0,0,0,0,0,0,1,0,0,0,0,0,0,0,1,2015,62.7,52.4,70,52,0,720
"280",0,0,0,0,0,0,0,0,0,0,1,0,0,0,0,0,1,0,0,2015,60.5,55.7,70,52,1,666
"281",0,0,0,0,0,0,0,0,0,0,1,0,1,0,0,0,0,0,0,2015,56.2,43,66.9,48.9,0,742
"282",0,0,0,0,0,0,0,0,0,0,1,0,0,0,1,0,0,0,0,2015,51.5,38.3,63,48,0,519
"283",0,0,0,0,0,0,0,0,0,0,1,0,0,0,0,1,0,0,0,2015,57,51.7,62.1,48.9,0,522
"284",0,0,0,0,0,0,0,0,0,0,1,0,0,1,0,0,0,0,0,2015,52.3,39.8,62.1,41,0,698
"285",0,0,0,0,0,0,0,0,0,0,1,0,0,0,0,0,0,1,0,2015,46.7,36.2,57,36,0,631
"286",0,0,0,0,0,0,0,0,0,0,1,0,0,0,0,0,0,0,1,2015,53.8,46.9,61,36,0,689
"287",0,0,0,0,0,0,0,0,0,0,1,0,0,0,0,0,1,0,0,2015,63.2,60.9,66,46.9,1,767
"288",0,0,0,0,0,0,0,0,0,0,1,0,1,0,0,0,0,0,0,2015,57.4,41.6,66,51.1,0,688
"289",0,0,0,0,0,0,0,0,0,1,0,0,0,1,0,0,0,0,0,2015,58.3,49.4,64.9,50,0,613
"290",0,0,0,0,0,0,0,0,0,1,0,0,0,0,0,0,0,1,0,2015,54.4,50.7,64.9,43,1,655
"291",0,0,0,0,0,0,0,0,0,1,0,0,0,0,0,0,0,0,1,2015,57,49.3,64,43,0,672
"292",0,0,0,0,0,0,0,0,0,1,0,0,0,0,0,0,1,0,0,2015,58.9,55.9,66.9,48.9,1,690
"293",0,0,0,0,0,0,0,0,0,1,0,0,1,0,0,0,0,0,0,2015,62.3,60.4,66.9,52,1,616
"294",0,0,0,0,0,0,0,0,0,1,0,0,0,0,1,0,0,0,0,2015,61.4,54.7,64.9,57,0,500
"295",0,0,0,0,0,0,0,0,0,1,0,0,0,0,0,1,0,0,0,2015,53.2,35.5,64.9,46.9,0,472
"296",0,0,0,0,0,0,0,0,0,1,0,0,0,1,0,0,0,0,0,2015,51.4,37.7,60.1,43,0,615
"297",0,0,0,0,0,0,0,0,0,1,0,0,0,0,0,0,0,1,0,2015,55.8,50.8,61,43,0,757
"298",0,0,0,0,0,0,0,0,0,1,0,0,0,0,0,0,0,0,1,2015,56.1,53.7,61,50,0,530
"299",0,0,0,0,0,0,0,0,0,1,0,0,0,0,0,0,1,0,0,2015,52.5,49,59,51.1,0,637
"300",0,0,0,0,0,0,0,0,0,1,0,0,1,0,0,0,0,0,0,2015,58.3,47.5,61,51.1,0,677
"301",0,0,0,0,0,0,0,0,0,1,0,0,0,0,1,0,0,0,0,2015,49,29,61,43,0,613
"302",0,0,0,0,0,0,0,0,0,1,0,0,0,0,0,1,0,0,0,2015,47.6,32.3,55.9,41,0,500
"303",0,0,0,0,0,0,0,0,0,1,0,0,0,1,0,0,0,0,0,2015,54,41.2,60.1,41,0,618
"304",0,0,0,0,0,0,0,0,0,1,0,0,0,0,0,0,0,1,0,2015,45.3,31.2,60.1,37.9,0,684
"305",0,0,0,0,0,0,0,0,0,1,0,0,0,0,0,0,0,0,1,2015,42.9,33.8,51.1,30.9,0,628
"306",0,0,0,0,0,0,0,0,0,1,0,0,0,0,0,0,1,0,0,2015,50.4,43.6,57,30.9,0,797
"307",0,0,0,0,0,0,0,0,0,1,0,0,1,0,0,0,0,0,0,2015,57,52.8,61,46.9,0,819
"308",0,0,0,0,0,0,0,0,0,1,0,0,0,0,1,0,0,0,0,2015,48.8,34.7,61,39.9,0,597
"309",0,0,0,0,0,0,0,0,0,1,0,0,0,0,0,1,0,0,0,2015,50.1,45.5,57.2,39,0,431
"310",0,0,0,0,0,0,0,0,0,1,0,0,0,1,0,0,0,0,0,2015,45.2,35.2,57,39.9,0,704
"311",0,0,0,0,0,0,0,0,0,1,0,0,0,0,0,0,0,1,0,2015,37.5,17,48,30.9,0,733
"312",0,0,0,0,0,0,0,0,0,1,0,0,0,0,0,0,0,0,1,2015,39.6,26.8,50,28.9,0,717
"313",0,0,0,0,0,0,0,0,0,1,0,0,1,0,0,0,0,0,0,2015,52.6,48.4,59,45,0,480
"314",0,0,0,0,0,0,0,0,0,1,0,0,0,0,1,0,0,0,0,2015,54.5,50.4,62.1,45,0,508
"315",0,0,0,0,0,0,0,0,0,1,0,0,0,0,0,1,0,0,0,2015,46.1,38.8,62.1,39.9,0,453
"316",0,0,0,0,0,0,0,0,0,1,0,0,0,1,0,0,0,0,0,2015,40.5,26.7,48.9,30.9,0,611
"317",0,0,1,0,0,0,0,0,0,0,0,0,0,0,0,0,0,1,0,2015,40.1,32.7,50,30,0,746
"318",0,0,1,0,0,0,0,0,0,0,0,0,0,0,0,0,0,0,1,2015,53.6,51.9,57,48.9,1,655
"319",0,0,1,0,0,0,0,0,0,0,0,0,0,0,0,0,1,0,0,2015,53.5,47.1,57,46.9,1,623
"320",0,0,1,0,0,0,0,0,0,0,0,0,1,0,0,0,0,0,0,2015,45.6,32,57,42.1,0,680
"321",0,0,1,0,0,0,0,0,0,0,0,0,0,0,1,0,0,0,0,2015,45.6,34,52,35.1,0,629
"322",0,0,1,0,0,0,0,0,0,0,0,0,0,0,0,1,0,0,0,2015,45.4,40.9,55,34,1,485
"323",0,0,1,0,0,0,0,0,0,0,0,0,0,1,0,0,0,0,0,2015,50.8,45.5,55.9,34,0,668
"324",0,0,1,0,0,0,0,0,0,0,0,0,0,0,0,0,0,1,0,2015,47.4,42.3,55.9,44.1,0,618
"325",0,0,1,0,0,0,0,0,0,0,0,0,0,0,0,0,0,0,1,2015,43.7,32.9,50,34,0,575
"326",0,0,1,0,0,0,0,0,0,0,0,0,0,0,0,0,1,0,0,2015,51.1,46.4,57,34,0,668
"327",0,0,1,0,0,0,0,0,0,0,0,0,1,0,0,0,0,0,0,2015,52.2,50,57.9,46,1,694
"328",0,0,1,0,0,0,0,0,0,0,0,0,0,0,1,0,0,0,0,2015,55,46.1,62.1,45,0,578
"329",0,0,1,0,0,0,0,0,0,0,0,0,0,0,0,1,0,0,0,2015,53.6,46.9,62.1,45,0,549
"330",0,0,1,0,0,0,0,0,0,0,0,0,0,1,0,0,0,0,0,2015,52.6,48.2,57,50,1,637
"331",0,0,1,0,0,0,0,0,0,0,0,0,0,0,0,0,0,1,0,2015,58,51.5,61,50,1,755
"332",0,0,1,0,0,0,0,0,0,0,0,0,0,0,0,0,0,0,1,2015,46.5,35.5,61,43,0,673
"333",0,0,1,0,0,0,0,0,0,0,0,0,0,0,0,0,1,0,0,2015,48.9,43.7,57,42.1,0,745
"334",0,0,1,0,0,0,0,0,0,0,0,0,1,0,0,0,0,0,0,2015,54.2,52.4,60.1,42.1,1,767
"335",0,0,1,0,0,0,0,0,0,0,0,0,0,0,1,0,0,0,0,2015,42.1,24.9,55.9,39,0,624
"336",0,0,1,0,0,0,0,0,0,0,0,0,0,0,0,1,0,0,0,2015,38.5,19.5,44.1,34,0,500
"337",0,0,1,0,0,0,0,0,0,0,0,0,0,1,0,0,0,0,0,2015,49.5,40.8,55.9,34,0,612
"338",0,0,1,0,0,0,0,0,0,0,0,0,0,0,0,0,0,1,0,2015,54.8,52.1,57.9,45,1,699
"339",0,0,1,0,0,0,0,0,0,0,0,0,0,0,0,0,0,0,1,2015,53.5,51.2,60.1,46,1,805
"340",0,0,1,0,0,0,0,0,0,0,0,0,0,0,0,0,1,0,0,2015,57.7,55.8,61,46,1,603
"341",0,0,1,0,0,0,0,0,0,0,0,0,0,0,0,1,0,0,0,2015,52.9,49,57,46,1,518
"342",0,0,1,0,0,0,0,0,0,0,0,0,0,1,0,0,0,0,0,2015,40.9,30,57,33.1,0,490
"343",0,0,1,0,0,0,0,0,0,0,0,0,0,0,0,0,0,1,0,2015,42.8,35.9,57,33.1,1,533
"344",0,0,1,0,0,0,0,0,0,0,0,0,0,0,0,0,0,0,1,2015,44.8,40.6,57,36,0,501
"345",0,0,1,0,0,0,0,0,0,0,0,0,0,0,0,0,1,0,0,2015,46.5,41.8,48,45,0,527
"346",0,0,0,0,1,0,0,0,0,0,0,0,0,0,0,1,0,0,0,2016,44.4,29.4,52,34,0,432
"347",0,0,0,0,1,0,0,0,0,0,0,0,0,1,0,0,0,0,0,2016,38.2,27.4,52,34,0,601
"348",0,0,0,0,1,0,0,0,0,0,0,0,0,0,0,0,0,1,0,2016,27.7,18.1,43,24.1,0,640
"349",0,0,0,0,1,0,0,0,0,0,0,0,0,0,0,0,0,0,1,2016,33.5,19.3,45,21,0,625
"350",0,0,0,0,1,0,0,0,0,0,0,0,0,0,0,0,1,0,0,2016,40.5,29.9,46.9,24.1,0,542
"351",0,0,0,0,1,0,0,0,0,0,0,0,1,0,0,0,0,0,0,2016,41.3,33.1,48,30.9,0,602
"352",0,0,0,0,1,0,0,0,0,0,0,0,0,0,1,0,0,0,0,2016,45.9,38.6,50,30.9,0,554
"353",0,0,0,0,1,0,0,0,0,0,0,0,0,0,0,1,0,0,0,2016,51.3,49,57.9,44.1,1,462
"354",0,0,0,0,1,0,0,0,0,0,0,0,0,1,0,0,0,0,0,2016,43.2,30.5,57.9,35.1,1,680
"355",0,0,0,0,1,0,0,0,0,0,0,0,0,0,0,0,0,1,0,2016,33,19.1,50,19.9,0,637
"356",0,0,0,0,1,0,0,0,0,0,0,0,0,0,0,0,0,0,1,2016,32.9,18.2,43,19.9,0,605
"357",0,0,0,0,1,0,0,0,0,0,0,0,0,0,0,0,1,0,0,2016,28.9,14.7,37.9,27,0,597
"358",0,0,0,0,1,0,0,0,0,0,0,0,1,0,0,0,0,0,0,2016,36.5,25.6,45,24.1,0,722
"359",0,0,0,0,1,0,0,0,0,0,0,0,0,0,1,0,0,0,0,2016,45.7,42.5,51.1,39.9,0,563
"360",0,0,0,0,1,0,0,0,0,0,0,0,0,0,0,1,0,0,0,2016,40.2,32.3,51.1,36,0,451
"361",0,0,0,0,1,0,0,0,0,0,0,0,0,1,0,0,0,0,0,2016,34.4,24.9,44.1,26.1,0,481
"362",0,0,0,0,1,0,0,0,0,0,0,0,0,0,0,0,0,1,0,2016,25.5,4.8,37.9,21.9,0,662
"363",0,0,0,0,1,0,0,0,0,0,0,0,0,0,0,0,0,0,1,2016,29.4,11.2,37,21.9,0,623
"364",0,0,0,0,1,0,0,0,0,0,0,0,0,0,0,0,1,0,0,2016,30.9,10.8,37,25,0,666
"365",0,0,0,0,1,0,0,0,0,0,0,0,1,0,0,0,0,0,0,2016,28,11.8,35.1,21.9,0,702
"366",0,0,0,0,1,0,0,0,0,0,0,0,0,0,0,1,0,0,0,2016,34.5,27.9,37.9,33.1,0,517
"367",0,0,0,0,1,0,0,0,0,0,0,0,0,1,0,0,0,0,0,2016,33.5,21.2,37.9,30,0,658
"368",0,0,0,0,1,0,0,0,0,0,0,0,0,0,0,0,0,1,0,2016,42.2,36.4,48.2,28.9,0,734
"369",0,0,0,0,1,0,0,0,0,0,0,0,0,0,0,0,0,0,1,2016,43,36.7,48,36,0,670
"370",0,0,0,0,1,0,0,0,0,0,0,0,0,0,0,0,1,0,0,2016,35,24.4,46,23,0,681
"371",0,0,0,0,1,0,0,0,0,0,0,0,1,0,0,0,0,0,0,2016,41.3,36.8,45,23,0,645
"372",0,0,0,0,1,0,0,0,0,0,0,0,0,0,1,0,0,0,0,2016,37.8,27.3,45,34,0,596
"373",0,0,0,0,1,0,0,0,0,0,0,0,0,0,0,1,0,0,0,2016,45,39,50,34,0,532
"374",0,0,0,1,0,0,0,0,0,0,0,0,0,1,0,0,0,0,0,2016,47.6,43.1,52,43,0,716
"375",0,0,0,1,0,0,0,0,0,0,0,0,0,0,0,0,0,1,0,2016,43.2,32.2,52,34,0,711
"376",0,0,0,1,0,0,0,0,0,0,0,0,0,0,0,0,0,0,1,2016,42.6,37.8,51.1,30.9,0,579
"377",0,0,0,1,0,0,0,0,0,0,0,0,0,0,0,0,1,0,0,2016,51.6,49.4,54,35.1,1,609
"378",0,0,0,1,0,0,0,0,0,0,0,0,1,0,0,0,0,0,0,2016,40.8,38.4,54,32,1,607
"379",0,0,0,1,0,0,0,0,0,0,0,0,0,0,1,0,0,0,0,2016,32.3,23.3,45,28,0,553
"380",0,0,0,1,0,0,0,0,0,0,0,0,0,1,0,0,0,0,0,2016,36.4,31.4,44.1,32,1,501
"381",0,0,0,1,0,0,0,0,0,0,0,0,0,0,0,0,0,1,0,2016,33.1,27.8,42.1,30.9,0,571
"382",0,0,0,1,0,0,0,0,0,0,0,0,0,0,0,0,0,0,1,2016,33.5,28,37.9,28,0,537
"383",0,0,0,1,0,0,0,0,0,0,0,0,0,0,0,0,1,0,0,2016,31.5,21.3,37.9,23,0,622
"384",0,0,0,1,0,0,0,0,0,0,0,0,1,0,0,0,0,0,0,2016,19.3,4.2,36,15.1,0,628
"385",0,0,0,1,0,0,0,0,0,0,0,0,0,0,1,0,0,0,0,2016,23.5,11.8,27,12.9,0,480
"386",0,0,0,1,0,0,0,0,0,0,0,0,0,0,0,0,0,1,0,2016,44.5,41.7,50,36,1,615
"387",0,0,0,1,0,0,0,0,0,0,0,0,0,0,0,0,0,0,1,2016,41.5,35.8,50,35.1,1,525
"388",0,0,0,1,0,0,0,0,0,0,0,0,0,0,0,0,1,0,0,2016,36,23.1,44.1,32,0,592
"389",0,0,0,1,0,0,0,0,0,0,0,0,1,0,0,0,0,0,0,2016,34.7,21.7,39.9,32,0,532
"390",0,0,0,1,0,0,0,0,0,0,0,0,0,0,1,0,0,0,0,2016,42.8,36.4,48.9,32,0,555
"391",0,0,0,1,0,0,0,0,0,0,0,0,0,0,0,1,0,0,0,2016,46.8,38.5,54,39,0,481
"392",0,0,0,1,0,0,0,0,0,0,0,0,0,1,0,0,0,0,0,2016,41.8,31.7,54,32,0,615
"393",0,0,0,1,0,0,0,0,0,0,0,0,0,0,0,0,0,1,0,2016,36.5,26.3,45,28.9,0,623
"394",0,0,0,1,0,0,0,0,0,0,0,0,0,0,0,0,0,0,1,2016,46.9,43.7,53.6,41,0,660
"395",0,0,0,1,0,0,0,0,0,0,0,0,0,0,0,0,1,0,0,2016,51,47.1,57.2,45,1,663
"396",0,0,0,1,0,0,0,0,0,0,0,0,1,0,0,0,0,0,0,2016,40.2,23.9,57,35.1,0,476
"397",0,0,0,1,0,0,0,0,0,0,0,0,0,0,0,1,0,0,0,2016,42.8,31.7,48.9,25,0,509
"398",0,0,0,1,0,0,0,0,0,0,0,0,0,1,0,0,0,0,0,2016,47.8,40.9,54,39.9,0,616
"399",0,0,0,0,0,0,0,1,0,0,0,0,0,0,0,0,0,1,0,2016,43.2,29,54,39,0,662
"400",0,0,0,0,0,0,0,1,0,0,0,0,0,0,0,0,0,0,1,2016,45.7,38.8,52,37,0,653
"401",0,0,0,0,0,0,0,1,0,0,0,0,0,0,0,0,1,0,0,2016,29.9,11.8,36,25,0,625
"402",0,0,0,0,0,0,0,1,0,0,0,0,1,0,0,0,0,0,0,2016,33.9,26.2,39,25,0,685
"403",0,0,0,0,0,0,0,1,0,0,0,0,0,0,1,0,0,0,0,2016,34.8,22.6,39,30,0,601
"404",0,0,0,0,0,0,0,1,0,0,0,0,0,0,0,1,0,0,0,2016,33.2,18.7,41,23,0,500
"405",0,0,0,0,0,0,0,1,0,0,0,0,0,1,0,0,0,0,0,2016,36.8,26.1,46,23,0,571
"406",0,0,0,0,0,0,0,1,0,0,0,0,0,0,0,0,0,1,0,2016,44.4,36.5,51.1,26.1,0,632
"407",0,0,0,0,0,0,0,1,0,0,0,0,0,0,0,0,0,0,1,2016,46.4,41.8,55,37.9,0,660
"408",0,0,0,0,0,0,0,1,0,0,0,0,0,0,0,0,1,0,0,2016,49.6,43.8,62.1,41,0,629
"409",0,0,0,0,0,0,0,1,0,0,0,0,1,0,0,0,0,0,0,2016,46.8,42.9,62.1,39.9,1,672
"410",0,0,0,0,0,0,0,1,0,0,0,0,0,0,1,0,0,0,0,2016,41.2,35.4,55,30.9,0,625
"411",0,0,0,0,0,0,0,1,0,0,0,0,0,0,0,1,0,0,0,2016,50.1,35.2,57.9,30.9,0,435
"412",0,0,0,0,0,0,0,1,0,0,0,0,0,1,0,0,0,0,0,2016,43.8,33.8,46,41,0,640
"413",0,0,0,0,0,0,0,1,0,0,0,0,0,0,0,0,0,1,0,2016,48.3,45.7,54,41,1,608
"414",0,0,0,0,0,0,0,1,0,0,0,0,0,0,0,0,0,0,1,2016,45.2,41.9,51.1,43,1,629
"415",0,0,0,0,0,0,0,1,0,0,0,0,0,0,0,0,1,0,0,2016,45.4,42.5,48.9,42.8,0,612
"416",0,0,0,0,0,0,0,1,0,0,0,0,1,0,0,0,0,0,0,2016,47,37,54,39,0,644
"417",0,0,0,0,0,0,0,1,0,0,0,0,0,0,1,0,0,0,0,2016,40,21.4,54,35.1,0,540
"418",0,0,0,0,0,0,0,1,0,0,0,0,0,0,0,1,0,0,0,2016,37.2,22.6,43,32,0,479
"419",0,0,0,0,0,0,0,1,0,0,0,0,0,1,0,0,0,0,0,2016,37.4,32,43,34,0,617
"420",0,0,0,0,0,0,0,1,0,0,0,0,0,0,0,0,0,1,0,2016,40.8,23.9,45,35.1,0,628
"421",0,0,0,0,0,0,0,1,0,0,0,0,0,0,0,0,0,0,1,2016,48.6,40.2,53.1,43,0,621
"422",0,0,0,0,0,0,0,1,0,0,0,0,0,0,0,0,1,0,0,2016,45.1,38.1,54,42.1,0,635
"423",0,0,0,0,0,0,0,1,0,0,0,0,1,0,0,0,0,0,0,2016,50.8,48.5,55.9,42.1,1,546
"424",0,0,0,0,0,0,0,1,0,0,0,0,0,0,1,0,0,0,0,2016,44.8,37.6,55.9,36,1,530
"425",0,0,0,0,0,0,0,1,0,0,0,0,0,0,0,1,0,0,0,2016,40,32.8,46.9,37,0,459
"426",0,0,0,0,0,0,0,1,0,0,0,0,0,1,0,0,0,0,0,2016,45.1,41.4,55,37,1,658
"427",0,0,0,0,0,0,0,1,0,0,0,0,0,0,0,0,0,1,0,2016,48.6,34.9,55,41,1,683
"428",0,0,0,0,0,0,0,1,0,0,0,0,0,0,0,0,0,0,1,2016,43.4,24.8,55,37.9,0,650
"429",0,0,0,0,0,0,0,1,0,0,0,0,0,0,0,0,1,0,0,2016,51,44.6,59,37.9,0,652
"430",1,0,0,0,0,0,0,0,0,0,0,0,1,0,0,0,0,0,0,2016,54.8,52.5,59,46,1,702
"431",1,0,0,0,0,0,0,0,0,0,0,0,0,0,1,0,0,0,0,2016,50.4,47.7,59,46,1,597
"432",1,0,0,0,0,0,0,0,0,0,0,0,0,0,0,1,0,0,0,2016,41.7,32.9,53.1,33.1,0,585
"433",1,0,0,0,0,0,0,0,0,0,0,0,0,1,0,0,0,0,0,2016,36.5,22.1,46.9,30.9,0,683
"434",1,0,0,0,0,0,0,0,0,0,0,0,0,0,0,0,0,1,0,2016,35.1,23.5,45,30.9,0,672
"435",1,0,0,0,0,0,0,0,0,0,0,0,0,0,0,0,0,0,1,2016,37,15.3,44.1,28.9,0,628
"436",1,0,0,0,0,0,0,0,0,0,0,0,0,0,0,0,1,0,0,2016,50.9,44.8,57,32,0,630
"437",1,0,0,0,0,0,0,0,0,0,0,0,1,0,0,0,0,0,0,2016,49.7,43.2,57,44.1,0,696
"438",1,0,0,0,0,0,0,0,0,0,0,0,0,0,1,0,0,0,0,2016,41.8,25.1,53.1,35.1,0,557
"439",1,0,0,0,0,0,0,0,0,0,0,0,0,0,0,1,0,0,0,2016,40.6,23.9,48,35.1,0,499
"440",1,0,0,0,0,0,0,0,0,0,0,0,0,1,0,0,0,0,0,2016,47.8,38.9,55,35.1,0,624
"441",1,0,0,0,0,0,0,0,0,0,0,0,0,0,0,0,0,1,0,2016,52.5,48.6,57.9,44.1,0,638
"442",1,0,0,0,0,0,0,0,0,0,0,0,0,0,0,0,0,0,1,2016,46.7,34.2,57.9,37.9,0,700
"443",1,0,0,0,0,0,0,0,0,0,0,0,0,0,0,0,1,0,0,2016,44,32.4,52,35.1,0,674
"444",1,0,0,0,0,0,0,0,0,0,0,0,1,0,0,0,0,0,0,2016,46.4,28.4,53.1,39.9,0,733
"445",1,0,0,0,0,0,0,0,0,0,0,0,0,0,1,0,0,0,0,2016,44.3,33.2,46.9,42.8,0,679
"446",1,0,0,0,0,0,0,0,0,0,0,0,0,0,0,1,0,0,0,2016,45.8,36.5,52,42.1,0,568
"447",1,0,0,0,0,0,0,0,0,0,0,0,0,1,0,0,0,0,0,2016,49.5,35.9,64,37,0,687
"448",1,0,0,0,0,0,0,0,0,0,0,0,0,0,0,0,0,1,0,2016,46.9,40,64,37.9,0,732
"449",1,0,0,0,0,0,0,0,0,0,0,0,0,0,0,0,0,0,1,2016,47.3,33.8,55,37.9,0,697
"450",1,0,0,0,0,0,0,0,0,0,0,0,0,0,0,0,1,0,0,2016,49.6,39,59,39,0,694
"451",1,0,0,0,0,0,0,0,0,0,0,0,1,0,0,0,0,0,0,2016,55.4,48.4,72,44.1,1,741
"452",1,0,0,0,0,0,0,0,0,0,0,0,0,0,1,0,0,0,0,2016,53.4,49.8,72,50,1,649
"453",1,0,0,0,0,0,0,0,0,0,0,0,0,0,0,1,0,0,0,2016,49.1,31.2,60.1,44.1,0,448
"454",1,0,0,0,0,0,0,0,0,0,0,0,0,1,0,0,0,0,0,2016,48.4,36.3,55,37,0,488
"455",1,0,0,0,0,0,0,0,0,0,0,0,0,0,0,0,0,1,0,2016,46.8,42.8,55,39.9,0,479
"456",1,0,0,0,0,0,0,0,0,0,0,0,0,0,0,0,0,0,1,2016,45,36.9,51.1,41,0,510
"457",1,0,0,0,0,0,0,0,0,0,0,0,0,0,0,0,1,0,0,2016,47.7,34.1,54,41,0,489
"458",1,0,0,0,0,0,0,0,0,0,0,0,1,0,0,0,0,0,0,2016,46.1,33.9,54,42.1,0,517
"459",1,0,0,0,0,0,0,0,0,0,0,0,0,0,1,0,0,0,0,2016,47.3,33.1,54,37,0,581
"460",0,0,0,0,0,0,0,0,1,0,0,0,0,0,0,1,0,0,0,2016,45.2,36.3,55,37,0,484
"461",0,0,0,0,0,0,0,0,1,0,0,0,0,1,0,0,0,0,0,2016,51.3,48,55.9,37,1,589
"462",0,0,0,0,0,0,0,0,1,0,0,0,0,0,0,0,0,1,0,2016,48.2,45,54,46.4,0,711
"463",0,0,0,0,0,0,0,0,1,0,0,0,0,0,0,0,0,0,1,2016,47.3,43.5,50,45,0,653
"464",0,0,0,0,0,0,0,0,1,0,0,0,0,0,0,0,1,0,0,2016,45.5,43.9,50,45,0,626
"465",0,0,0,0,0,0,0,0,1,0,0,0,1,0,0,0,0,0,0,2016,48.5,43.5,53.1,44.1,0,728
"466",0,0,0,0,0,0,0,0,1,0,0,0,0,0,1,0,0,0,0,2016,52.5,48.8,66,44.1,1,571
"467",0,0,0,0,0,0,0,0,1,0,0,0,0,0,0,1,0,0,0,2016,48.5,46.1,66,45,1,591
"468",0,0,0,0,0,0,0,0,1,0,0,0,0,1,0,0,0,0,0,2016,54,40.6,61,45,0,646
"469",0,0,0,0,0,0,0,0,1,0,0,0,0,0,0,0,0,1,0,2016,51.9,38.2,61,39.9,0,608
"470",0,0,0,0,0,0,0,0,1,0,0,0,0,0,0,0,0,0,1,2016,55.6,42.2,66,39.9,0,699
"471",0,0,0,0,0,0,0,0,1,0,0,0,0,0,0,0,1,0,0,2016,55.2,45.5,68,42.1,0,744
"472",0,0,0,0,0,0,0,0,1,0,0,0,1,0,0,0,0,0,0,2016,55.5,51.7,68,42.1,1,766
"473",0,0,0,0,0,0,0,0,1,0,0,0,0,0,1,0,0,0,0,2016,59.4,54,70,45,1,589
"474",0,0,0,0,0,0,0,0,1,0,0,0,0,0,0,1,0,0,0,2016,55.7,46.4,70,52,0,510
"475",0,0,0,0,0,0,0,0,1,0,0,0,0,1,0,0,0,0,0,2016,50.8,31.4,60.1,46,0,742
"476",0,0,0,0,0,0,0,0,1,0,0,0,0,0,0,0,0,1,0,2016,55,44.5,63,46,0,624
"477",0,0,0,0,0,0,0,0,1,0,0,0,0,0,0,0,0,0,1,2016,55.5,45.2,63,48,0,676
"478",0,0,0,0,0,0,0,0,1,0,0,0,0,0,0,0,1,0,0,2016,53.9,44.5,63,45,0,694
"479",0,0,0,0,0,0,0,0,1,0,0,0,1,0,0,0,0,0,0,2016,56.4,47.9,70,46,0,782
"480",0,0,0,0,0,0,0,0,1,0,0,0,0,0,1,0,0,0,0,2016,55.7,48.8,70,46,0,568
"481",0,0,0,0,0,0,0,0,1,0,0,0,0,0,0,1,0,0,0,2016,56.3,52.2,62.1,46.9,0,571
"482",0,0,0,0,0,0,0,0,1,0,0,0,0,1,0,0,0,0,0,2016,59.4,50.3,72,52,0,652
"483",0,0,0,0,0,0,0,0,1,0,0,0,0,0,0,0,0,1,0,2016,54.6,52,72,51.1,1,695
"484",0,0,0,0,0,0,0,0,1,0,0,0,0,0,0,0,0,0,1,2016,57.9,53.4,64,51.1,0,733
"485",0,0,0,0,0,0,0,0,1,0,0,0,0,0,0,0,1,0,0,2016,65.7,53.9,78.1,54,0,742
"486",0,0,0,0,0,0,0,0,1,0,0,0,1,0,0,0,0,0,0,2016,60,55.8,78.1,55.9,1,767
"487",0,0,0,0,0,0,0,0,1,0,0,0,0,0,1,0,0,0,0,2016,62.5,57.3,68,55.9,0,627
"488",0,0,0,0,0,0,0,0,1,0,0,0,0,0,0,1,0,0,0,2016,64.6,58.2,75,59,0,566
"489",0,0,0,0,0,0,0,0,1,0,0,0,0,1,0,0,0,0,0,2016,62.4,60.5,75,59,1,471
"490",0,0,0,0,0,0,0,0,1,0,0,0,0,0,0,0,0,1,0,2016,62.8,60.6,70,60.1,1,760
"491",0,0,0,0,0,0,1,0,0,0,0,0,0,0,0,0,0,0,1,2016,64,56.4,73,57,1,772
"492",0,0,0,0,0,0,1,0,0,0,0,0,0,0,0,0,1,0,0,2016,55.7,53.5,73,52,1,683
"493",0,0,0,0,0,0,1,0,0,0,0,0,1,0,0,0,0,0,0,2016,58.4,55.9,64.4,55,0,710
"494",0,0,0,0,0,0,1,0,0,0,0,0,0,0,1,0,0,0,0,2016,60.2,58,73.9,54,1,635
"495",0,0,0,0,0,0,1,0,0,0,0,0,0,0,0,1,0,0,0,2016,58.4,56.9,73.9,54,1,466
"496",0,0,0,0,0,0,1,0,0,0,0,0,0,1,0,0,0,0,0,2016,62.9,61.1,69.1,55,1,758
"497",0,0,0,0,0,0,1,0,0,0,0,0,0,0,0,0,0,1,0,2016,61.2,59.8,69.1,59,1,709
"498",0,0,0,0,0,0,1,0,0,0,0,0,0,0,0,0,0,0,1,2016,61.7,55.2,66.9,57.9,1,763
"499",0,0,0,0,0,0,1,0,0,0,0,0,0,0,0,0,1,0,0,2016,59.9,46.7,68,54,0,686
"500",0,0,0,0,0,0,1,0,0,0,0,0,1,0,0,0,0,0,0,2016,59.2,45.1,68,53.1,0,818
"501",0,0,0,0,0,0,1,0,0,0,0,0,0,0,1,0,0,0,0,2016,58.1,53.3,64,53.1,0,584
"502",0,0,0,0,0,0,1,0,0,0,0,0,0,0,0,1,0,0,0,2016,66,56,81,55,0,587
"503",0,0,0,0,0,0,1,0,0,0,0,0,0,1,0,0,0,0,0,2016,61.5,47.2,81,54,0,646
"504",0,0,0,0,0,0,1,0,0,0,0,0,0,0,0,0,0,1,0,2016,62.2,50,72,54,0,717
"505",0,0,0,0,0,0,1,0,0,0,0,0,0,0,0,0,0,0,1,2016,63.7,55,73.9,55,0,739
"506",0,0,0,0,0,0,1,0,0,0,0,0,0,0,0,0,1,0,0,2016,65.2,56.3,73.9,55,0,689
"507",0,0,0,0,0,0,1,0,0,0,0,0,1,0,0,0,0,0,0,2016,63,51.5,73,55.9,0,748
"508",0,0,0,0,0,0,1,0,0,0,0,0,0,0,1,0,0,0,0,2016,62.6,53.5,73,53.1,0,700
"509",0,0,0,0,0,0,1,0,0,0,0,0,0,0,0,1,0,0,0,2016,59.9,51.5,73,53.1,0,559
"510",0,0,0,0,0,0,1,0,0,0,0,0,0,1,0,0,0,0,0,2016,61.4,55.9,66.9,54,0,745
"511",0,0,0,0,0,0,1,0,0,0,0,0,0,0,0,0,0,1,0,2016,63.6,59.9,69.1,57,0,681
"512",0,0,0,0,0,0,1,0,0,0,0,0,0,0,0,0,0,0,1,2016,65.6,60.2,71.1,55.9,0,751
"513",0,0,0,0,0,0,1,0,0,0,0,0,0,0,0,0,1,0,0,2016,63,59.4,71.1,55.9,1,643
"514",0,0,0,0,0,0,1,0,0,0,0,0,1,0,0,0,0,0,0,2016,65.3,56.6,75,57,0,811
"515",0,0,0,0,0,0,1,0,0,0,0,0,0,0,1,0,0,0,0,2016,62.1,52.1,75,53.1,0,688
"516",0,0,0,0,0,0,1,0,0,0,0,0,0,0,0,1,0,0,0,2016,60.8,49.4,71.1,50,0,582
"517",0,0,0,0,0,0,1,0,0,0,0,0,0,1,0,0,0,0,0,2016,64.3,58.3,71.1,50,0,718
"518",0,0,0,0,0,0,1,0,0,0,0,0,0,0,0,0,0,1,0,2016,66.1,64,71.1,60.1,1,675
"519",0,0,0,0,0,0,1,0,0,0,0,0,0,0,0,0,0,0,1,2016,67.2,64.8,72,64,1,687
"520",0,0,0,0,0,0,1,0,0,0,0,0,0,0,0,0,1,0,0,2016,68.9,63.6,77,63,1,761
"521",0,0,0,0,0,1,0,0,0,0,0,0,1,0,0,0,0,0,0,2016,66.9,63.6,77,61,1,752
"522",0,0,0,0,0,1,0,0,0,0,0,0,0,0,1,0,0,0,0,2016,69.4,62.8,75.9,61,1,570
"523",0,0,0,0,0,1,0,0,0,0,0,0,0,0,0,1,0,0,0,2016,67.2,58,75.9,55.9,0,448
"524",0,0,0,0,0,1,0,0,0,0,0,0,0,1,0,0,0,0,0,2016,68.4,62.6,75.9,55.9,0,488
"525",0,0,0,0,0,1,0,0,0,0,0,0,0,0,0,0,0,1,0,2016,67.1,65.3,75.9,64,1,663
"526",0,0,0,0,0,1,0,0,0,0,0,0,0,0,0,0,0,0,1,2016,71.8,65.3,81,64,1,680
"527",0,0,0,0,0,1,0,0,0,0,0,0,0,0,0,0,1,0,0,2016,68.7,66.7,81,64,1,603
"528",0,0,0,0,0,1,0,0,0,0,0,0,1,0,0,0,0,0,0,2016,65.7,64.2,70,60.8,1,612
"529",0,0,0,0,0,1,0,0,0,0,0,0,0,0,1,0,0,0,0,2016,61.7,58.6,70,59,0,498
"530",0,0,0,0,0,1,0,0,0,0,0,0,0,0,0,1,0,0,0,2016,63,60.1,70,59,1,508
"531",0,0,0,0,0,1,0,0,0,0,0,0,0,1,0,0,0,0,0,2016,63.1,58.4,70,55,0,618
"532",0,0,0,0,0,1,0,0,0,0,0,0,0,0,0,0,0,1,0,2016,66.7,61.2,78.1,55,0,662
"533",0,0,0,0,0,1,0,0,0,0,0,0,0,0,0,0,0,0,1,2016,67.2,63.3,78.1,57.9,0,607
"534",0,0,0,0,0,1,0,0,0,0,0,0,0,0,0,0,1,0,0,2016,69.1,65.9,75,64,0,741
"535",0,0,0,0,0,1,0,0,0,0,0,0,1,0,0,0,0,0,0,2016,70.7,67.9,75,66,1,798
"536",0,0,0,0,0,1,0,0,0,0,0,0,0,0,1,0,0,0,0,2016,73.5,67.3,84.9,66.9,0,623
"537",0,0,0,0,0,1,0,0,0,0,0,0,0,0,0,1,0,0,0,2016,70.6,68.7,84.9,66.9,1,574
"538",0,0,0,0,0,1,0,0,0,0,0,0,0,1,0,0,0,0,0,2016,71.1,69,75.9,66,1,725
"539",0,0,0,0,0,1,0,0,0,0,0,0,0,0,0,0,0,1,0,2016,73.8,65.7,81,66.9,0,699
"540",0,0,0,0,0,1,0,0,0,0,0,0,0,0,0,0,0,0,1,2016,68.3,55.6,81,60.1,0,698
"541",0,0,0,0,0,1,0,0,0,0,0,0,0,0,0,0,1,0,0,2016,70.4,63.4,80.1,60.1,0,731
"542",0,0,0,0,0,1,0,0,0,0,0,0,1,0,0,0,0,0,0,2016,72.4,68.4,80.1,61,0,769
"543",0,0,0,0,0,1,0,0,0,0,0,0,0,0,1,0,0,0,0,2016,74.3,68.6,82,68,0,650
"544",0,0,0,0,0,1,0,0,0,0,0,0,0,0,0,1,0,0,0,2016,73.2,63.2,82,64.9,0,566
"545",0,0,0,0,0,1,0,0,0,0,0,0,0,1,0,0,0,0,0,2016,71.5,68.8,80.1,64.9,0,698
"546",0,0,0,0,0,1,0,0,0,0,0,0,0,0,0,0,0,1,0,2016,75.3,69.3,82,68,0,688
"547",0,0,0,0,0,1,0,0,0,0,0,0,0,0,0,0,0,0,1,2016,75.4,66.3,82,70,0,690
"548",0,0,0,0,0,1,0,0,0,0,0,0,0,0,0,0,1,0,0,2016,72.2,69,81,68,0,709
"549",0,0,0,0,0,1,0,0,0,0,0,0,1,0,0,0,0,0,0,2016,70.8,68.3,78.1,66.9,1,774
"550",0,0,0,0,0,1,0,0,0,0,0,0,0,0,1,0,0,0,0,2016,70.8,66.9,78.1,64.9,0,599
"551",0,0,0,0,0,1,0,0,0,0,0,0,0,0,0,1,0,0,0,2016,67.5,64.8,72,64.4,1,529
"552",0,1,0,0,0,0,0,0,0,0,0,0,0,1,0,0,0,0,0,2016,68.2,62.4,75,64,0,569
"553",0,1,0,0,0,0,0,0,0,0,0,0,0,0,0,0,0,1,0,2016,66.9,61.9,75,61,0,602
"554",0,1,0,0,0,0,0,0,0,0,0,0,0,0,0,0,0,0,1,2016,67.4,60,73.9,61,0,687
"555",0,1,0,0,0,0,0,0,0,0,0,0,0,0,0,0,1,0,0,2016,64.2,57.8,73.9,55.9,0,715
"556",0,1,0,0,0,0,0,0,0,0,0,0,1,0,0,0,0,0,0,2016,65.3,60.4,73.9,55,1,700
"557",0,1,0,0,0,0,0,0,0,0,0,0,0,0,1,0,0,0,0,2016,71.3,67.5,75.9,55,0,578
"558",0,1,0,0,0,0,0,0,0,0,0,0,0,0,0,1,0,0,0,2016,74.2,65,82,66.9,1,540
"559",0,1,0,0,0,0,0,0,0,0,0,0,0,1,0,0,0,0,0,2016,71.3,61.3,82,62.1,0,632
"560",0,1,0,0,0,0,0,0,0,0,0,0,0,0,0,0,0,1,0,2016,71.5,64.7,80.1,62.1,0,650
"561",0,1,0,0,0,0,0,0,0,0,0,0,0,0,0,0,0,0,1,2016,70.6,67.2,80.1,64,0,618
"562",0,1,0,0,0,0,0,0,0,0,0,0,0,0,0,0,1,0,0,2016,73.6,71.8,79,66.9,1,672
"563",0,1,0,0,0,0,0,0,0,0,0,0,1,0,0,0,0,0,0,2016,74.3,72.2,79,71.1,1,729
"564",0,1,0,0,0,0,0,0,0,0,0,0,0,0,1,0,0,0,0,2016,75.9,73.3,82.9,71.1,1,614
"565",0,1,0,0,0,0,0,0,0,0,0,0,0,0,0,1,0,0,0,2016,75.3,73.3,80.1,69.8,1,521
"566",0,1,0,0,0,0,0,0,0,0,0,0,0,1,0,0,0,0,0,2016,77.5,69.4,84,70,0,643
"567",0,1,0,0,0,0,0,0,0,0,0,0,0,0,0,0,0,1,0,2016,73.1,69,84,66.9,0,644
"568",0,1,0,0,0,0,0,0,0,0,0,0,0,0,0,0,0,0,1,2016,76.5,70,82,70,0,658
"569",0,1,0,0,0,0,0,0,0,0,0,0,0,0,0,0,1,0,0,2016,71.5,65.7,82,64.9,0,635
"570",0,1,0,0,0,0,0,0,0,0,0,0,1,0,0,0,0,0,0,2016,74.4,65.7,81,64.9,0,707
"571",0,1,0,0,0,0,0,0,0,0,0,0,0,0,1,0,0,0,0,2016,69.1,62.1,81,63,0,579
"572",0,1,0,0,0,0,0,0,0,0,0,0,0,0,0,1,0,0,0,2016,68.3,63.6,75.9,63,0,512
"573",0,1,0,0,0,0,0,0,0,0,0,0,0,1,0,0,0,0,0,2016,73.8,66.7,81,63,1,669
"574",0,1,0,0,0,0,0,0,0,0,0,0,0,0,0,0,0,1,0,2016,69,52.6,81,64,0,637
"575",0,1,0,0,0,0,0,0,0,0,0,0,0,0,0,0,0,0,1,2016,70.1,63.3,77,63,0,635
"576",0,1,0,0,0,0,0,0,0,0,0,0,0,0,0,0,1,0,0,2016,71.7,66.5,77,63,0,659
"577",0,1,0,0,0,0,0,0,0,0,0,0,1,0,0,0,0,0,0,2016,73.4,70,79,68,0,756
"578",0,1,0,0,0,0,0,0,0,0,0,0,0,0,1,0,0,0,0,2016,74.4,64.2,81,66.9,1,624
"579",0,1,0,0,0,0,0,0,0,0,0,0,0,0,0,1,0,0,0,2016,67.7,61.7,81,57.9,1,559
"580",0,1,0,0,0,0,0,0,0,0,0,0,0,1,0,0,0,0,0,2016,72.5,66.3,82.9,57.9,0,673
"581",0,1,0,0,0,0,0,0,0,0,0,0,0,0,0,0,0,1,0,2016,67.7,59.2,82.9,59,0,622
"582",0,1,0,0,0,0,0,0,0,0,0,0,0,0,0,0,0,0,1,2016,70.4,65.7,75.9,59,0,661
"583",0,0,0,0,0,0,0,0,0,0,0,1,0,0,0,0,1,0,0,2016,71.5,67,77,66.9,0,675
"584",0,0,0,0,0,0,0,0,0,0,0,1,1,0,0,0,0,0,0,2016,69.2,63.2,77,62.1,0,697
"585",0,0,0,0,0,0,0,0,0,0,0,1,0,0,1,0,0,0,0,2016,63.2,57.5,75,55.9,0,498
"586",0,0,0,0,0,0,0,0,0,0,0,1,0,0,0,1,0,0,0,2016,65.3,57.4,73,55.9,0,466
"587",0,0,0,0,0,0,0,0,0,0,0,1,0,0,0,0,0,1,0,2016,69.9,65.8,75.9,62.1,0,626
"588",0,0,0,0,0,0,0,0,0,0,0,1,0,0,0,0,0,0,1,2016,70.3,66.8,77,64.9,0,648
"589",0,0,0,0,0,0,0,0,0,0,0,1,0,0,0,0,1,0,0,2016,68.5,66.8,77,66,1,717
"590",0,0,0,0,0,0,0,0,0,0,0,1,1,0,0,0,0,0,0,2016,71.4,68.3,79,66,1,715
"591",0,0,0,0,0,0,0,0,0,0,0,1,0,0,1,0,0,0,0,2016,71.9,67,79,68,1,598
"592",0,0,0,0,0,0,0,0,0,0,0,1,0,0,0,1,0,0,0,2016,71.3,67.8,78.1,64.9,1,538
"593",0,0,0,0,0,0,0,0,0,0,0,1,0,1,0,0,0,0,0,2016,65.1,52.1,78.1,55.9,0,648
"594",0,0,0,0,0,0,0,0,0,0,0,1,0,0,0,0,0,1,0,2016,64.1,55.9,71.1,55.9,0,779
"595",0,0,0,0,0,0,0,0,0,0,0,1,0,0,0,0,0,0,1,2016,68.4,61.8,73.9,57.9,0,779
"596",0,0,0,0,0,0,0,0,0,0,0,1,0,0,0,0,1,0,0,2016,64.5,53.4,73.9,53.1,0,757
"597",0,0,0,0,0,0,0,0,0,0,0,1,1,0,0,0,0,0,0,2016,57.7,47.7,66.9,48,0,780
"598",0,0,0,0,0,0,0,0,0,0,0,1,0,0,1,0,0,0,0,2016,62.6,57.6,73,48,0,646
"599",0,0,0,0,0,0,0,0,0,0,0,1,0,0,0,1,0,0,0,2016,70.6,67.3,75,66.9,0,535
"600",0,0,0,0,0,0,0,0,0,0,0,1,0,1,0,0,0,0,0,2016,71,68.8,75,68,0,680
"601",0,0,0,0,0,0,0,0,0,0,0,1,0,0,0,0,0,1,0,2016,71.1,69.3,75,66,0,619
"602",0,0,0,0,0,0,0,0,0,0,0,1,0,0,0,0,0,0,1,2016,70,64.4,77,62.1,1,621
"603",0,0,0,0,0,0,0,0,0,0,0,1,0,0,0,0,1,0,0,2016,67.2,57.8,79,57.9,0,660
"604",0,0,0,0,0,0,0,0,0,0,0,1,1,0,0,0,0,0,0,2016,66.3,62.1,79,55.9,1,812
"605",0,0,0,0,0,0,0,0,0,0,0,1,0,0,1,0,0,0,0,2016,60.7,49.5,75.9,50,0,612
"606",0,0,0,0,0,0,0,0,0,0,0,1,0,0,0,1,0,0,0,2016,57.6,39.4,66,48,0,572
"607",0,0,0,0,0,0,0,0,0,0,0,1,0,1,0,0,0,0,0,2016,55.2,41.1,64.9,44.1,0,623
"608",0,0,0,0,0,0,0,0,0,0,0,1,0,0,0,0,0,1,0,2016,65.4,59.8,66.9,60.1,0,659
"609",0,0,0,0,0,0,0,0,0,0,0,1,0,0,0,0,0,0,1,2016,63.1,60.7,66.2,60.1,0,637
"610",0,0,0,0,0,0,0,0,0,0,0,1,0,0,0,0,1,0,0,2016,60,54.9,64.9,57.9,0,624
"611",0,0,0,0,0,0,0,0,0,0,1,0,0,0,1,0,0,0,0,2016,62,60.2,64.9,59,1,581
"612",0,0,0,0,0,0,0,0,0,0,1,0,0,0,0,1,0,0,0,2016,61.3,59.2,64.9,59,1,486
"613",0,0,0,0,0,0,0,0,0,0,1,0,0,1,0,0,0,0,0,2016,60.5,56.1,66,57,0,490
"614",0,0,0,0,0,0,0,0,0,0,1,0,0,0,0,0,0,1,0,2016,60.5,54.2,66,55.9,0,523
"615",0,0,0,0,0,0,0,0,0,0,1,0,0,0,0,0,0,0,1,2016,58.7,53.2,62.1,55.4,0,695
"616",0,0,0,0,0,0,0,0,0,0,1,0,0,0,0,0,1,0,0,2016,57.3,50.9,66,48.9,0,764
"617",0,0,0,0,0,0,0,0,0,0,1,0,1,0,0,0,0,0,0,2016,55.6,49.7,70,44.1,1,754
"618",0,0,0,0,0,0,0,0,0,0,1,0,0,0,1,0,0,0,0,2016,58.7,55.5,70,44.1,1,633
"619",0,0,0,0,0,0,0,0,0,0,1,0,0,0,0,1,0,0,0,2016,62.2,59.7,69.1,46.9,0,480
"620",0,0,0,0,0,0,0,0,0,0,1,0,0,1,0,0,0,0,0,2016,54.1,43.8,57,51.8,0,539
"621",0,0,0,0,0,0,0,0,0,0,1,0,0,0,0,0,0,1,0,2016,54.3,42.2,60.1,46.9,0,739
"622",0,0,0,0,0,0,0,0,0,0,1,0,0,0,0,0,0,0,1,2016,52.8,46.7,63,42.1,0,498
"623",0,0,0,0,0,0,0,0,0,0,1,0,0,0,0,0,1,0,0,2016,59.6,56.6,66.9,42.1,0,757
"624",0,0,0,0,0,0,0,0,0,0,1,0,1,0,0,0,0,0,0,2016,55.9,45.7,66.9,48,0,767
"625",0,0,0,0,0,0,0,0,0,0,1,0,0,0,1,0,0,0,0,2016,50.5,38.8,60.1,41,0,641
"626",0,0,0,0,0,0,0,0,0,0,1,0,0,0,0,1,0,0,0,2016,55.2,47.6,66,39.9,0,503
"627",0,0,0,0,0,0,0,0,0,0,1,0,0,1,0,0,0,0,0,2016,64.5,59,72,60.1,0,585
"628",0,0,0,0,0,0,0,0,0,0,1,0,0,0,0,0,0,1,0,2016,63.8,61.6,73.9,59,1,590
"629",0,0,0,0,0,0,0,0,0,0,1,0,0,0,0,0,0,0,1,2016,65.6,62.5,71.1,59,0,676
"630",0,0,0,0,0,0,0,0,0,0,1,0,0,0,0,0,1,0,0,2016,60.4,54.3,71.1,52,1,662
"631",0,0,0,0,0,0,0,0,0,0,1,0,0,0,1,0,0,0,0,2016,61.3,58.9,70,50,1,629
"632",0,0,0,0,0,0,0,0,0,0,1,0,0,0,0,1,0,0,0,2016,53.7,35.4,64,50,0,534
"633",0,0,0,0,0,0,0,0,0,0,1,0,0,1,0,0,0,0,0,2016,57.5,41.6,61,50,0,573
"634",0,0,0,0,0,0,0,0,0,0,1,0,0,0,0,0,0,1,0,2016,49.1,29.5,61,45,0,566
"635",0,0,0,0,0,0,0,0,0,0,1,0,0,0,0,0,0,0,1,2016,44.7,28.1,53.1,41,0,706
"636",0,0,0,0,0,0,0,0,0,0,1,0,1,0,0,0,0,0,0,2016,51.8,46.3,59,39.9,0,798
"637",0,0,0,0,0,0,0,0,0,0,1,0,0,0,1,0,0,0,0,2016,51,44.8,59,46,0,614
"638",0,0,0,0,0,0,0,0,0,0,1,0,0,0,0,1,0,0,0,2016,61.1,52.4,69.1,46.9,0,557
"639",0,0,0,0,0,0,0,0,0,0,1,0,0,1,0,0,0,0,0,2016,48.3,41.9,52,42.1,0,655
"640",0,0,0,0,0,0,0,0,0,1,0,0,0,0,0,0,0,1,0,2016,46.2,37.1,53.1,34,0,732
"641",0,0,0,0,0,0,0,0,0,1,0,0,0,0,0,0,0,0,1,2016,55.9,49.9,63,34,0,665
"642",0,0,0,0,0,0,0,0,0,1,0,0,0,0,0,0,1,0,0,2016,58.8,56.2,63,51.1,1,689
"643",0,0,0,0,0,0,0,0,0,1,0,0,1,0,0,0,0,0,0,2016,53.6,44.3,63,48.9,0,777
"644",0,0,0,0,0,0,0,0,0,1,0,0,0,0,1,0,0,0,0,2016,47.8,33.6,55.9,36,0,626
"645",0,0,0,0,0,0,0,0,0,1,0,0,0,0,0,1,0,0,0,2016,49.9,42.3,55.9,36,0,532
"646",0,0,0,0,0,0,0,0,0,1,0,0,0,1,0,0,0,0,0,2016,47.4,36.7,54,43,0,699
"647",0,0,0,0,0,0,0,0,0,1,0,0,0,0,0,0,0,1,0,2016,47.2,38.2,57,39,0,620
"648",0,0,0,0,0,0,0,0,0,1,0,0,0,0,0,0,0,0,1,2016,51.6,46.1,61,39,1,541
"649",0,0,0,0,0,0,0,0,0,1,0,0,0,0,0,0,1,0,0,2016,49.4,40.5,61,44.1,0,706
"650",0,0,0,0,0,0,0,0,0,1,0,0,1,0,0,0,0,0,0,2016,54.9,41,63,46.9,0,665
"651",0,0,0,0,0,0,0,0,0,1,0,0,0,0,1,0,0,0,0,2016,42.1,25.4,46,39,0,603
"652",0,0,0,0,0,0,0,0,0,1,0,0,0,0,0,1,0,0,0,2016,51.3,36.2,57,37.9,0,518
"653",0,0,0,0,0,0,0,0,0,1,0,0,0,1,0,0,0,0,0,2016,54.4,44.6,62.1,46.9,0,668
"654",0,0,0,0,0,0,0,0,0,1,0,0,0,0,0,0,0,1,0,2016,54.8,50.1,62.1,46.9,0,741
"655",0,0,0,0,0,0,0,0,0,1,0,0,0,0,0,0,0,0,1,2016,54.4,49.5,59,51.1,0,705
"656",0,0,0,0,0,0,0,0,0,1,0,0,0,0,0,0,1,0,0,2016,48.6,43,57,41,0,707
"657",0,0,0,0,0,0,0,0,0,1,0,0,1,0,0,0,0,0,0,2016,50.9,44.1,55,41,0,776
"658",0,0,0,0,0,0,0,0,0,1,0,0,0,0,1,0,0,0,0,2016,50.1,47.2,54,48,0,692
"659",0,0,0,0,0,0,0,0,0,1,0,0,0,0,0,1,0,0,0,2016,47,42.3,50,41,1,529
"660",0,0,0,0,0,0,0,0,0,1,0,0,0,1,0,0,0,0,0,2016,38.8,23.3,51.1,37,0,684
"661",0,0,0,0,0,0,0,0,0,1,0,0,0,0,0,0,0,1,0,2016,37.7,21.4,43,34,0,765
"662",0,0,0,0,0,0,0,0,0,1,0,0,0,0,0,0,0,0,1,2016,37.1,23.3,44.1,30.9,0,807
"663",0,0,0,0,0,0,0,0,0,1,0,0,0,0,0,0,1,0,0,2016,42.2,34.3,48.9,30,0,428
"664",0,0,0,0,0,0,0,0,0,1,0,0,1,0,0,0,0,0,0,2016,48.6,43.1,51.1,34,0,455
"665",0,0,0,0,0,0,0,0,0,1,0,0,0,0,1,0,0,0,0,2016,47,45,48.9,41,1,463
"666",0,0,0,0,0,0,0,0,0,1,0,0,0,0,0,1,0,0,0,2016,43.4,34.6,48.9,39.9,0,466
"667",0,0,0,0,0,0,0,0,0,1,0,0,0,1,0,0,0,0,0,2016,39.5,26.7,46.9,33.1,0,647
"668",0,0,0,0,0,0,0,0,0,1,0,0,0,0,0,0,0,1,0,2016,43.8,38.5,53.6,33.1,0,752
"669",0,0,0,0,0,0,0,0,0,1,0,0,0,0,0,0,0,0,1,2016,52.9,51.3,57.2,48.2,1,730
"670",0,0,1,0,0,0,0,0,0,0,0,0,0,0,0,0,1,0,0,2016,53.4,49.7,57,48.9,1,734
"671",0,0,1,0,0,0,0,0,0,0,0,0,1,0,0,0,0,0,0,2016,46.4,32.8,57,43,0,690
"672",0,0,1,0,0,0,0,0,0,0,0,0,0,0,1,0,0,0,0,2016,43.8,28.3,50,39.9,0,592
"673",0,0,1,0,0,0,0,0,0,0,0,0,0,0,0,1,0,0,0,2016,38.2,24.3,48,34,0,482
"674",0,0,1,0,0,0,0,0,0,0,0,0,0,1,0,0,0,0,0,2016,37.9,30.9,46.9,26.1,0,791
"675",0,0,1,0,0,0,0,0,0,0,0,0,0,0,0,0,0,1,0,2016,41.7,31.3,46.9,30.9,0,711
"676",0,0,1,0,0,0,0,0,0,0,0,0,0,0,0,0,0,0,1,2016,42.8,37.1,46,39,0,637
"677",0,0,1,0,0,0,0,0,0,0,0,0,0,0,0,0,1,0,0,2016,42.7,35.1,46.9,37,0,635
"678",0,0,1,0,0,0,0,0,0,0,0,0,1,0,0,0,0,0,0,2016,36.6,19.2,46.9,34,0,701
"679",0,0,1,0,0,0,0,0,0,0,0,0,0,0,1,0,0,0,0,2016,28.2,9.9,39.9,24.1,0,555
"680",0,0,1,0,0,0,0,0,0,0,0,0,0,0,0,1,0,0,0,2016,29.9,13.3,36,24.1,0,522
"681",0,0,1,0,0,0,0,0,0,0,0,0,0,1,0,0,0,0,0,2016,43.6,40.4,53.1,25,0,665
"682",0,0,1,0,0,0,0,0,0,0,0,0,0,0,0,0,0,1,0,2016,39.7,26.9,53.1,35.1,0,630
"683",0,0,1,0,0,0,0,0,0,0,0,0,0,0,0,0,0,0,1,2016,41.2,31.1,44.1,35.1,0,689
"684",0,0,1,0,0,0,0,0,0,0,0,0,0,0,0,0,1,0,0,2016,29.8,14,44.1,19.9,1,749
"685",0,0,1,0,0,0,0,0,0,0,0,0,1,0,0,0,0,0,0,2016,18.2,-2.1,23,12.9,0,792
"686",0,0,1,0,0,0,0,0,0,0,0,0,0,0,1,0,0,0,0,2016,36.2,31.3,52,12,0,623
"687",0,0,1,0,0,0,0,0,0,0,0,0,0,0,0,1,0,0,0,2016,49.8,48,57,43,1,521
"688",0,0,1,0,0,0,0,0,0,0,0,0,0,1,0,0,0,0,0,2016,35.3,22.9,57.9,30,0,722
"689",0,0,1,0,0,0,0,0,0,0,0,0,0,0,0,0,0,1,0,2016,34.8,25.3,41,30,0,719
"690",0,0,1,0,0,0,0,0,0,0,0,0,0,0,0,0,0,0,1,2016,38.8,29,43,30,0,676
"691",0,0,1,0,0,0,0,0,0,0,0,0,0,0,0,0,1,0,0,2016,38.9,32.3,46,27,0,700
"692",0,0,1,0,0,0,0,0,0,0,0,0,1,0,0,0,0,0,0,2016,39,28.8,46,27,0,692
"693",0,0,1,0,0,0,0,0,0,0,0,0,0,0,1,0,0,0,0,2016,44.1,39.3,48.9,36,0,554
"694",0,0,1,0,0,0,0,0,0,0,0,0,0,0,0,0,0,1,0,2016,49.8,46.9,53.1,44.1,1,569
"695",0,0,1,0,0,0,0,0,0,0,0,0,0,0,0,0,0,0,1,2016,39.1,26.8,53.1,34,0,546
"696",0,0,1,0,0,0,0,0,0,0,0,0,0,0,0,0,1,0,0,2016,37.3,29.4,48.9,24.1,0,542
"697",0,0,1,0,0,0,0,0,0,0,0,0,1,0,0,0,0,0,0,2016,40.4,29.9,50,24.1,0,583
"698",0,0,1,0,0,0,0,0,0,0,0,0,0,0,1,0,0,0,0,2016,35.8,21.1,44.1,30,0,465
"699",0,0,0,0,1,0,0,0,0,0,0,0,0,0,0,1,0,0,0,2017,44.4,33.6,48,39,0,485
"700",0,0,0,0,1,0,0,0,0,0,0,0,0,1,0,0,0,0,0,2017,37.4,28.7,50,26.1,0,449
"701",0,0,0,0,1,0,0,0,0,0,0,0,0,0,0,0,0,1,0,2017,44.3,40.7,48.9,42.1,0,659
"702",0,0,0,0,1,0,0,0,0,0,0,0,0,0,0,0,0,0,1,2017,46.5,43.7,53.1,42.1,1,590
"703",0,0,0,0,1,0,0,0,0,0,0,0,0,0,0,0,1,0,0,2017,36.4,19.7,48,32,0,552
"704",0,0,0,0,1,0,0,0,0,0,0,0,1,0,0,0,0,0,0,2017,31.7,25.8,41,28.9,1,600
"705",0,0,0,0,1,0,0,0,0,0,0,0,0,1,0,0,0,0,0,2017,18.3,5.7,28,15.1,0,669
"706",0,0,0,0,1,0,0,0,0,0,0,0,0,0,0,0,0,1,0,2017,35.6,26.3,42.1,15.1,0,597
"707",0,0,0,0,1,0,0,0,0,0,0,0,0,0,0,0,0,0,1,2017,45,40.9,50,28.9,0,629
"708",0,0,0,0,1,0,0,0,0,0,0,0,0,0,0,0,1,0,0,2017,47.8,45.5,53.1,42.1,0,646
"709",0,0,0,0,1,0,0,0,0,0,0,0,1,0,0,0,0,0,0,2017,46.8,37.5,50,37.9,0,604
"710",0,0,0,0,1,0,0,0,0,0,0,0,0,0,1,0,0,0,0,2017,29.8,13.4,50,25,0,495
"711",0,0,0,0,1,0,0,0,0,0,0,0,0,0,0,1,0,0,0,2017,33.6,24.8,36,25,0,490
"712",0,0,0,0,1,0,0,0,0,0,0,0,0,1,0,0,0,0,0,2017,31.6,20.7,43,21,0,477
"713",0,0,0,0,1,0,0,0,0,0,0,0,0,0,0,0,0,1,0,2017,40,30.9,44.1,37,0,657
"714",0,0,0,0,1,0,0,0,0,0,0,0,0,0,0,0,0,0,1,2017,41.6,38.5,44.1,36,0,549
"715",0,0,0,0,1,0,0,0,0,0,0,0,0,0,0,0,1,0,0,2017,40.7,36.9,45,37,0,610
"716",0,0,0,0,1,0,0,0,0,0,0,0,1,0,0,0,0,0,0,2017,39.9,32.5,45,37,0,605
"717",0,0,0,0,1,0,0,0,0,0,0,0,0,0,1,0,0,0,0,2017,42.3,37.5,46,37,1,475
"718",0,0,0,0,1,0,0,0,0,0,0,0,0,1,0,0,0,0,0,2017,40.9,34.4,44.1,37.4,0,667
"719",0,0,0,0,1,0,0,0,0,0,0,0,0,0,0,0,0,1,0,2017,48.9,46.9,55,37.9,1,564
"720",0,0,0,0,1,0,0,0,0,0,0,0,0,0,0,0,0,0,1,2017,41.1,35.1,55,37.9,0,576
"721",0,0,0,0,1,0,0,0,0,0,0,0,0,0,0,0,1,0,0,2017,44.3,39.9,50,37.9,0,563
"722",0,0,0,0,1,0,0,0,0,0,0,0,1,0,0,0,0,0,0,2017,42.1,29.8,45,39.9,0,583
"723",0,0,0,0,1,0,0,0,0,0,0,0,0,0,1,0,0,0,0,2017,38.7,23.1,45,36,0,501
"724",0,0,0,0,1,0,0,0,0,0,0,0,0,0,0,1,0,0,0,2017,38,26.4,43,34,0,428
"725",0,0,0,0,1,0,0,0,0,0,0,0,0,1,0,0,0,0,0,2017,34,23.1,43,24.1,0,545
"726",0,0,0,0,1,0,0,0,0,0,0,0,0,0,0,0,0,1,0,2017,28.1,14.6,39.9,21.9,1,571
"727",0,0,0,1,0,0,0,0,0,0,0,0,0,0,0,0,0,0,1,2017,38.7,31.3,45,21.9,0,574
"728",0,0,0,1,0,0,0,0,0,0,0,0,0,0,0,0,1,0,0,2017,37.7,24.2,45,30,0,586
"729",0,0,0,1,0,0,0,0,0,0,0,0,1,0,0,0,0,0,0,2017,30.9,14,44.1,26.1,0,609
"730",0,0,0,1,0,0,0,0,0,0,0,0,0,0,1,0,0,0,0,2017,28.4,10.8,33.1,24.1,0,541
"731",0,0,0,1,0,0,0,0,0,0,0,0,0,0,0,1,0,0,0,2017,36.1,23.7,44.1,24.1,0,429
"732",0,0,0,1,0,0,0,0,0,0,0,0,0,1,0,0,0,0,0,2017,37.5,21,44.1,30.9,0,568
"733",0,0,0,1,0,0,0,0,0,0,0,0,0,0,0,0,0,1,0,2017,38.1,32.2,46.9,25,0,626
"734",0,0,0,1,0,0,0,0,0,0,0,0,0,0,0,0,0,0,1,2017,46.2,43.9,50,42.1,1,673
"735",0,0,0,1,0,0,0,0,0,0,0,0,0,0,0,0,1,0,0,2017,38.1,33.3,51.1,24.1,1,507
"736",0,0,0,1,0,0,0,0,0,0,0,0,1,0,0,0,0,0,0,2017,21,9.1,27,16,1,708
"737",0,0,0,1,0,0,0,0,0,0,0,0,0,0,1,0,0,0,0,2017,32,24.7,41,16,0,511
"738",0,0,0,1,0,0,0,0,0,0,0,0,0,0,0,1,0,0,0,2017,35.6,32.1,41,23,0,439
"739",0,0,0,1,0,0,0,0,0,0,0,0,0,1,0,0,0,0,0,2017,35.9,30.3,44.6,28.9,1,642
"740",0,0,0,1,0,0,0,0,0,0,0,0,0,0,0,0,0,1,0,2017,30.1,19.1,33.1,26.6,0,688
"741",0,0,0,1,0,0,0,0,0,0,0,0,0,0,0,0,0,0,1,2017,36.6,32.7,44.1,21.9,0,603
"742",0,0,0,1,0,0,0,0,0,0,0,0,0,0,0,0,1,0,0,2017,36.1,28.8,44.1,21.9,1,652
"743",0,0,0,1,0,0,0,0,0,0,0,0,1,0,0,0,0,0,0,2017,31.8,17.3,39,26.1,0,680
"744",0,0,0,1,0,0,0,0,0,0,0,0,0,0,1,0,0,0,0,2017,37,26.6,46.9,24.1,0,570
"745",0,0,0,1,0,0,0,0,0,0,0,0,0,0,0,1,0,0,0,2017,47.8,36.9,57,41,0,438
"746",0,0,0,1,0,0,0,0,0,0,0,0,0,1,0,0,0,0,0,2017,41.9,29.5,59,36,0,428
"747",0,0,0,1,0,0,0,0,0,0,0,0,0,0,0,0,0,1,0,2017,37.1,26.6,46,30,0,483
"748",0,0,0,1,0,0,0,0,0,0,0,0,0,0,0,0,0,0,1,2017,40.6,35.2,46.9,32,0,477
"749",0,0,0,1,0,0,0,0,0,0,0,0,0,0,0,0,1,0,0,2017,44,41.7,48.9,37,1,581
"750",0,0,0,1,0,0,0,0,0,0,0,0,1,0,0,0,0,0,0,2017,47.5,44.3,54,39.9,1,657
"751",0,0,0,1,0,0,0,0,0,0,0,0,0,0,1,0,0,0,0,2017,49.8,46.6,57.9,44.1,1,573
"752",0,0,0,1,0,0,0,0,0,0,0,0,0,0,0,1,0,0,0,2017,43,31.2,57.9,37.9,1,462
"753",0,0,0,1,0,0,0,0,0,0,0,0,0,1,0,0,0,0,0,2017,39.1,25.5,48,30,0,540
"754",0,0,0,1,0,0,0,0,0,0,0,0,0,0,0,0,0,1,0,2017,44.2,39.9,48.9,30,0,591
"755",0,0,0,0,0,0,0,1,0,0,0,0,0,0,0,0,0,0,1,2017,47.4,45.8,52,41,1,571
"756",0,0,0,0,0,0,0,1,0,0,0,0,0,0,0,0,1,0,0,2017,47.8,36.9,52,37.9,0,653
"757",0,0,0,0,0,0,0,1,0,0,0,0,1,0,0,0,0,0,0,2017,33.2,8.8,51.1,28,0,745
"758",0,0,0,0,0,0,0,1,0,0,0,0,0,0,1,0,0,0,0,2017,22.9,0.1,37,18,0,536
"759",0,0,0,0,0,0,0,1,0,0,0,0,0,0,0,1,0,0,0,2017,20.8,-1.7,33.1,12,0,489
"760",0,0,0,0,0,0,0,1,0,0,0,0,0,1,0,0,0,0,0,2017,28.9,11.2,36,12,0,618
"761",0,0,0,0,0,0,0,1,0,0,0,0,0,0,0,0,0,1,0,2017,36.7,27.5,45,24.1,0,637
"762",0,0,0,0,0,0,0,1,0,0,0,0,0,0,0,0,0,0,1,2017,45.9,42.6,48.9,30,1,609
"763",0,0,0,0,0,0,0,1,0,0,0,0,0,0,0,0,1,0,0,2017,45.9,34.3,52,41,0,665
"764",0,0,0,0,0,0,0,1,0,0,0,0,1,0,0,0,0,0,0,2017,35.5,26.4,52,30,1,612
"765",0,0,0,0,0,0,0,1,0,0,0,0,0,0,1,0,0,0,0,2017,22.5,7.2,44.1,17.1,0,548
"766",0,0,0,0,0,0,0,1,0,0,0,0,0,0,0,1,0,0,0,2017,20,2.6,26.1,15.1,0,516
"767",0,0,0,0,0,0,0,1,0,0,0,0,0,1,0,0,0,0,0,2017,21.9,6.4,27,15.1,0,792
"768",0,0,0,0,0,0,0,1,0,0,0,0,0,0,0,0,0,0,1,2017,29.8,20.7,46.9,25,0,650
"769",0,0,0,0,0,0,0,1,0,0,0,0,1,0,0,0,0,0,0,2017,33,13.4,39,23,0,756
"770",0,0,0,0,0,0,0,1,0,0,0,0,0,0,1,0,0,0,0,2017,34.7,23.9,43,21.9,0,504
"771",0,0,0,0,0,0,0,1,0,0,0,0,0,0,0,1,0,0,0,2017,36,32.2,43,21.9,1,550
"772",0,0,0,0,0,0,0,1,0,0,0,0,0,1,0,0,0,0,0,2017,39.2,26.3,45,33.1,0,750
"773",0,0,0,0,0,0,0,1,0,0,0,0,0,0,0,0,0,1,0,2017,39.9,26.4,50,34,0,636
"774",0,0,0,0,0,0,0,1,0,0,0,0,0,0,0,0,0,0,1,2017,38.6,20.9,50,27,0,617
"775",0,0,0,0,0,0,0,1,0,0,0,0,0,0,0,0,1,0,0,2017,26.4,1.5,46,19.9,0,703
"776",0,0,0,0,0,0,0,1,0,0,0,0,1,0,0,0,0,0,0,2017,35.3,21.9,43,19.9,0,654
"777",0,0,0,0,0,0,0,1,0,0,0,0,0,0,1,0,0,0,0,2017,42.9,36.8,48,37.4,0,571
"778",0,0,0,0,0,0,0,1,0,0,0,0,0,0,0,1,0,0,0,2017,37,30,50,28,0,456
"779",0,0,0,0,0,0,0,1,0,0,0,0,0,1,0,0,0,0,0,2017,42,38.3,46.9,28,1,629
"780",0,0,0,0,0,0,0,1,0,0,0,0,0,0,0,0,0,1,0,2017,40.7,38.5,48,37,1,592
"781",0,0,0,0,0,0,0,1,0,0,0,0,0,0,0,0,0,0,1,2017,41.9,37.1,48,37,0,672
"782",0,0,0,0,0,0,0,1,0,0,0,0,0,0,0,0,1,0,0,2017,40,25.9,46,34,0,639
"783",0,0,0,0,0,0,0,1,0,0,0,0,1,0,0,0,0,0,0,2017,37.6,30.7,45,30.9,0,753
"784",1,0,0,0,0,0,0,0,0,0,0,0,0,0,1,0,0,0,0,2017,39.8,36.9,44.1,35.1,0,591
"785",1,0,0,0,0,0,0,0,0,0,0,0,0,0,0,1,0,0,0,2017,39.7,33,46.9,37,0,514
"786",1,0,0,0,0,0,0,0,0,0,0,0,0,1,0,0,0,0,0,2017,43,31.7,54,32,0,646
"787",1,0,0,0,0,0,0,0,0,0,0,0,0,0,0,0,0,1,0,2017,42.9,38,54,32,1,598
"788",1,0,0,0,0,0,0,0,0,0,0,0,0,0,0,0,0,0,1,2017,42.6,38.4,46.9,39,1,587
"789",1,0,0,0,0,0,0,0,0,0,0,0,0,0,0,0,1,0,0,2017,41.9,38.5,51.8,39,1,713
"790",1,0,0,0,0,0,0,0,0,0,0,0,1,0,0,0,0,0,0,2017,47.8,42.6,54,39,1,694
"791",1,0,0,0,0,0,0,0,0,0,0,0,0,0,1,0,0,0,0,2017,43.9,30.6,51.1,39,0,627
"792",1,0,0,0,0,0,0,0,0,0,0,0,0,0,0,1,0,0,0,2017,46.3,30.9,55,39,0,541
"793",1,0,0,0,0,0,0,0,0,0,0,0,0,1,0,0,0,0,0,2017,46.9,39.6,55,39.9,0,634
"794",1,0,0,0,0,0,0,0,0,0,0,0,0,0,0,0,0,1,0,2017,49.8,44,55,41,0,519
"795",1,0,0,0,0,0,0,0,0,0,0,0,0,0,0,0,0,0,1,2017,49.1,45.1,55,46,0,540
"796",1,0,0,0,0,0,0,0,0,0,0,0,0,0,0,0,1,0,0,2017,49.8,38.5,57,42.1,0,590
"797",1,0,0,0,0,0,0,0,0,0,0,0,1,0,0,0,0,0,0,2017,47.5,34.1,57.9,37.9,0,515
"798",1,0,0,0,0,0,0,0,0,0,0,0,0,0,1,0,0,0,0,2017,46.8,38,57.9,35.1,0,495
"799",1,0,0,0,0,0,0,0,0,0,0,0,0,0,0,1,0,0,0,2017,51.9,46.9,57,37,1,481
"800",1,0,0,0,0,0,0,0,0,0,0,0,0,1,0,0,0,0,0,2017,56.4,48.3,70,48.9,0,488
"801",1,0,0,0,0,0,0,0,0,0,0,0,0,0,0,0,0,1,0,2017,47.8,39.2,53.1,41,0,516
"802",1,0,0,0,0,0,0,0,0,0,0,0,0,0,0,0,0,0,1,2017,41.7,32.2,53.1,32,0,580
"803",1,0,0,0,0,0,0,0,0,0,0,0,0,0,0,0,1,0,0,2017,47.5,44.1,54,32,1,632
"804",1,0,0,0,0,0,0,0,0,0,0,0,1,0,0,0,0,0,0,2017,45.7,43.4,46.9,44.6,0,690
"805",1,0,0,0,0,0,0,0,0,0,0,0,0,0,1,0,0,0,0,2017,46.7,44.5,48.9,44.1,0,551
"806",1,0,0,0,0,0,0,0,0,0,0,0,0,0,0,1,0,0,0,2017,46.5,39.5,55.9,43,0,517
"807",1,0,0,0,0,0,0,0,0,0,0,0,0,1,0,0,0,0,0,2017,46.6,42.4,55.9,42.1,0,541
"808",1,0,0,0,0,0,0,0,0,0,0,0,0,0,0,0,0,1,0,2017,49.7,46.6,52,42.1,0,723
"809",1,0,0,0,0,0,0,0,0,0,0,0,0,0,0,0,0,0,1,2017,53.1,51.8,55.4,50,1,630
"810",1,0,0,0,0,0,0,0,0,0,0,0,0,0,0,0,1,0,0,2017,52.9,50.7,63,48,1,688
"811",1,0,0,0,0,0,0,0,0,0,0,0,0,0,1,0,0,0,0,2017,54.2,51.6,64,48.2,1,661
"812",1,0,0,0,0,0,0,0,0,0,0,0,0,0,0,1,0,0,0,2017,53.4,40,66.9,45,0,470
"813",0,0,0,0,0,0,0,0,1,0,0,0,0,1,0,0,0,0,0,2017,49.3,45.3,57.9,44.6,1,639
"814",0,0,0,0,0,0,0,0,1,0,0,0,0,0,0,0,0,1,0,2017,55.4,53.4,60.1,45,1,743
"815",0,0,0,0,0,0,0,0,1,0,0,0,0,0,0,0,0,0,1,2017,54.7,44.3,60.1,48.9,0,714
"816",0,0,0,0,0,0,0,0,1,0,0,0,0,0,0,0,1,0,0,2017,51.5,34.8,59,45,0,701
"817",0,0,0,0,0,0,0,0,1,0,0,0,1,0,0,0,0,0,0,2017,49.4,44,57.9,45,0,776
"818",0,0,0,0,0,0,0,0,1,0,0,0,0,0,1,0,0,0,0,2017,55.1,54.1,57.9,46,1,685
"819",0,0,0,0,0,0,0,0,1,0,0,0,0,0,0,1,0,0,0,2017,52.5,48.9,57.9,50,1,514
"820",0,0,0,0,0,0,0,0,1,0,0,0,0,1,0,0,0,0,0,2017,50,41.3,57,46,0,638
"821",0,0,0,0,0,0,0,0,1,0,0,0,0,0,0,0,0,1,0,2017,48.3,34.9,55,39.9,0,651
"822",0,0,0,0,0,0,0,0,1,0,0,0,0,0,0,0,0,0,1,2017,48.7,38.4,57,39.9,0,668
"823",0,0,0,0,0,0,0,0,1,0,0,0,0,0,0,0,1,0,0,2017,49.5,42,57,43,0,686
"824",0,0,0,0,0,0,0,0,1,0,0,0,1,0,0,0,0,0,0,2017,48.6,42.2,57,44.1,0,817
"825",0,0,0,0,0,0,0,0,1,0,0,0,0,0,1,0,0,0,0,2017,47.9,41.7,54,44.1,0,683
"826",0,0,0,0,0,0,0,0,1,0,0,0,0,0,0,1,0,0,0,2017,50.4,47.9,57,45,1,633
"827",0,0,0,0,0,0,0,0,1,0,0,0,0,1,0,0,0,0,0,2017,51.1,43.8,57,48,0,729
"828",0,0,0,0,0,0,0,0,1,0,0,0,0,0,0,0,0,1,0,2017,57.5,46.9,69.1,46.9,0,694
"829",0,0,0,0,0,0,0,0,1,0,0,0,0,0,0,0,0,0,1,2017,57.9,50.2,69.1,48,0,753
"830",0,0,0,0,0,0,0,0,1,0,0,0,0,0,1,0,0,0,0,2017,56.3,41.6,69.1,48,0,612
"831",0,0,0,0,0,0,0,0,1,0,0,0,0,0,0,1,0,0,0,2017,52.7,37.3,63,41,0,618
"832",0,0,0,0,0,0,0,0,1,0,0,0,0,1,0,0,0,0,0,2017,51.4,40.5,63,41,0,719
"833",0,0,0,0,0,0,0,0,1,0,0,0,0,0,0,0,0,1,0,2017,56.8,52.3,62.1,48,1,659
"834",0,0,0,0,0,0,0,0,1,0,0,0,0,0,0,0,0,0,1,2017,53.9,49.6,62.1,50,0,641
"835",0,0,0,0,0,0,0,0,1,0,0,0,0,0,0,0,1,0,0,2017,53.8,51.1,59,51.1,1,742
"836",0,0,0,0,0,0,0,0,1,0,0,0,1,0,0,0,0,0,0,2017,55.4,52.9,59,52,1,776
"837",0,0,0,0,0,0,0,0,1,0,0,0,0,0,1,0,0,0,0,2017,57.5,48.6,63,51.1,0,475
"838",0,0,0,0,0,0,0,0,1,0,0,0,0,0,0,1,0,0,0,2017,51.8,46.1,63,45,0,474
"839",0,0,0,0,0,0,0,0,1,0,0,0,0,0,0,0,0,1,0,2017,53.5,49.6,61,50,0,647
"840",0,0,0,0,0,0,0,0,1,0,0,0,0,0,0,0,0,0,1,2017,55.4,53.1,62.1,50,1,669
"841",0,0,0,0,0,0,1,0,0,0,0,0,0,0,0,0,1,0,0,2017,55.7,53.8,61,51.8,1,654
"842",0,0,0,0,0,0,1,0,0,0,0,0,1,0,0,0,0,0,0,2017,58.2,48.2,66,52,1,737
"843",0,0,0,0,0,0,1,0,0,0,0,0,0,0,1,0,0,0,0,2017,56.9,47.9,66,43,0,637
"844",0,0,0,0,0,0,1,0,0,0,0,0,0,0,0,1,0,0,0,2017,58,49.8,66,43,0,468
"845",0,0,0,0,0,0,1,0,0,0,0,0,0,1,0,0,0,0,0,2017,56.6,54.5,66,50,0,656
"846",0,0,0,0,0,0,1,0,0,0,0,0,0,0,0,0,0,1,0,2017,52.4,50.5,64.9,50,0,660
"847",0,0,0,0,0,0,1,0,0,0,0,0,0,0,0,0,0,0,1,2017,54.5,47.5,61,50,0,675
"848",0,0,0,0,0,0,1,0,0,0,0,0,0,0,0,0,1,0,0,2017,52.7,45.2,63,39.9,0,660
"849",0,0,0,0,0,0,1,0,0,0,0,0,1,0,0,0,0,0,0,2017,57.6,52.7,66,39.9,0,770
"850",0,0,0,0,0,0,1,0,0,0,0,0,0,0,1,0,0,0,0,2017,60.4,54.5,70,54,0,665
"851",0,0,0,0,0,0,1,0,0,0,0,0,0,0,0,1,0,0,0,2017,61.5,55.8,70,55.9,0,702
"852",0,0,0,0,0,0,1,0,0,0,0,0,0,1,0,0,0,0,0,2017,66,58.9,80.1,57.9,0,804
"853",0,0,0,0,0,0,1,0,0,0,0,0,0,0,0,0,0,0,1,2017,67.1,51.6,79,57,0,754
"854",0,0,0,0,0,0,1,0,0,0,0,0,0,0,0,0,1,0,0,2017,57.2,45.8,66,46.9,0,771
"855",0,0,0,0,0,0,1,0,0,0,0,0,1,0,0,0,0,0,0,2017,59.8,52.9,66,46.9,0,657
"856",0,0,0,0,0,0,1,0,0,0,0,0,0,0,1,0,0,0,0,2017,61.7,59.4,68,57,1,654
"857",0,0,0,0,0,0,1,0,0,0,0,0,0,0,0,1,0,0,0,2017,63.8,62.5,68,59,1,593
"858",0,0,0,0,0,0,1,0,0,0,0,0,0,1,0,0,0,0,0,2017,64.7,64.5,68,62.6,1,819
"859",0,0,0,0,0,0,1,0,0,0,0,0,0,0,0,0,0,1,0,2017,63.4,63.4,66,60.8,1,813
"860",0,0,0,0,0,0,1,0,0,0,0,0,0,0,0,0,0,0,1,2017,62.6,61.8,66.9,60.1,1,744
"861",0,0,0,0,0,0,1,0,0,0,0,0,1,0,0,0,0,0,0,2017,64.9,63.4,75,55.9,1,793
"862",0,0,0,0,0,0,1,0,0,0,0,0,0,0,1,0,0,0,0,2017,67.2,65.1,75,61,1,753
"863",0,0,0,0,0,0,1,0,0,0,0,0,0,0,0,1,0,0,0,2017,68.8,60.1,79,59,0,590
"864",0,0,0,0,0,0,1,0,0,0,0,0,0,1,0,0,0,0,0,2017,66.7,59.2,79,59,0,669
"865",0,0,0,0,0,0,1,0,0,0,0,0,0,0,0,0,0,1,0,2017,64.3,61.6,75,57.9,0,757
"866",0,0,0,0,0,0,1,0,0,0,0,0,0,0,0,0,0,0,1,2017,65.4,58,71.1,57.9,0,730
"867",0,0,0,0,0,0,1,0,0,0,0,0,0,0,0,0,1,0,0,2017,65.6,62.6,71.1,59,0,767
"868",0,0,0,0,0,0,1,0,0,0,0,0,1,0,0,0,0,0,0,2017,66.9,63.7,72,63,0,747
"869",0,0,0,0,0,1,0,0,0,0,0,0,0,0,1,0,0,0,0,2017,67.7,66.3,73,63,0,595
"870",0,0,0,0,0,1,0,0,0,0,0,0,0,0,0,1,0,0,0,2017,68.7,67.4,73.9,64.4,1,537
"871",0,0,0,0,0,1,0,0,0,0,0,0,0,1,0,0,0,0,0,2017,70.9,66.1,82,64.9,1,617
"872",0,0,0,0,0,1,0,0,0,0,0,0,0,0,0,0,0,0,1,2017,67.9,58.5,81,57.9,0,706
"873",0,0,0,0,0,1,0,0,0,0,0,0,0,0,0,0,1,0,0,2017,61.7,59.9,78.1,53.1,0,611
"874",0,0,0,0,0,1,0,0,0,0,0,0,1,0,0,0,0,0,0,2017,66,66,69.8,64,1,674
"875",0,0,0,0,0,1,0,0,0,0,0,0,0,0,1,0,0,0,0,2017,67.3,66.8,73,64,1,585
"876",0,0,0,0,0,1,0,0,0,0,0,0,0,0,0,1,0,0,0,2017,69.6,64.1,77,64,0,512
"877",0,0,0,0,0,1,0,0,0,0,0,0,0,1,0,0,0,0,0,2017,68.3,66.1,77,62.1,0,667
"878",0,0,0,0,0,1,0,0,0,0,0,0,0,0,0,0,0,1,0,2017,68.8,68.4,75,62.1,1,638
"879",0,0,0,0,0,1,0,0,0,0,0,0,0,0,0,0,0,0,1,2017,70.8,70.2,77,64.9,1,677
"880",0,0,0,0,0,1,0,0,0,0,0,0,0,0,0,0,1,0,0,2017,70.8,69.6,80.1,64,1,759
"881",0,0,0,0,0,1,0,0,0,0,0,0,1,0,0,0,0,0,0,2017,63.7,61.5,80.1,62.1,0,707
"882",0,0,0,0,0,1,0,0,0,0,0,0,0,0,1,0,0,0,0,2017,64.3,62.7,72,60.1,0,649
"883",0,0,0,0,0,1,0,0,0,0,0,0,0,0,0,1,0,0,0,2017,69.3,67.7,78.1,60.1,1,515
"884",0,0,0,0,0,1,0,0,0,0,0,0,0,1,0,0,0,0,0,2017,67.3,66.8,78.1,62.1,1,639
"885",0,0,0,0,0,1,0,0,0,0,0,0,0,0,0,0,0,1,0,2017,69.4,67.9,78.1,62.1,1,706
"886",0,0,0,0,0,1,0,0,0,0,0,0,0,0,0,0,0,0,1,2017,71.6,70.3,79,66,1,747
"887",0,0,0,0,0,1,0,0,0,0,0,0,0,0,0,0,1,0,0,2017,74.7,70.6,84.9,66.9,1,774
"888",0,0,0,0,0,1,0,0,0,0,0,0,1,0,0,0,0,0,0,2017,75.6,69.6,84.9,69.1,1,733
"889",0,0,0,0,0,1,0,0,0,0,0,0,0,0,1,0,0,0,0,2017,74,67.2,84.9,68,0,648
"890",0,0,0,0,0,1,0,0,0,0,0,0,0,0,0,1,0,0,0,2017,68.4,63.5,82,64,0,554
"891",0,0,0,0,0,1,0,0,0,0,0,0,0,1,0,0,0,0,0,2017,63,58,75,57.9,0,620
"892",0,0,0,0,0,1,0,0,0,0,0,0,0,0,0,0,0,1,0,2017,62.8,59.4,70,57.9,0,595
"893",0,0,0,0,0,1,0,0,0,0,0,0,0,0,0,0,0,0,1,2017,63.6,58,72,55,0,635
"894",0,0,0,0,0,1,0,0,0,0,0,0,0,0,0,0,1,0,0,2017,61.8,59.2,72,55,0,610
"895",0,0,0,0,0,1,0,0,0,0,0,0,1,0,0,0,0,0,0,2017,69.2,66.9,77,55.9,0,685
"896",0,0,0,0,0,1,0,0,0,0,0,0,0,0,1,0,0,0,0,2017,65.1,65,77,63,0,512
"897",0,0,0,0,0,1,0,0,0,0,0,0,0,0,0,1,0,0,0,2017,67.1,57.7,73.9,62.1,0,606
"898",0,0,0,0,0,1,0,0,0,0,0,0,0,1,0,0,0,0,0,2017,63.9,57.3,73.9,50,0,656
"899",0,1,0,0,0,0,0,0,0,0,0,0,0,0,0,0,0,1,0,2017,68.2,64.8,75.9,50,0,705
"900",0,1,0,0,0,0,0,0,0,0,0,0,0,0,0,0,0,0,1,2017,68.6,66.6,75.9,63,0,618
"901",0,1,0,0,0,0,0,0,0,0,0,0,0,0,0,0,1,0,0,2017,67.5,66,75,61,1,713
"902",0,1,0,0,0,0,0,0,0,0,0,0,1,0,0,0,0,0,0,2017,67.7,66.7,75.9,61,1,758
"903",0,1,0,0,0,0,0,0,0,0,0,0,0,0,1,0,0,0,0,2017,67.7,67.2,75.9,64,1,573
"904",0,1,0,0,0,0,0,0,0,0,0,0,0,0,0,1,0,0,0,2017,69.4,59.9,75,64,0,519
"905",0,1,0,0,0,0,0,0,0,0,0,0,0,1,0,0,0,0,0,2017,67.5,64.2,75,59,0,606
"906",0,1,0,0,0,0,0,0,0,0,0,0,0,0,0,0,0,1,0,2017,65.2,62.8,73.9,59,0,631
"907",0,1,0,0,0,0,0,0,0,0,0,0,0,0,0,0,0,0,1,2017,67.1,63.5,75,59,1,655
"908",0,1,0,0,0,0,0,0,0,0,0,0,0,0,0,0,1,0,0,2017,67.8,66,75,59,1,650
"909",0,1,0,0,0,0,0,0,0,0,0,0,1,0,0,0,0,0,0,2017,67.6,65.8,77,60.1,1,655
"910",0,1,0,0,0,0,0,0,0,0,0,0,0,0,1,0,0,0,0,2017,65.9,65.8,77,60.1,1,526
"911",0,1,0,0,0,0,0,0,0,0,0,0,0,0,0,1,0,0,0,2017,71,69.3,80.1,62.1,1,563
"912",0,1,0,0,0,0,0,0,0,0,0,0,0,1,0,0,0,0,0,2017,67.7,65.2,80.1,61,1,602
"913",0,1,0,0,0,0,0,0,0,0,0,0,0,0,0,0,0,1,0,2017,67.8,66.8,79,61,1,577
"914",0,1,0,0,0,0,0,0,0,0,0,0,0,0,0,0,0,0,1,2017,71.1,65.9,79,64.9,1,600
"915",0,1,0,0,0,0,0,0,0,0,0,0,0,0,0,0,1,0,0,2017,68,60.8,79,62.1,0,639
"916",0,1,0,0,0,0,0,0,0,0,0,0,1,0,0,0,0,0,0,2017,66.6,65.6,73.9,57.9,0,612
"917",0,1,0,0,0,0,0,0,0,0,0,0,0,0,1,0,0,0,0,2017,71.8,70.9,78.1,57.9,1,638
"918",0,1,0,0,0,0,0,0,0,0,0,0,0,0,0,1,0,0,0,2017,72.8,68.1,80.1,66.9,1,538
"919",0,1,0,0,0,0,0,0,0,0,0,0,0,1,0,0,0,0,0,2017,69.9,65.6,81,61,0,627
"920",0,1,0,0,0,0,0,0,0,0,0,0,0,0,0,0,0,1,0,2017,70.5,69.8,81,61,0,684
"921",0,1,0,0,0,0,0,0,0,0,0,0,0,0,0,0,0,0,1,2017,72.3,70.9,78.1,68,0,629
"922",0,1,0,0,0,0,0,0,0,0,0,0,0,0,0,0,1,0,0,2017,70,60.2,79,63,0,631
"923",0,1,0,0,0,0,0,0,0,0,0,0,1,0,0,0,0,0,0,2017,66.4,60,79,57.9,0,633
"924",0,1,0,0,0,0,0,0,0,0,0,0,0,0,1,0,0,0,0,2017,64.1,56.8,73.9,54,0,570
"925",0,1,0,0,0,0,0,0,0,0,0,0,0,0,0,1,0,0,0,2017,62.3,53.6,73,50,0,498
"926",0,1,0,0,0,0,0,0,0,0,0,0,0,1,0,0,0,0,0,2017,62.7,56.4,73,50,0,584
"927",0,1,0,0,0,0,0,0,0,0,0,0,0,0,0,0,0,1,0,2017,62,58.3,71.1,54,0,614
"928",0,1,0,0,0,0,0,0,0,0,0,0,0,0,0,0,0,0,1,2017,61.8,57.5,68,57,0,671
"929",0,1,0,0,0,0,0,0,0,0,0,0,0,0,0,0,1,0,0,2017,66.2,60.6,75,54,0,618
"930",0,0,0,0,0,0,0,0,0,0,0,1,1,0,0,0,0,0,0,2017,62.7,50,75,55,0,681
"931",0,0,0,0,0,0,0,0,0,0,0,1,0,0,1,0,0,0,0,2017,58.7,45.2,66.9,50,0,562
"932",0,0,0,0,0,0,0,0,0,0,0,1,0,0,0,1,0,0,0,2017,60,56.6,68,50,1,518
"933",0,0,0,0,0,0,0,0,0,0,0,1,0,1,0,0,0,0,0,2017,65.4,62.2,70,53.1,0,532
"934",0,0,0,0,0,0,0,0,0,0,0,1,0,0,0,0,0,1,0,2017,68.1,66.4,73,62.1,0,707
"935",0,0,0,0,0,0,0,0,0,0,0,1,0,0,0,0,0,0,1,2017,69.6,68.6,75,64.9,0,608
"936",0,0,0,0,0,0,0,0,0,0,0,1,0,0,0,0,1,0,0,2017,67.1,65.1,75,64,1,790
"937",0,0,0,0,0,0,0,0,0,0,0,1,1,0,0,0,0,0,0,2017,65.4,60.5,70,60.1,0,740
"938",0,0,0,0,0,0,0,0,0,0,0,1,0,0,1,0,0,0,0,2017,63.1,57,70,54,0,608
"939",0,0,0,0,0,0,0,0,0,0,0,1,0,0,0,1,0,0,0,2017,61.1,56.3,69.1,54,0,533
"940",0,0,0,0,0,0,0,0,0,0,0,1,0,1,0,0,0,0,0,2017,63.6,53.9,72,52,0,735
"941",0,0,0,0,0,0,0,0,0,0,0,1,0,0,0,0,0,1,0,2017,65.3,59.7,73.9,57,0,680
"942",0,0,0,0,0,0,0,0,0,0,0,1,0,0,0,0,0,0,1,2017,67.5,63.4,75,60.1,0,738
"943",0,0,0,0,0,0,0,0,0,0,0,1,0,0,0,0,1,0,0,2017,67.4,67.2,75,63,1,728
"944",0,0,0,0,0,0,0,0,0,0,0,1,0,0,1,0,0,0,0,2017,66.8,65.5,75.9,61,1,623
"945",0,0,0,0,0,0,0,0,0,0,0,1,0,0,0,1,0,0,0,2017,64.7,64.2,75.9,60.1,1,586
"946",0,0,0,0,0,0,0,0,0,0,0,1,0,1,0,0,0,0,0,2017,65.7,65.5,73,60.1,1,672
"947",0,0,0,0,0,0,0,0,0,0,0,1,0,0,0,0,0,1,0,2017,65.5,65.4,71.1,63,1,661
"948",0,0,0,0,0,0,0,0,0,0,0,1,0,0,0,0,0,0,1,2017,66.1,66.1,70,63,0,583
"949",0,0,0,0,0,0,0,0,0,0,0,1,0,0,0,0,1,0,0,2017,63.9,63.8,68,60.1,0,535
"950",0,0,0,0,0,0,0,0,0,0,0,1,1,0,0,0,0,0,0,2017,61.3,61.3,66,59,0,614
"951",0,0,0,0,0,0,0,0,0,0,0,1,0,0,1,0,0,0,0,2017,62.6,62.6,64.9,61,1,631
"952",0,0,0,0,0,0,0,0,0,0,0,1,0,0,0,1,0,0,0,2017,65.3,64.3,73,60.1,1,587
"953",0,0,0,0,0,0,0,0,0,0,0,1,0,1,0,0,0,0,0,2017,64.2,63.7,73,59,1,726
"954",0,0,0,0,0,0,0,0,0,0,0,1,0,0,0,0,0,1,0,2017,65.9,65.3,77,59,1,656
"955",0,0,0,0,0,0,0,0,0,0,0,1,0,0,0,0,0,0,1,2017,68.7,68.6,77,62.1,1,696
"956",0,0,0,0,0,0,0,0,0,0,0,1,0,0,0,0,1,0,0,2017,69.4,66.3,77,64,1,740
"957",0,0,0,0,0,0,0,0,0,0,0,1,1,0,0,0,0,0,0,2017,59.6,48.5,72,53.1,0,757
"958",0,0,0,0,0,0,0,0,0,0,0,1,0,0,1,0,0,0,0,2017,56.3,50.9,64,48,0,550
"959",0,0,0,0,0,0,0,0,0,0,1,0,0,0,0,1,0,0,0,2017,55.5,46.8,63,48,0,571
"960",0,0,0,0,0,0,0,0,0,0,1,0,0,1,0,0,0,0,0,2017,58,51.4,66,48,0,739
"961",0,0,0,0,0,0,0,0,0,0,1,0,0,0,0,0,0,1,0,2017,54.1,47.5,62.1,46,0,687
"962",0,0,0,0,0,0,0,0,0,0,1,0,0,0,0,0,0,0,1,2017,59.3,56.1,66,46,0,711
"963",0,0,0,0,0,0,0,0,0,0,1,0,0,0,0,0,1,0,0,2017,63.7,62.6,69.1,54,0,657
"964",0,0,0,0,0,0,0,0,0,0,1,0,1,0,0,0,0,0,0,2017,64.9,64.2,70,61,1,649
"965",0,0,0,0,0,0,0,0,0,0,1,0,0,0,1,0,0,0,0,2017,63.8,63.5,71.1,61,1,570
"966",0,0,0,0,0,0,0,0,0,0,1,0,0,0,0,1,0,0,0,2017,65.8,65.6,71.1,61,0,521
"967",0,0,0,0,0,0,0,0,0,0,1,0,0,1,0,0,0,0,0,2017,66.3,66.2,71.1,64,0,546
"968",0,0,0,0,0,0,0,0,0,0,1,0,0,0,0,0,0,1,0,2017,68.8,65.6,77,63,1,768
"969",0,0,0,0,0,0,0,0,0,0,1,0,0,0,0,0,0,0,1,2017,62.1,58.7,77,55.9,0,628
"970",0,0,0,0,0,0,0,0,0,0,1,0,0,0,0,0,1,0,0,2017,57.1,49.2,68,52,0,603
"971",0,0,0,0,0,0,0,0,0,0,1,0,1,0,0,0,0,0,0,2017,56.4,49.4,63,51.1,0,658
"972",0,0,0,0,0,0,0,0,0,0,1,0,0,0,1,0,0,0,0,2017,62.4,62,66.9,52,0,567
"973",0,0,0,0,0,0,0,0,0,0,1,0,0,0,0,1,0,0,0,2017,63.3,63.3,68,57,1,496
"974",0,0,0,0,0,0,0,0,0,0,1,0,0,1,0,0,0,0,0,2017,62.3,58.2,68,55,0,641
"975",0,0,0,0,0,0,0,0,0,0,1,0,0,0,0,0,0,1,0,2017,51.1,39,66.9,41,0,736
"976",0,0,0,0,0,0,0,0,0,0,1,0,0,0,0,0,0,0,1,2017,56.7,49,66.9,41,0,737
"977",0,0,0,0,0,0,0,0,0,0,1,0,0,0,0,0,1,0,0,2017,59.7,58.3,66.9,48.9,0,766
"978",0,0,0,0,0,0,0,0,0,0,1,0,1,0,0,0,0,0,0,2017,62,54.1,68,54,0,823
"979",0,0,0,0,0,0,0,0,0,0,1,0,0,0,1,0,0,0,0,2017,58.8,50.3,68,46.9,0,583
"980",0,0,0,0,0,0,0,0,0,0,1,0,0,0,0,1,0,0,0,2017,60.6,59.2,66.9,46.9,0,528
"981",0,0,0,0,0,0,0,0,0,0,1,0,0,1,0,0,0,0,0,2017,59.5,58.7,68,52,1,669
"982",0,0,0,0,0,0,0,0,0,0,1,0,0,0,0,0,0,1,0,2017,64.3,63.4,69.1,53.1,0,685
"983",0,0,0,0,0,0,0,0,0,0,1,0,0,0,0,0,0,0,1,2017,65.1,65,69.1,60.1,0,648
"984",0,0,0,0,0,0,0,0,0,0,1,0,0,0,0,0,1,0,0,2017,60.1,59.6,66.9,55,0,658
"985",0,0,0,0,0,0,0,0,0,0,1,0,1,0,0,0,0,0,0,2017,54.1,43.5,64,48.9,0,759
"986",0,0,0,0,0,0,0,0,0,0,1,0,0,0,1,0,0,0,0,2017,55.1,51.2,63,42.1,0,615
"987",0,0,0,0,0,0,0,0,0,0,1,0,0,0,0,1,0,0,0,2017,60.4,59.4,64,42.1,0,613
"988",0,0,0,0,0,0,0,0,0,0,1,0,0,0,0,0,0,1,0,2017,57.7,44.2,73,53.1,0,696
"989",0,0,0,0,0,0,0,0,0,1,0,0,0,0,0,0,0,0,1,2017,50.6,39.9,61,37.9,0,607
"990",0,0,0,0,0,0,0,0,0,1,0,0,0,0,0,0,1,0,0,2017,58.9,56.1,64,55,0,746
"991",0,0,0,0,0,0,0,0,0,1,0,0,1,0,0,0,0,0,0,2017,58.7,58.5,66,52,1,776
"992",0,0,0,0,0,0,0,0,0,1,0,0,0,0,1,0,0,0,0,2017,53.6,44.6,66,46.9,0,613
"993",0,0,0,0,0,0,0,0,0,1,0,0,0,0,0,1,0,0,0,2017,54.5,49.5,61,46.9,0,519
"994",0,0,0,0,0,0,0,0,0,1,0,0,0,1,0,0,0,0,0,2017,62.2,61.6,66,48.9,1,682
"995",0,0,0,0,0,0,0,0,0,1,0,0,0,0,0,0,0,1,0,2017,53,46.7,66,48,0,710
"996",0,0,0,0,0,0,0,0,0,1,0,0,0,0,0,0,0,0,1,2017,47,43.6,57,44.1,0,662
"997",0,0,0,0,0,0,0,0,0,1,0,0,0,0,0,0,1,0,0,2017,48.3,39.9,54,43,0,702
"998",0,0,0,0,0,0,0,0,0,1,0,0,1,0,0,0,0,0,0,2017,44.6,33.5,55,32,0,724
"999",0,0,0,0,0,0,0,0,0,1,0,0,0,0,1,0,0,0,0,2017,30.2,18,36,26.1,0,623
"1000",0,0,0,0,0,0,0,0,0,1,0,0,0,0,0,1,0,0,0,2017,35.8,29.8,46.9,24.1,0,539
"1001",0,0,0,0,0,0,0,0,0,1,0,0,0,1,0,0,0,0,0,2017,48.8,44.3,52,46,0,699
"1002",0,0,0,0,0,0,0,0,0,1,0,0,0,0,0,0,0,1,0,2017,46.1,39,52,42.1,0,647
"1003",0,0,0,0,0,0,0,0,0,1,0,0,0,0,0,0,0,0,1,2017,43.9,37.1,48.9,39,0,713
"1004",0,0,0,0,0,0,0,0,0,1,0,0,0,0,0,0,1,0,0,2017,46.6,43.4,54,39,0,811
"1005",0,0,0,0,0,0,0,0,0,1,0,0,1,0,0,0,0,0,0,2017,43.8,33.2,54,42.1,0,814
"1006",0,0,0,0,0,0,0,0,0,1,0,0,0,0,1,0,0,0,0,2017,43.5,31.4,53.1,28,0,629
"1007",0,0,0,0,0,0,0,0,0,1,0,0,0,0,0,1,0,0,0,2017,54.8,50.4,59,44.1,0,573
"1008",0,0,0,0,0,0,0,0,0,1,0,0,0,1,0,0,0,0,0,2017,40.5,24.6,45,37.9,0,748
"1009",0,0,0,0,0,0,0,0,0,1,0,0,0,0,0,0,0,1,0,2017,51.1,39,57.9,37,0,790
"1010",0,0,0,0,0,0,0,0,0,1,0,0,0,0,0,0,0,0,1,2017,54.2,52.3,57.9,45,0,774
"1011",0,0,0,0,0,0,0,0,0,1,0,0,0,0,0,0,1,0,0,2017,38.7,30.1,57,34,0,469
"1012",0,0,0,0,0,0,0,0,0,1,0,0,1,0,0,0,0,0,0,2017,40.8,30.7,50,33.1,0,502
"1013",0,0,0,0,0,0,0,0,0,1,0,0,0,0,1,0,0,0,0,2017,50.1,47.2,55.9,34,0,456
"1014",0,0,0,0,0,0,0,0,0,1,0,0,0,0,0,1,0,0,0,2017,48.9,39.7,55.9,41,0,485
"1015",0,0,0,0,0,0,0,0,0,1,0,0,0,1,0,0,0,0,0,2017,43,28.8,52,39,0,635
"1016",0,0,0,0,0,0,0,0,0,1,0,0,0,0,0,0,0,1,0,2017,37.9,27.4,48.9,28,0,649
"1017",0,0,0,0,0,0,0,0,0,1,0,0,0,0,0,0,0,0,1,2017,52.2,47.6,59,46,0,701
"1018",0,0,0,0,0,0,0,0,0,1,0,0,0,0,0,0,1,0,0,2017,43.2,34,59,33.1,0,663
"1019",0,0,1,0,0,0,0,0,0,0,0,0,1,0,0,0,0,0,0,2017,48.2,44.2,52,33.1,0,772
"1020",0,0,1,0,0,0,0,0,0,0,0,0,0,0,1,0,0,0,0,2017,42.5,34.2,52,35.1,0,575
"1021",0,0,1,0,0,0,0,0,0,0,0,0,0,0,0,1,0,0,0,2017,42.6,36.3,48.9,35.1,0,448
"1022",0,0,1,0,0,0,0,0,0,0,0,0,0,1,0,0,0,0,0,2017,40.9,35.1,48.9,33.1,0,684
"1023",0,0,1,0,0,0,0,0,0,0,0,0,0,0,0,0,0,1,0,2017,42,38.5,52,28,0,704
"1024",0,0,1,0,0,0,0,0,0,0,0,0,0,0,0,0,0,0,1,2017,51.3,48.7,57,28,0,651
"1025",0,0,1,0,0,0,0,0,0,0,0,0,0,0,0,0,1,0,0,2017,43.4,28.1,57,39,0,693
"1026",0,0,1,0,0,0,0,0,0,0,0,0,1,0,0,0,0,0,0,2017,41,26.6,48,37.9,0,682
"1027",0,0,1,0,0,0,0,0,0,0,0,0,0,0,1,0,0,0,0,2017,38.7,36.7,43,37,0,538
"1028",0,0,1,0,0,0,0,0,0,0,0,0,0,0,0,1,0,0,0,2017,39,34.6,42.1,35.1,0,513
"1029",0,0,1,0,0,0,0,0,0,0,0,0,0,1,0,0,0,0,0,2017,38.4,28.3,42.1,32,0,725
"1030",0,0,1,0,0,0,0,0,0,0,0,0,0,0,0,0,0,1,0,2017,42.6,38.1,51.1,26.1,0,687
"1031",0,0,1,0,0,0,0,0,0,0,0,0,0,0,0,0,0,0,1,2017,32.8,25.1,51.1,25,0,709
"1032",0,0,1,0,0,0,0,0,0,0,0,0,0,0,1,0,0,0,0,2017,30.9,24.3,35.1,17.1,0,661
"1033",0,0,1,0,0,0,0,0,0,0,0,0,0,0,0,1,0,0,0,2017,27.6,13.8,35.1,24.1,0,547
"1034",0,0,1,0,0,0,0,0,0,0,0,0,0,1,0,0,0,0,0,2017,32.7,23.9,43,24.1,0,706
"1035",0,0,1,0,0,0,0,0,0,0,0,0,0,0,0,0,0,1,0,2017,44.9,41.8,51.1,41,0,657
"1036",0,0,1,0,0,0,0,0,0,0,0,0,0,0,0,0,0,0,1,2017,44.3,31.7,51.1,37,0,700
"1037",0,0,1,0,0,0,0,0,0,0,0,0,0,0,0,0,1,0,0,2017,32.4,19.7,36,26.1,0,742
"1038",0,0,1,0,0,0,0,0,0,0,0,0,1,0,0,0,0,0,0,2017,32.7,24.3,41,24.1,0,720
"1039",0,0,1,0,0,0,0,0,0,0,0,0,0,0,1,0,0,0,0,2017,45.6,45.4,53.1,26.1,1,565
"1040",0,0,1,0,0,0,0,0,0,0,0,0,0,0,0,1,0,0,0,2017,41.9,37.7,53.1,37.9,0,469
"1041",0,0,1,0,0,0,0,0,0,0,0,0,0,0,0,0,0,1,0,2017,29.5,12.4,50,25,0,543
"1042",0,0,1,0,0,0,0,0,0,0,0,0,0,0,0,0,0,0,1,2017,21.9,5,32,18,0,577
"1043",0,0,1,0,0,0,0,0,0,0,0,0,0,0,0,0,1,0,0,2017,15.3,-1.4,24.1,12,0,609
"1044",0,0,1,0,0,0,0,0,0,0,0,0,1,0,0,0,0,0,0,2017,13.7,5.4,21.9,6.1,0,598
"1045",0,0,1,0,0,0,0,0,0,0,0,0,0,0,1,0,0,0,0,2017,16.7,3.7,21.9,6.1,0,565
"1046",0,0,1,0,0,0,0,0,0,0,0,0,0,0,0,1,0,0,0,2017,21,17.9,21.9,19.9,0,462
