"","Apr","Aug","Dec","Feb","Jan","Jul","Jun","Mar","May","Nov","Oct","Sep","Fri","Mon","Sat","Sun","Thu","Tue","Wed","year","temp","dewp","wdsp","NUM_COLLISIONS"
"1",0,0,0,0,1,0,0,0,0,0,0,0,1,0,0,0,0,0,0,2015,40.4,21.5,13.1,442
"2",0,0,0,0,1,0,0,0,0,0,0,0,0,0,1,0,0,0,0,2015,34.5,19.8,11.1,456
"3",0,0,0,0,1,0,0,0,0,0,0,0,0,1,0,0,0,0,0,2015,44,32.1,16.3,498
"4",0,0,0,0,1,0,0,0,0,0,0,0,0,0,0,0,0,1,0,2015,20.8,5.2,10.3,777
"5",0,0,0,0,1,0,0,0,0,0,0,0,0,0,0,0,0,0,1,2015,22.6,10.2,12.1,538
"6",0,0,0,0,1,0,0,0,0,0,0,0,0,0,0,0,1,0,0,2015,13.1,-2.4,14.8,573
"7",0,0,0,0,1,0,0,0,0,0,0,0,1,0,0,0,0,0,0,2015,35.2,22.5,21,751
"8",0,0,0,0,1,0,0,0,0,0,0,0,0,0,1,0,0,0,0,2015,26.9,10,10.2,481
"9",0,0,0,0,1,0,0,0,0,0,0,0,0,1,0,0,0,0,0,2015,40.9,35.6,6.3,580
"10",0,0,0,0,1,0,0,0,0,0,0,0,0,0,0,0,0,1,0,2015,32.6,25.6,16.3,613
"11",0,0,0,0,1,0,0,0,0,0,0,0,0,0,0,0,0,0,1,2015,32.1,24,9.6,506
"12",0,0,0,0,1,0,0,0,0,0,0,0,0,0,0,0,1,0,0,2015,35.8,33.6,14.1,548
"13",0,0,0,0,1,0,0,0,0,0,0,0,1,0,0,0,0,0,0,2015,34.5,23.4,14.9,563
"14",0,0,0,0,1,0,0,0,0,0,0,0,0,0,1,0,0,0,0,2015,20.2,1.9,13.3,495
"15",0,0,0,0,1,0,0,0,0,0,0,0,0,1,0,0,0,0,0,2015,41.7,36,13.5,496
"16",0,0,0,0,1,0,0,0,0,0,0,0,0,0,0,0,0,1,0,2015,35.7,23.4,13.1,500
"17",0,0,0,0,1,0,0,0,0,0,0,0,0,0,0,0,0,0,1,2015,32.3,17.7,7.9,495
"18",0,0,0,0,1,0,0,0,0,0,0,0,0,0,0,0,1,0,0,2015,35.5,30.5,8.4,508
"19",0,0,0,0,1,0,0,0,0,0,0,0,1,0,0,0,0,0,0,2015,31.6,20.4,10.4,598
"20",0,0,0,0,1,0,0,0,0,0,0,0,0,0,1,0,0,0,0,2015,38.5,34.8,12.4,428
"21",0,0,0,0,1,0,0,0,0,0,0,0,0,1,0,0,0,0,0,2015,31.2,20.9,12.7,484
"22",0,0,0,0,1,0,0,0,0,0,0,0,0,0,0,0,0,0,1,2015,21.6,14.7,16.6,458
"23",0,0,0,0,1,0,0,0,0,0,0,0,0,0,0,0,1,0,0,2015,29.2,20.9,8.5,519
"24",0,0,0,0,1,0,0,0,0,0,0,0,1,0,0,0,0,0,0,2015,35.1,31.1,8.1,622
"25",0,0,0,0,1,0,0,0,0,0,0,0,0,0,1,0,0,0,0,2015,24.5,12.9,20.3,526
"26",0,0,0,1,0,0,0,0,0,0,0,0,0,1,0,0,0,0,0,2015,33.1,27.4,12.8,680
"27",0,0,0,1,0,0,0,0,0,0,0,0,0,0,0,0,0,1,0,2015,21,11.7,17.6,740
"28",0,0,0,1,0,0,0,0,0,0,0,0,0,0,0,0,0,0,1,2015,28.1,18.4,7.6,585
"29",0,0,0,1,0,0,0,0,0,0,0,0,0,0,0,0,1,0,0,2015,34.1,28.9,12.9,569
"30",0,0,0,1,0,0,0,0,0,0,0,0,1,0,0,0,0,0,0,2015,16.8,5,15.8,652
"31",0,0,0,1,0,0,0,0,0,0,0,0,0,0,1,0,0,0,0,2015,27.4,16,10.3,449
"32",0,0,0,1,0,0,0,0,0,0,0,0,0,1,0,0,0,0,0,2015,37.1,34.3,14.9,547
"33",0,0,0,1,0,0,0,0,0,0,0,0,0,0,0,0,0,1,0,2015,36.4,32.9,21.1,571
"34",0,0,0,1,0,0,0,0,0,0,0,0,0,0,0,0,0,0,1,2015,32.6,23.3,23.9,610
"35",0,0,0,1,0,0,0,0,0,0,0,0,0,0,0,0,1,0,0,2015,31,23.6,9.5,526
"36",0,0,0,1,0,0,0,0,0,0,0,0,1,0,0,0,0,0,0,2015,21.8,11,16.2,757
"37",0,0,0,1,0,0,0,0,0,0,0,0,0,0,1,0,0,0,0,2015,20.6,8.9,8.4,436
"38",0,0,0,1,0,0,0,0,0,0,0,0,0,0,0,1,0,0,0,2015,25.7,21,19.6,454
"39",0,0,0,1,0,0,0,0,0,0,0,0,0,0,0,0,0,1,0,2015,21.7,11.8,7.7,620
"40",0,0,0,1,0,0,0,0,0,0,0,0,0,0,0,0,0,0,1,2015,30.6,24.5,8.8,626
"41",0,0,0,1,0,0,0,0,0,0,0,0,0,0,0,0,1,0,0,2015,27,19.7,11,515
"42",0,0,0,1,0,0,0,0,0,0,0,0,1,0,0,0,0,0,0,2015,14.1,-0.8,18.8,621
"43",0,0,0,1,0,0,0,0,0,0,0,0,0,0,1,0,0,0,0,2015,21.9,10.6,8.5,517
"44",0,0,0,1,0,0,0,0,0,0,0,0,0,0,0,1,0,0,0,2015,36,34,7.7,519
"45",0,0,0,1,0,0,0,0,0,0,0,0,0,1,0,0,0,0,0,2015,29.4,19.6,8.9,574
"46",0,0,0,1,0,0,0,0,0,0,0,0,0,0,0,0,0,1,0,2015,14.3,0.2,11.9,580
"47",0,0,0,1,0,0,0,0,0,0,0,0,0,0,0,0,0,0,1,2015,29.9,21.8,12.4,628
"48",0,0,0,1,0,0,0,0,0,0,0,0,0,0,0,0,1,0,0,2015,28,19.6,12,539
"49",0,0,0,1,0,0,0,0,0,0,0,0,1,0,0,0,0,0,0,2015,24.2,12.2,9.3,703
"50",0,0,0,1,0,0,0,0,0,0,0,0,0,0,1,0,0,0,0,2015,22.2,9.9,7.2,538
"51",0,0,0,0,0,0,0,1,0,0,0,0,0,0,0,1,0,0,0,2015,23.1,14.2,5.1,693
"52",0,0,0,0,0,0,0,1,0,0,0,0,0,1,0,0,0,0,0,2015,33.4,27.2,10.9,650
"53",0,0,0,0,0,0,0,1,0,0,0,0,0,0,0,0,0,1,0,2015,27,10.3,10.8,631
"54",0,0,0,0,0,0,0,1,0,0,0,0,0,0,0,0,0,0,1,2015,36.1,33.8,14.8,574
"55",0,0,0,0,0,0,0,1,0,0,0,0,0,0,1,0,0,0,0,2015,25,15.9,10.9,578
"56",0,0,0,0,0,0,0,1,0,0,0,0,0,0,0,1,0,0,0,2015,33.8,28,8,464
"57",0,0,0,0,0,0,0,1,0,0,0,0,0,1,0,0,0,0,0,2015,35.6,26.1,9.5,661
"58",0,0,0,0,0,0,0,1,0,0,0,0,0,0,0,0,0,1,0,2015,36.5,30.3,6,584
"59",0,0,0,0,0,0,0,1,0,0,0,0,0,0,0,0,0,0,1,2015,42.1,38.5,12.3,565
"60",0,0,0,0,0,0,0,1,0,0,0,0,0,0,0,0,1,0,0,2015,38.1,21.9,14.1,586
"61",0,0,0,0,0,0,0,1,0,0,0,0,1,0,0,0,0,0,0,2015,31.1,11.6,12.3,609
"62",0,0,0,0,0,0,0,1,0,0,0,0,0,0,1,0,0,0,0,2015,38.7,33.3,10.8,507
"63",0,0,0,0,0,0,0,1,0,0,0,0,0,0,0,1,0,0,0,2015,38.5,33.8,12.3,459
"64",0,0,0,0,0,0,0,1,0,0,0,0,0,1,0,0,0,0,0,2015,32.9,18.5,17.1,529
"65",0,0,0,0,0,0,0,1,0,0,0,0,0,0,0,0,0,1,0,2015,38.6,34.1,10.1,528
"66",0,0,0,0,0,0,0,1,0,0,0,0,0,0,0,0,0,0,1,2015,31,3.9,21.1,547
"67",0,0,0,0,0,0,0,1,0,0,0,0,0,0,0,0,1,0,0,2015,27.6,-1.5,18.3,582
"68",0,0,0,0,0,0,0,1,0,0,0,0,1,0,0,0,0,0,0,2015,30.3,13.2,6.3,570
"69",0,0,0,0,0,0,0,1,0,0,0,0,0,0,1,0,0,0,0,2015,34.2,31,8.5,507
"70",0,0,0,0,0,0,0,1,0,0,0,0,0,0,0,1,0,0,0,2015,35.1,18.8,15.7,432
"71",0,0,0,0,0,0,0,1,0,0,0,0,0,1,0,0,0,0,0,2015,27.2,1.4,14.9,586
"72",0,0,0,0,0,0,0,1,0,0,0,0,0,0,0,0,0,1,0,2015,31.4,16.3,6.7,601
"73",0,0,0,0,0,0,0,1,0,0,0,0,0,0,0,0,0,0,1,2015,33.6,24.1,6.7,538
"74",0,0,0,0,0,0,0,1,0,0,0,0,0,0,0,0,1,0,0,2015,42.6,39.7,12.8,525
"75",0,0,0,0,0,0,0,1,0,0,0,0,1,0,0,0,0,0,0,2015,42.4,40,13.1,532
"76",0,0,0,0,0,0,0,1,0,0,0,0,0,0,1,0,0,0,0,2015,37.4,34.5,12.7,459
"77",0,0,0,0,0,0,0,1,0,0,0,0,0,0,0,1,0,0,0,2015,34.9,23.9,10.6,505
"78",0,0,0,0,0,0,0,1,0,0,0,0,0,1,0,0,0,0,0,2015,36.8,28.3,11,556
"79",0,0,0,0,0,0,0,1,0,0,0,0,0,0,0,0,0,1,0,2015,39.4,31.2,13.6,628
"80",1,0,0,0,0,0,0,0,0,0,0,0,0,0,0,0,0,0,1,2015,37.9,24.8,11.5,648
"81",1,0,0,0,0,0,0,0,0,0,0,0,0,0,0,0,1,0,0,2015,37.1,27.6,7,653
"82",1,0,0,0,0,0,0,0,0,0,0,0,1,0,0,0,0,0,0,2015,45,41.6,14.6,491
"83",1,0,0,0,0,0,0,0,0,0,0,0,0,0,1,0,0,0,0,2015,47.3,39.1,13.7,507
"84",1,0,0,0,0,0,0,0,0,0,0,0,0,1,0,0,0,0,0,2015,43.2,36.1,6.8,510
"85",1,0,0,0,0,0,0,0,0,0,0,0,0,0,0,0,0,1,0,2015,44.2,40.5,9.3,452
"86",1,0,0,0,0,0,0,0,0,0,0,0,0,0,0,0,0,0,1,2015,41.2,34.2,14.8,457
"87",1,0,0,0,0,0,0,0,0,0,0,0,0,0,0,0,1,0,0,2015,39.4,35.5,18.7,452
"88",1,0,0,0,0,0,0,0,0,0,0,0,1,0,0,0,0,0,0,2015,43.9,41.7,9.4,486
"89",1,0,0,0,0,0,0,0,0,0,0,0,0,0,1,0,0,0,0,2015,47.8,40.7,12.4,576
"90",1,0,0,0,0,0,0,0,0,0,0,0,0,0,0,1,0,0,0,2015,45,31.4,10.1,443
"91",1,0,0,0,0,0,0,0,0,0,0,0,0,1,0,0,0,0,0,2015,45,38.2,9.1,554
"92",1,0,0,0,0,0,0,0,0,0,0,0,0,0,0,0,0,1,0,2015,49.8,46.3,10.2,542
"93",1,0,0,0,0,0,0,0,0,0,0,0,0,0,0,0,0,0,1,2015,50.6,35.8,6.9,595
"94",1,0,0,0,0,0,0,0,0,0,0,0,0,0,0,0,1,0,0,2015,46.4,28.5,8.6,560
"95",1,0,0,0,0,0,0,0,0,0,0,0,1,0,0,0,0,0,0,2015,47.5,43.2,12.5,679
"96",1,0,0,0,0,0,0,0,0,0,0,0,0,0,1,0,0,0,0,2015,51.9,45.2,7.7,605
"97",1,0,0,0,0,0,0,0,0,0,0,0,0,0,0,1,0,0,0,2015,46.3,37.4,11,471
"98",1,0,0,0,0,0,0,0,0,0,0,0,0,1,0,0,0,0,0,2015,45.2,40.7,16.2,630
"99",1,0,0,0,0,0,0,0,0,0,0,0,0,0,0,0,0,1,0,2015,51.5,48.6,14.3,645
"100",1,0,0,0,0,0,0,0,0,0,0,0,0,0,0,0,0,0,1,2015,49.8,39.7,8.6,568
"101",1,0,0,0,0,0,0,0,0,0,0,0,0,0,0,0,1,0,0,2015,46.9,37.6,13.4,612
"102",1,0,0,0,0,0,0,0,0,0,0,0,1,0,0,0,0,0,0,2015,44,27.7,14.6,676
"103",1,0,0,0,0,0,0,0,0,0,0,0,0,0,1,0,0,0,0,2015,43.7,27.5,12.9,592
"104",1,0,0,0,0,0,0,0,0,0,0,0,0,0,0,1,0,0,0,2015,46.1,34,7.4,477
"105",1,0,0,0,0,0,0,0,0,0,0,0,0,1,0,0,0,0,0,2015,49,37.9,8.9,558
"106",1,0,0,0,0,0,0,0,0,0,0,0,0,0,0,0,0,1,0,2015,46,35.9,15.7,613
"107",1,0,0,0,0,0,0,0,0,0,0,0,0,0,0,0,0,0,1,2015,49.3,38.5,7.8,679
"108",1,0,0,0,0,0,0,0,0,0,0,0,0,0,0,0,1,0,0,2015,48.1,38.3,7.8,640
"109",0,0,0,0,0,0,0,0,1,0,0,0,1,0,0,0,0,0,0,2015,43.8,37.2,13.3,642
"110",0,0,0,0,0,0,0,0,1,0,0,0,0,0,1,0,0,0,0,2015,44.4,36.7,9.6,540
"111",0,0,0,0,0,0,0,0,1,0,0,0,0,0,0,1,0,0,0,2015,44.5,38,5.3,555
"112",0,0,0,0,0,0,0,0,1,0,0,0,0,1,0,0,0,0,0,2015,52.2,47.2,8.8,641
"113",0,0,0,0,0,0,0,0,1,0,0,0,0,0,0,0,0,1,0,2015,57.1,48.6,11,638
"114",0,0,0,0,0,0,0,0,1,0,0,0,0,0,0,0,0,0,1,2015,55.3,42.1,6.8,568
"115",0,0,0,0,0,0,0,0,1,0,0,0,0,0,0,0,1,0,0,2015,55.9,42.3,7.2,684
"116",0,0,0,0,0,0,0,0,1,0,0,0,1,0,0,0,0,0,0,2015,52.4,47.8,8.8,709
"117",0,0,0,0,0,0,0,0,1,0,0,0,0,0,1,0,0,0,0,2015,54.3,50.9,6.4,560
"118",0,0,0,0,0,0,0,0,1,0,0,0,0,0,0,1,0,0,0,2015,57,54.8,8.3,549
"119",0,0,0,0,0,0,0,0,1,0,0,0,0,1,0,0,0,0,0,2015,57.9,55.9,11.1,645
"120",0,0,0,0,0,0,0,0,1,0,0,0,0,0,0,0,0,1,0,2015,58.3,56.2,11.3,684
"121",0,0,0,0,0,0,0,0,1,0,0,0,0,0,0,0,0,0,1,2015,59.5,47.2,12.2,655
"122",0,0,0,0,0,0,0,0,1,0,0,0,0,0,0,0,1,0,0,2015,54,39.9,6.9,654
"123",0,0,0,0,0,0,0,0,1,0,0,0,1,0,0,0,0,0,0,2015,54.4,46.4,9.7,723
"124",0,0,0,0,0,0,0,0,1,0,0,0,0,0,1,0,0,0,0,2015,55.5,50.3,7.5,650
"125",0,0,0,0,0,0,0,0,1,0,0,0,0,0,0,1,0,0,0,2015,63.1,56.2,9.1,543
"126",0,0,0,0,0,0,0,0,1,0,0,0,0,1,0,0,0,0,0,2015,53.9,48.8,9.4,566
"127",0,0,0,0,0,0,0,0,1,0,0,0,0,0,0,0,0,1,0,2015,51.4,49.9,8.6,606
"128",0,0,0,0,0,0,0,0,1,0,0,0,0,0,0,0,0,0,1,2015,58.8,50.1,11.2,666
"129",0,0,0,0,0,0,0,0,1,0,0,0,0,0,0,0,1,0,0,2015,54.8,41.1,7.7,615
"130",0,0,0,0,0,0,0,0,1,0,0,0,1,0,0,0,0,0,0,2015,53.8,48,9.2,727
"131",0,0,0,0,0,0,0,0,1,0,0,0,0,0,1,0,0,0,0,2015,54.8,33.2,15,546
"132",0,0,0,0,0,0,0,0,1,0,0,0,0,0,0,1,0,0,0,2015,56.5,48.2,15.5,432
"133",0,0,0,0,0,0,0,0,1,0,0,0,0,0,0,0,0,1,0,2015,61.1,56.2,14.4,686
"134",0,0,0,0,0,0,0,0,1,0,0,0,0,0,0,0,0,0,1,2015,62.4,57.8,13.4,697
"135",0,0,0,0,0,0,0,0,1,0,0,0,0,0,0,0,1,0,0,2015,62.4,57.6,11.7,682
"136",0,0,0,0,0,0,0,0,1,0,0,0,1,0,0,0,0,0,0,2015,65.4,57.4,5.7,813
"137",0,0,0,0,0,0,0,0,1,0,0,0,0,0,1,0,0,0,0,2015,63.3,59.9,8.5,622
"138",0,0,0,0,0,0,0,0,1,0,0,0,0,0,0,1,0,0,0,2015,64.7,60.9,11.2,555
"139",0,0,0,0,0,0,1,0,0,0,0,0,0,1,0,0,0,0,0,2015,55.9,52.8,12.7,691
"140",0,0,0,0,0,0,1,0,0,0,0,0,0,0,0,0,0,1,0,2015,53.4,50.1,13.7,642
"141",0,0,0,0,0,0,1,0,0,0,0,0,0,0,0,0,0,0,1,2015,53,44.9,13.9,658
"142",0,0,0,0,0,0,1,0,0,0,0,0,0,0,0,0,1,0,0,2015,52.2,42.8,7.9,552
"143",0,0,0,0,0,0,1,0,0,0,0,0,1,0,0,0,0,0,0,2015,53.1,46.6,7.3,692
"144",0,0,0,0,0,0,1,0,0,0,0,0,0,0,1,0,0,0,0,2015,58,52.5,11.5,598
"145",0,0,0,0,0,0,1,0,0,0,0,0,0,0,0,1,0,0,0,2015,59.5,45.8,7.7,559
"146",0,0,0,0,0,0,1,0,0,0,0,0,0,1,0,0,0,0,0,2015,59.6,51.8,10.6,634
"147",0,0,0,0,0,0,1,0,0,0,0,0,0,0,0,0,0,1,0,2015,64,59.9,14.2,652
"148",0,0,0,0,0,0,1,0,0,0,0,0,0,0,0,0,0,0,1,2015,65.2,58.5,8.8,667
"149",0,0,0,0,0,0,1,0,0,0,0,0,0,0,0,0,1,0,0,2015,64.6,59.7,11.8,666
"150",0,0,0,0,0,0,1,0,0,0,0,0,1,0,0,0,0,0,0,2015,67,60.2,6.8,451
"151",0,0,0,0,0,0,1,0,0,0,0,0,0,0,0,1,0,0,0,2015,66.9,53.5,8.9,578
"152",0,0,0,0,0,0,1,0,0,0,0,0,0,1,0,0,0,0,0,2015,57.8,51.4,9.9,506
"153",0,0,0,0,0,0,1,0,0,0,0,0,0,0,0,0,0,1,0,2015,64.2,61.9,7.1,593
"154",0,0,0,0,0,0,1,0,0,0,0,0,0,0,0,0,0,0,1,2015,64.8,53.9,14.5,706
"155",0,0,0,0,0,0,1,0,0,0,0,0,0,0,0,0,1,0,0,2015,59.1,47.7,3.9,615
"156",0,0,0,0,0,0,1,0,0,0,0,0,1,0,0,0,0,0,0,2015,65.6,58,7.4,732
"157",0,0,0,0,0,0,1,0,0,0,0,0,0,0,1,0,0,0,0,2015,62,56,9,505
"158",0,0,0,0,0,0,1,0,0,0,0,0,0,0,0,1,0,0,0,2015,64.9,61.5,11.3,620
"159",0,0,0,0,0,0,1,0,0,0,0,0,0,1,0,0,0,0,0,2015,67.1,62.7,6.2,774
"160",0,0,0,0,0,0,1,0,0,0,0,0,0,0,0,0,0,1,0,2015,65.5,61.1,10.2,703
"161",0,0,0,0,0,0,1,0,0,0,0,0,0,0,0,0,0,0,1,2015,70.8,62.5,9.4,778
"162",0,0,0,0,0,0,1,0,0,0,0,0,0,0,0,0,1,0,0,2015,68.7,57.9,7.4,670
"163",0,0,0,0,0,0,1,0,0,0,0,0,1,0,0,0,0,0,0,2015,66,60.5,7.9,774
"164",0,0,0,0,0,0,1,0,0,0,0,0,0,0,1,0,0,0,0,2015,61.5,55.4,8.4,595
"165",0,0,0,0,0,0,1,0,0,0,0,0,0,0,0,1,0,0,0,2015,64.4,61.6,13,535
"166",0,0,0,0,0,0,1,0,0,0,0,0,0,1,0,0,0,0,0,2015,64.3,59.4,9.7,662
"167",0,0,0,0,0,0,1,0,0,0,0,0,0,0,0,0,0,1,0,2015,67.1,61.8,7.1,622
"168",0,0,0,0,0,1,0,0,0,0,0,0,0,0,0,0,0,0,1,2015,65.5,62.2,10.4,683
"169",0,0,0,0,0,1,0,0,0,0,0,0,0,0,0,0,1,0,0,2015,68.7,62.5,7,603
"170",0,0,0,0,0,1,0,0,0,0,0,0,1,0,0,0,0,0,0,2015,68.3,58.3,5.8,549
"171",0,0,0,0,0,1,0,0,0,0,0,0,0,0,0,1,0,0,0,2015,65.8,59.5,8.2,467
"172",0,0,0,0,0,1,0,0,0,0,0,0,0,1,0,0,0,0,0,2015,69.2,64.4,8.2,598
"173",0,0,0,0,0,1,0,0,0,0,0,0,0,0,0,0,0,1,0,2015,68.1,64.3,8.2,646
"174",0,0,0,0,0,1,0,0,0,0,0,0,0,0,0,0,0,0,1,2015,70.6,67.8,9.8,620
"175",0,0,0,0,0,1,0,0,0,0,0,0,0,0,0,0,1,0,0,2015,69.1,61.2,9.8,567
"176",0,0,0,0,0,1,0,0,0,0,0,0,1,0,0,0,0,0,0,2015,65.2,60.1,7.9,709
"177",0,0,0,0,0,1,0,0,0,0,0,0,0,0,1,0,0,0,0,2015,71.8,62.1,8.4,597
"178",0,0,0,0,0,1,0,0,0,0,0,0,0,0,0,1,0,0,0,2015,71.5,64.6,9.3,521
"179",0,0,0,0,0,1,0,0,0,0,0,0,0,1,0,0,0,0,0,2015,70.9,64.9,5.3,668
"180",0,0,0,0,0,1,0,0,0,0,0,0,0,0,0,0,0,1,0,2015,67.4,63,9.2,657
"181",0,0,0,0,0,1,0,0,0,0,0,0,0,0,0,0,0,0,1,2015,72.3,68.8,4.5,611
"182",0,0,0,0,0,1,0,0,0,0,0,0,0,0,0,0,1,0,0,2015,67.3,57.3,16.6,686
"183",0,0,0,0,0,1,0,0,0,0,0,0,1,0,0,0,0,0,0,2015,64.9,57.6,6,659
"184",0,0,0,0,0,1,0,0,0,0,0,0,0,0,1,0,0,0,0,2015,67.8,60.5,9.7,561
"185",0,0,0,0,0,1,0,0,0,0,0,0,0,0,0,1,0,0,0,2015,71.4,67.9,9,545
"186",0,0,0,0,0,1,0,0,0,0,0,0,0,1,0,0,0,0,0,2015,73.4,69.9,9.3,727
"187",0,0,0,0,0,1,0,0,0,0,0,0,0,0,0,0,0,1,0,2015,72.6,69.7,5.4,606
"188",0,0,0,0,0,1,0,0,0,0,0,0,0,0,0,0,0,0,1,2015,73.7,65,9.2,618
"189",0,0,0,0,0,1,0,0,0,0,0,0,0,0,0,0,1,0,0,2015,71.9,60.8,8.3,623
"190",0,0,0,0,0,1,0,0,0,0,0,0,1,0,0,0,0,0,0,2015,71.7,60.3,7.5,490
"191",0,0,0,0,0,1,0,0,0,0,0,0,0,0,1,0,0,0,0,2015,68.5,60.2,4.4,451
"192",0,0,0,0,0,1,0,0,0,0,0,0,0,0,0,1,0,0,0,2015,65.8,61.6,8.5,551
"193",0,0,0,0,0,1,0,0,0,0,0,0,0,1,0,0,0,0,0,2015,71.1,66.5,8.3,626
"194",0,0,0,0,0,1,0,0,0,0,0,0,0,0,0,0,0,1,0,2015,72.4,68.7,7.2,643
"195",0,0,0,0,0,1,0,0,0,0,0,0,0,0,0,0,0,0,1,2015,76,69.9,6.8,629
"196",0,0,0,0,0,1,0,0,0,0,0,0,0,0,0,0,1,0,0,2015,74.2,70.7,9.7,717
"197",0,0,0,0,0,1,0,0,0,0,0,0,1,0,0,0,0,0,0,2015,76.7,68.5,8.5,753
"198",0,1,0,0,0,0,0,0,0,0,0,0,0,0,1,0,0,0,0,2015,73.4,68.5,9.2,668
"199",0,1,0,0,0,0,0,0,0,0,0,0,0,0,0,1,0,0,0,2015,75.9,64.8,7.8,550
"200",0,1,0,0,0,0,0,0,0,0,0,0,0,1,0,0,0,0,0,2015,74,68.2,8.9,705
"201",0,1,0,0,0,0,0,0,0,0,0,0,0,0,0,0,0,1,0,2015,75,71.7,10.4,666
"202",0,1,0,0,0,0,0,0,0,0,0,0,0,0,0,0,0,0,1,2015,74.5,68.8,7.8,619
"203",0,1,0,0,0,0,0,0,0,0,0,0,0,0,0,0,1,0,0,2015,73.5,59.6,9.3,630
"204",0,1,0,0,0,0,0,0,0,0,0,0,1,0,0,0,0,0,0,2015,71.2,61.9,7.4,726
"205",0,1,0,0,0,0,0,0,0,0,0,0,0,0,1,0,0,0,0,2015,69.7,61.1,11.8,545
"206",0,1,0,0,0,0,0,0,0,0,0,0,0,0,0,1,0,0,0,2015,67,62.1,13.1,489
"207",0,1,0,0,0,0,0,0,0,0,0,0,0,1,0,0,0,0,0,2015,66.9,60.8,6.6,611
"208",0,1,0,0,0,0,0,0,0,0,0,0,0,0,0,0,0,1,0,2015,67.9,64.4,12,601
"209",0,1,0,0,0,0,0,0,0,0,0,0,0,0,0,0,0,0,1,2015,71.9,67.4,7.9,643
"210",0,1,0,0,0,0,0,0,0,0,0,0,0,0,0,0,1,0,0,2015,71.1,65.8,5.2,714
"211",0,1,0,0,0,0,0,0,0,0,0,0,1,0,0,0,0,0,0,2015,70.4,63.5,4.8,729
"212",0,1,0,0,0,0,0,0,0,0,0,0,0,0,1,0,0,0,0,2015,71.8,67,6.7,582
"213",0,1,0,0,0,0,0,0,0,0,0,0,0,0,0,1,0,0,0,2015,74.3,68.8,8.5,552
"214",0,1,0,0,0,0,0,0,0,0,0,0,0,1,0,0,0,0,0,2015,74.1,70.4,8,592
"215",0,1,0,0,0,0,0,0,0,0,0,0,0,0,0,0,0,1,0,2015,74.5,71,8.8,623
"216",0,1,0,0,0,0,0,0,0,0,0,0,0,0,0,0,0,0,1,2015,73.9,70.1,5.4,594
"217",0,1,0,0,0,0,0,0,0,0,0,0,0,0,0,0,1,0,0,2015,73.4,69.4,9.7,600
"218",0,1,0,0,0,0,0,0,0,0,0,0,1,0,0,0,0,0,0,2015,73.6,70.2,9.7,753
"219",0,1,0,0,0,0,0,0,0,0,0,0,0,0,1,0,0,0,0,2015,73.9,71.1,6,581
"220",0,1,0,0,0,0,0,0,0,0,0,0,0,0,0,1,0,0,0,2015,73.4,69.9,7.6,492
"221",0,1,0,0,0,0,0,0,0,0,0,0,0,1,0,0,0,0,0,2015,71.7,69.2,5.4,575
"222",0,1,0,0,0,0,0,0,0,0,0,0,0,0,0,0,0,1,0,2015,72.8,68.7,7.4,595
"223",0,1,0,0,0,0,0,0,0,0,0,0,0,0,0,0,0,0,1,2015,73.8,68.1,7.4,606
"224",0,1,0,0,0,0,0,0,0,0,0,0,0,0,0,0,1,0,0,2015,72.3,60.6,8.5,614
"225",0,1,0,0,0,0,0,0,0,0,0,0,1,0,0,0,0,0,0,2015,71.4,59.5,6.6,609
"226",0,1,0,0,0,0,0,0,0,0,0,0,0,0,1,0,0,0,0,2015,70.3,62.5,7,539
"227",0,1,0,0,0,0,0,0,0,0,0,0,0,0,0,1,0,0,0,2015,72.6,66.8,8.5,563
"228",0,1,0,0,0,0,0,0,0,0,0,0,0,1,0,0,0,0,0,2015,74.8,69.6,11.2,614
"229",0,0,0,0,0,0,0,0,0,0,0,1,0,0,0,0,0,1,0,2015,74.6,64.7,8.3,626
"230",0,0,0,0,0,0,0,0,0,0,0,1,0,0,0,0,0,0,1,2015,66,62.6,5.3,654
"231",0,0,0,0,0,0,0,0,0,0,0,1,0,0,0,0,1,0,0,2015,74.5,70,6,665
"232",0,0,0,0,0,0,0,0,0,0,0,1,1,0,0,0,0,0,0,2015,70.6,65.2,12,643
"233",0,0,0,0,0,0,0,0,0,0,0,1,0,0,1,0,0,0,0,2015,66.8,55.9,9.3,541
"234",0,0,0,0,0,0,0,0,0,0,0,1,0,0,0,1,0,0,0,2015,66.6,55.9,4.7,504
"235",0,0,0,0,0,0,0,0,0,0,0,1,0,1,0,0,0,0,0,2015,73,66.9,11.9,485
"236",0,0,0,0,0,0,0,0,0,0,0,1,0,0,0,0,0,1,0,2015,76.4,69.6,13.5,795
"237",0,0,0,0,0,0,0,0,0,0,0,1,0,0,0,0,0,0,1,2015,75.8,71,10.3,740
"238",0,0,0,0,0,0,0,0,0,0,0,1,0,0,0,0,1,0,0,2015,73.8,71.2,5.6,716
"239",0,0,0,0,0,0,0,0,0,0,0,1,1,0,0,0,0,0,0,2015,68.6,65.6,12.6,765
"240",0,0,0,0,0,0,0,0,0,0,0,1,0,0,1,0,0,0,0,2015,67.7,59.2,8.8,554
"241",0,0,0,0,0,0,0,0,0,0,0,1,0,0,0,1,0,0,0,2015,68.2,65,8.4,478
"242",0,0,0,0,0,0,0,0,0,0,0,1,0,1,0,0,0,0,0,2015,67.6,57.8,14.5,579
"243",0,0,0,0,0,0,0,0,0,0,0,1,0,0,0,0,0,1,0,2015,70.8,58.4,10.1,579
"244",0,0,0,0,0,0,0,0,0,0,0,1,0,0,0,0,0,0,1,2015,72.8,61.9,6.2,748
"245",0,0,0,0,0,0,0,0,0,0,0,1,0,0,0,0,1,0,0,2015,69.3,65.6,5.9,744
"246",0,0,0,0,0,0,0,0,0,0,0,1,1,0,0,0,0,0,0,2015,70.1,66.5,6.4,760
"247",0,0,0,0,0,0,0,0,0,0,0,1,0,0,1,0,0,0,0,2015,70.4,66.2,5.2,655
"248",0,0,0,0,0,0,0,0,0,0,0,1,0,0,0,1,0,0,0,2015,70.7,65.3,8.9,556
"249",0,0,0,0,0,0,0,0,0,0,0,1,0,1,0,0,0,0,0,2015,63.9,52.9,17.3,624
"250",0,0,0,0,0,0,0,0,0,0,0,1,0,0,0,0,0,1,0,2015,63.5,55.8,10.4,571
"251",0,0,0,0,0,0,0,0,0,0,0,1,0,0,0,0,0,0,1,2015,62.4,55.2,9.8,501
"252",0,0,0,0,0,0,0,0,0,0,0,1,0,0,0,0,1,0,0,2015,61.5,54.2,9.2,619
"253",0,0,0,0,0,0,0,0,0,0,0,1,1,0,0,0,0,0,0,2015,61.2,50.2,10.3,585
"254",0,0,0,0,0,0,0,0,0,0,0,1,0,0,1,0,0,0,0,2015,59.4,47.2,11.4,557
"255",0,0,0,0,0,0,0,0,0,0,0,1,0,0,0,1,0,0,0,2015,59.4,50.9,7,493
"256",0,0,0,0,0,0,0,0,0,0,0,1,0,1,0,0,0,0,0,2015,66.8,62,6.7,586
"257",0,0,0,0,0,0,0,0,0,0,0,1,0,0,0,0,0,1,0,2015,69.3,65.6,7.8,557
"258",0,0,0,0,0,0,0,0,0,0,0,1,0,0,0,0,0,0,1,2015,70.5,68.3,15.5,634
"259",0,0,0,0,0,0,0,0,0,0,1,0,0,0,0,0,1,0,0,2015,59.7,55.3,21.4,683
"260",0,0,0,0,0,0,0,0,0,0,1,0,1,0,0,0,0,0,0,2015,56,53.3,22.5,798
"261",0,0,0,0,0,0,0,0,0,0,1,0,0,0,1,0,0,0,0,2015,55.5,50.4,22.1,556
"262",0,0,0,0,0,0,0,0,0,0,1,0,0,0,0,1,0,0,0,2015,56.2,46.7,19.2,536
"263",0,0,0,0,0,0,0,0,0,0,1,0,0,1,0,0,0,0,0,2015,58.6,52.1,17.1,597
"264",0,0,0,0,0,0,0,0,0,0,1,0,0,0,0,0,0,1,0,2015,59.4,51.7,10.5,631
"265",0,0,0,0,0,0,0,0,0,0,1,0,0,0,0,0,0,0,1,2015,57,50.5,5.4,668
"266",0,0,0,0,0,0,0,0,0,0,1,0,0,0,0,0,1,0,0,2015,59.8,51.9,8.2,666
"267",0,0,0,0,0,0,0,0,0,0,1,0,1,0,0,0,0,0,0,2015,58.9,52.7,10.9,764
"268",0,0,0,0,0,0,0,0,0,0,1,0,0,0,1,0,0,0,0,2015,59.2,49.2,13.1,649
"269",0,0,0,0,0,0,0,0,0,0,1,0,0,0,0,1,0,0,0,2015,56,46.7,8.1,559
"270",0,0,0,0,0,0,0,0,0,0,1,0,0,1,0,0,0,0,0,2015,60.2,55.1,7.6,505
"271",0,0,0,0,0,0,0,0,0,0,1,0,0,0,0,0,0,1,0,2015,64.4,61.2,8.3,724
"272",0,0,0,0,0,0,0,0,0,0,1,0,0,0,0,0,0,0,1,2015,63.8,57.7,11.2,658
"273",0,0,0,0,0,0,0,0,0,0,1,0,0,0,0,0,1,0,0,2015,57.1,42,10.4,683
"274",0,0,0,0,0,0,0,0,0,0,1,0,1,0,0,0,0,0,0,2015,60.1,47.3,11.7,676
"275",0,0,0,0,0,0,0,0,0,0,1,0,0,0,1,0,0,0,0,2015,52.7,39.6,8.2,565
"276",0,0,0,0,0,0,0,0,0,0,1,0,0,0,0,1,0,0,0,2015,46.1,28,13.7,551
"277",0,0,0,0,0,0,0,0,0,0,1,0,0,1,0,0,0,0,0,2015,42.8,24.8,12.6,667
"278",0,0,0,0,0,0,0,0,0,0,1,0,0,0,0,0,0,1,0,2015,58.2,45.6,21.3,714
"279",0,0,0,0,0,0,0,0,0,0,1,0,0,0,0,0,0,0,1,2015,62.7,52.4,8.7,720
"280",0,0,0,0,0,0,0,0,0,0,1,0,0,0,0,0,1,0,0,2015,60.5,55.7,9.7,666
"281",0,0,0,0,0,0,0,0,0,0,1,0,1,0,0,0,0,0,0,2015,56.2,43,15.4,742
"282",0,0,0,0,0,0,0,0,0,0,1,0,0,0,1,0,0,0,0,2015,51.5,38.3,9.4,519
"283",0,0,0,0,0,0,0,0,0,0,1,0,0,0,0,1,0,0,0,2015,57,51.7,6.9,522
"284",0,0,0,0,0,0,0,0,0,0,1,0,0,1,0,0,0,0,0,2015,52.3,39.8,12.9,698
"285",0,0,0,0,0,0,0,0,0,0,1,0,0,0,0,0,0,1,0,2015,46.7,36.2,5.9,631
"286",0,0,0,0,0,0,0,0,0,0,1,0,0,0,0,0,0,0,1,2015,53.8,46.9,13.2,689
"287",0,0,0,0,0,0,0,0,0,0,1,0,0,0,0,0,1,0,0,2015,63.2,60.9,17.6,767
"288",0,0,0,0,0,0,0,0,0,0,1,0,1,0,0,0,0,0,0,2015,57.4,41.6,11.1,688
"289",0,0,0,0,0,0,0,0,0,1,0,0,0,1,0,0,0,0,0,2015,58.3,49.4,7.8,613
"290",0,0,0,0,0,0,0,0,0,1,0,0,0,0,0,0,0,1,0,2015,54.4,50.7,6.4,655
"291",0,0,0,0,0,0,0,0,0,1,0,0,0,0,0,0,0,0,1,2015,57,49.3,7.4,672
"292",0,0,0,0,0,0,0,0,0,1,0,0,0,0,0,0,1,0,0,2015,58.9,55.9,7.6,690
"293",0,0,0,0,0,0,0,0,0,1,0,0,1,0,0,0,0,0,0,2015,62.3,60.4,11.3,616
"294",0,0,0,0,0,0,0,0,0,1,0,0,0,0,1,0,0,0,0,2015,61.4,54.7,10.9,500
"295",0,0,0,0,0,0,0,0,0,1,0,0,0,0,0,1,0,0,0,2015,53.2,35.5,11,472
"296",0,0,0,0,0,0,0,0,0,1,0,0,0,1,0,0,0,0,0,2015,51.4,37.7,7.9,615
"297",0,0,0,0,0,0,0,0,0,1,0,0,0,0,0,0,0,1,0,2015,55.8,50.8,7.9,757
"298",0,0,0,0,0,0,0,0,0,1,0,0,0,0,0,0,0,0,1,2015,56.1,53.7,20.5,530
"299",0,0,0,0,0,0,0,0,0,1,0,0,0,0,0,0,1,0,0,2015,52.5,49,11.5,637
"300",0,0,0,0,0,0,0,0,0,1,0,0,1,0,0,0,0,0,0,2015,58.3,47.5,16.9,677
"301",0,0,0,0,0,0,0,0,0,1,0,0,0,0,1,0,0,0,0,2015,49,29,18.7,613
"302",0,0,0,0,0,0,0,0,0,1,0,0,0,0,0,1,0,0,0,2015,47.6,32.3,14.3,500
"303",0,0,0,0,0,0,0,0,0,1,0,0,0,1,0,0,0,0,0,2015,54,41.2,8.3,618
"304",0,0,0,0,0,0,0,0,0,1,0,0,0,0,0,0,0,1,0,2015,45.3,31.2,11.9,684
"305",0,0,0,0,0,0,0,0,0,1,0,0,0,0,0,0,0,0,1,2015,42.9,33.8,3.2,628
"306",0,0,0,0,0,0,0,0,0,1,0,0,0,0,0,0,1,0,0,2015,50.4,43.6,11.8,797
"307",0,0,0,0,0,0,0,0,0,1,0,0,1,0,0,0,0,0,0,2015,57,52.8,13.6,819
"308",0,0,0,0,0,0,0,0,0,1,0,0,0,0,1,0,0,0,0,2015,48.8,34.7,14.3,597
"309",0,0,0,0,0,0,0,0,0,1,0,0,0,0,0,1,0,0,0,2015,50.1,45.5,6.6,431
"310",0,0,0,0,0,0,0,0,0,1,0,0,0,1,0,0,0,0,0,2015,45.2,35.2,17.4,704
"311",0,0,0,0,0,0,0,0,0,1,0,0,0,0,0,0,0,1,0,2015,37.5,17,11.7,733
"312",0,0,0,0,0,0,0,0,0,1,0,0,0,0,0,0,0,0,1,2015,39.6,26.8,4.3,717
"313",0,0,0,0,0,0,0,0,0,1,0,0,1,0,0,0,0,0,0,2015,52.6,48.4,7.5,480
"314",0,0,0,0,0,0,0,0,0,1,0,0,0,0,1,0,0,0,0,2015,54.5,50.4,9.4,508
"315",0,0,0,0,0,0,0,0,0,1,0,0,0,0,0,1,0,0,0,2015,46.1,38.8,9.4,453
"316",0,0,0,0,0,0,0,0,0,1,0,0,0,1,0,0,0,0,0,2015,40.5,26.7,11.3,611
"317",0,0,1,0,0,0,0,0,0,0,0,0,0,0,0,0,0,1,0,2015,40.1,32.7,7.9,746
"318",0,0,1,0,0,0,0,0,0,0,0,0,0,0,0,0,0,0,1,2015,53.6,51.9,9.1,655
"319",0,0,1,0,0,0,0,0,0,0,0,0,0,0,0,0,1,0,0,2015,53.5,47.1,13,623
"320",0,0,1,0,0,0,0,0,0,0,0,0,1,0,0,0,0,0,0,2015,45.6,32,10.9,680
"321",0,0,1,0,0,0,0,0,0,0,0,0,0,0,1,0,0,0,0,2015,45.6,34,6.1,629
"322",0,0,1,0,0,0,0,0,0,0,0,0,0,0,0,1,0,0,0,2015,45.4,40.9,6.2,485
"323",0,0,1,0,0,0,0,0,0,0,0,0,0,1,0,0,0,0,0,2015,50.8,45.5,9.2,668
"324",0,0,1,0,0,0,0,0,0,0,0,0,0,0,0,0,0,1,0,2015,47.4,42.3,11.3,618
"325",0,0,1,0,0,0,0,0,0,0,0,0,0,0,0,0,0,0,1,2015,43.7,32.9,8.7,575
"326",0,0,1,0,0,0,0,0,0,0,0,0,0,0,0,0,1,0,0,2015,51.1,46.4,9.3,668
"327",0,0,1,0,0,0,0,0,0,0,0,0,1,0,0,0,0,0,0,2015,52.2,50,5.8,694
"328",0,0,1,0,0,0,0,0,0,0,0,0,0,0,1,0,0,0,0,2015,55,46.1,9.8,578
"329",0,0,1,0,0,0,0,0,0,0,0,0,0,0,0,1,0,0,0,2015,53.6,46.9,7.5,549
"330",0,0,1,0,0,0,0,0,0,0,0,0,0,1,0,0,0,0,0,2015,52.6,48.2,7.9,637
"331",0,0,1,0,0,0,0,0,0,0,0,0,0,0,0,0,0,1,0,2015,58,51.5,15,755
"332",0,0,1,0,0,0,0,0,0,0,0,0,0,0,0,0,0,0,1,2015,46.5,35.5,12.3,673
"333",0,0,1,0,0,0,0,0,0,0,0,0,0,0,0,0,1,0,0,2015,48.9,43.7,9.7,745
"334",0,0,1,0,0,0,0,0,0,0,0,0,1,0,0,0,0,0,0,2015,54.2,52.4,11.3,767
"335",0,0,1,0,0,0,0,0,0,0,0,0,0,0,1,0,0,0,0,2015,42.1,24.9,16.7,624
"336",0,0,1,0,0,0,0,0,0,0,0,0,0,0,0,1,0,0,0,2015,38.5,19.5,14,500
"337",0,0,1,0,0,0,0,0,0,0,0,0,0,1,0,0,0,0,0,2015,49.5,40.8,14.3,612
"338",0,0,1,0,0,0,0,0,0,0,0,0,0,0,0,0,0,1,0,2015,54.8,52.1,11.3,699
"339",0,0,1,0,0,0,0,0,0,0,0,0,0,0,0,0,0,0,1,2015,53.5,51.2,8.3,805
"340",0,0,1,0,0,0,0,0,0,0,0,0,0,0,0,0,1,0,0,2015,57.7,55.8,15.6,603
"341",0,0,1,0,0,0,0,0,0,0,0,0,0,0,0,1,0,0,0,2015,52.9,49,13.1,518
"342",0,0,1,0,0,0,0,0,0,0,0,0,0,1,0,0,0,0,0,2015,40.9,30,18.5,490
"343",0,0,1,0,0,0,0,0,0,0,0,0,0,0,0,0,0,1,0,2015,42.8,35.9,15.6,533
"344",0,0,1,0,0,0,0,0,0,0,0,0,0,0,0,0,0,0,1,2015,44.8,40.6,8.8,501
"345",0,0,1,0,0,0,0,0,0,0,0,0,0,0,0,0,1,0,0,2015,46.5,41.8,11,527
"346",0,0,0,0,1,0,0,0,0,0,0,0,0,0,0,1,0,0,0,2016,44.4,29.4,15.5,432
"347",0,0,0,0,1,0,0,0,0,0,0,0,0,1,0,0,0,0,0,2016,38.2,27.4,13.5,601
"348",0,0,0,0,1,0,0,0,0,0,0,0,0,0,0,0,0,1,0,2016,27.7,18.1,20.3,640
"349",0,0,0,0,1,0,0,0,0,0,0,0,0,0,0,0,0,0,1,2016,33.5,19.3,8.3,625
"350",0,0,0,0,1,0,0,0,0,0,0,0,0,0,0,0,1,0,0,2016,40.5,29.9,6.8,542
"351",0,0,0,0,1,0,0,0,0,0,0,0,1,0,0,0,0,0,0,2016,41.3,33.1,11.8,602
"352",0,0,0,0,1,0,0,0,0,0,0,0,0,0,1,0,0,0,0,2016,45.9,38.6,9.3,554
"353",0,0,0,0,1,0,0,0,0,0,0,0,0,0,0,1,0,0,0,2016,51.3,49,16.2,462
"354",0,0,0,0,1,0,0,0,0,0,0,0,0,1,0,0,0,0,0,2016,43.2,30.5,17.5,680
"355",0,0,0,0,1,0,0,0,0,0,0,0,0,0,0,0,0,1,0,2016,33,19.1,7.9,637
"356",0,0,0,0,1,0,0,0,0,0,0,0,0,0,0,0,0,0,1,2016,32.9,18.2,18,605
"357",0,0,0,0,1,0,0,0,0,0,0,0,0,0,0,0,1,0,0,2016,28.9,14.7,11.4,597
"358",0,0,0,0,1,0,0,0,0,0,0,0,1,0,0,0,0,0,0,2016,36.5,25.6,7.2,722
"359",0,0,0,0,1,0,0,0,0,0,0,0,0,0,1,0,0,0,0,2016,45.7,42.5,15.7,563
"360",0,0,0,0,1,0,0,0,0,0,0,0,0,0,0,1,0,0,0,2016,40.2,32.3,7.7,451
"361",0,0,0,0,1,0,0,0,0,0,0,0,0,1,0,0,0,0,0,2016,34.4,24.9,15.3,481
"362",0,0,0,0,1,0,0,0,0,0,0,0,0,0,0,0,0,1,0,2016,25.5,4.8,21.7,662
"363",0,0,0,0,1,0,0,0,0,0,0,0,0,0,0,0,0,0,1,2016,29.4,11.2,18.9,623
"364",0,0,0,0,1,0,0,0,0,0,0,0,0,0,0,0,1,0,0,2016,30.9,10.8,14.5,666
"365",0,0,0,0,1,0,0,0,0,0,0,0,1,0,0,0,0,0,0,2016,28,11.8,13.1,702
"366",0,0,0,0,1,0,0,0,0,0,0,0,0,0,0,1,0,0,0,2016,34.5,27.9,25.6,517
"367",0,0,0,0,1,0,0,0,0,0,0,0,0,1,0,0,0,0,0,2016,33.5,21.2,6.5,658
"368",0,0,0,0,1,0,0,0,0,0,0,0,0,0,0,0,0,1,0,2016,42.2,36.4,11.1,734
"369",0,0,0,0,1,0,0,0,0,0,0,0,0,0,0,0,0,0,1,2016,43,36.7,9.4,670
"370",0,0,0,0,1,0,0,0,0,0,0,0,0,0,0,0,1,0,0,2016,35,24.4,4.3,681
"371",0,0,0,0,1,0,0,0,0,0,0,0,1,0,0,0,0,0,0,2016,41.3,36.8,5.9,645
"372",0,0,0,0,1,0,0,0,0,0,0,0,0,0,1,0,0,0,0,2016,37.8,27.3,11.6,596
"373",0,0,0,0,1,0,0,0,0,0,0,0,0,0,0,1,0,0,0,2016,45,39,12.5,532
"374",0,0,0,1,0,0,0,0,0,0,0,0,0,1,0,0,0,0,0,2016,47.6,43.1,11.8,716
"375",0,0,0,1,0,0,0,0,0,0,0,0,0,0,0,0,0,1,0,2016,43.2,32.2,6.5,711
"376",0,0,0,1,0,0,0,0,0,0,0,0,0,0,0,0,0,0,1,2016,42.6,37.8,11.9,579
"377",0,0,0,1,0,0,0,0,0,0,0,0,0,0,0,0,1,0,0,2016,51.6,49.4,13,609
"378",0,0,0,1,0,0,0,0,0,0,0,0,1,0,0,0,0,0,0,2016,40.8,38.4,17.9,607
"379",0,0,0,1,0,0,0,0,0,0,0,0,0,0,1,0,0,0,0,2016,32.3,23.3,12.1,553
"380",0,0,0,1,0,0,0,0,0,0,0,0,0,1,0,0,0,0,0,2016,36.4,31.4,25.8,501
"381",0,0,0,1,0,0,0,0,0,0,0,0,0,0,0,0,0,1,0,2016,33.1,27.8,11.5,571
"382",0,0,0,1,0,0,0,0,0,0,0,0,0,0,0,0,0,0,1,2016,33.5,28,4.2,537
"383",0,0,0,1,0,0,0,0,0,0,0,0,0,0,0,0,1,0,0,2016,31.5,21.3,11.2,622
"384",0,0,0,1,0,0,0,0,0,0,0,0,1,0,0,0,0,0,0,2016,19.3,4.2,14,628
"385",0,0,0,1,0,0,0,0,0,0,0,0,0,0,1,0,0,0,0,2016,23.5,11.8,12.2,480
"386",0,0,0,1,0,0,0,0,0,0,0,0,0,0,0,0,0,1,0,2016,44.5,41.7,18.5,615
"387",0,0,0,1,0,0,0,0,0,0,0,0,0,0,0,0,0,0,1,2016,41.5,35.8,12,525
"388",0,0,0,1,0,0,0,0,0,0,0,0,0,0,0,0,1,0,0,2016,36,23.1,12.5,592
"389",0,0,0,1,0,0,0,0,0,0,0,0,1,0,0,0,0,0,0,2016,34.7,21.7,10.7,532
"390",0,0,0,1,0,0,0,0,0,0,0,0,0,0,1,0,0,0,0,2016,42.8,36.4,12.5,555
"391",0,0,0,1,0,0,0,0,0,0,0,0,0,0,0,1,0,0,0,2016,46.8,38.5,11.2,481
"392",0,0,0,1,0,0,0,0,0,0,0,0,0,1,0,0,0,0,0,2016,41.8,31.7,9.2,615
"393",0,0,0,1,0,0,0,0,0,0,0,0,0,0,0,0,0,1,0,2016,36.5,26.3,9.9,623
"394",0,0,0,1,0,0,0,0,0,0,0,0,0,0,0,0,0,0,1,2016,46.9,43.7,12.7,660
"395",0,0,0,1,0,0,0,0,0,0,0,0,0,0,0,0,1,0,0,2016,51,47.1,20.9,663
"396",0,0,0,1,0,0,0,0,0,0,0,0,1,0,0,0,0,0,0,2016,40.2,23.9,20.8,476
"397",0,0,0,1,0,0,0,0,0,0,0,0,0,0,0,1,0,0,0,2016,42.8,31.7,16.6,509
"398",0,0,0,1,0,0,0,0,0,0,0,0,0,1,0,0,0,0,0,2016,47.8,40.9,17,616
"399",0,0,0,0,0,0,0,1,0,0,0,0,0,0,0,0,0,1,0,2016,43.2,29,12.1,662
"400",0,0,0,0,0,0,0,1,0,0,0,0,0,0,0,0,0,0,1,2016,45.7,38.8,18.2,653
"401",0,0,0,0,0,0,0,1,0,0,0,0,0,0,0,0,1,0,0,2016,29.9,11.8,12.2,625
"402",0,0,0,0,0,0,0,1,0,0,0,0,1,0,0,0,0,0,0,2016,33.9,26.2,8.5,685
"403",0,0,0,0,0,0,0,1,0,0,0,0,0,0,1,0,0,0,0,2016,34.8,22.6,20.8,601
"404",0,0,0,0,0,0,0,1,0,0,0,0,0,0,0,1,0,0,0,2016,33.2,18.7,3.1,500
"405",0,0,0,0,0,0,0,1,0,0,0,0,0,1,0,0,0,0,0,2016,36.8,26.1,9,571
"406",0,0,0,0,0,0,0,1,0,0,0,0,0,0,0,0,0,1,0,2016,44.4,36.5,8.5,632
"407",0,0,0,0,0,0,0,1,0,0,0,0,0,0,0,0,0,0,1,2016,46.4,41.8,9.4,660
"408",0,0,0,0,0,0,0,1,0,0,0,0,0,0,0,0,1,0,0,2016,49.6,43.8,10.9,629
"409",0,0,0,0,0,0,0,1,0,0,0,0,1,0,0,0,0,0,0,2016,46.8,42.9,10.1,672
"410",0,0,0,0,0,0,0,1,0,0,0,0,0,0,1,0,0,0,0,2016,41.2,35.4,6.6,625
"411",0,0,0,0,0,0,0,1,0,0,0,0,0,0,0,1,0,0,0,2016,50.1,35.2,11.8,435
"412",0,0,0,0,0,0,0,1,0,0,0,0,0,1,0,0,0,0,0,2016,43.8,33.8,12.3,640
"413",0,0,0,0,0,0,0,1,0,0,0,0,0,0,0,0,0,1,0,2016,48.3,45.7,17.3,608
"414",0,0,0,0,0,0,0,1,0,0,0,0,0,0,0,0,0,0,1,2016,45.2,41.9,15.7,629
"415",0,0,0,0,0,0,0,1,0,0,0,0,0,0,0,0,1,0,0,2016,45.4,42.5,8.5,612
"416",0,0,0,0,0,0,0,1,0,0,0,0,1,0,0,0,0,0,0,2016,47,37,12.3,644
"417",0,0,0,0,0,0,0,1,0,0,0,0,0,0,1,0,0,0,0,2016,40,21.4,10,540
"418",0,0,0,0,0,0,0,1,0,0,0,0,0,0,0,1,0,0,0,2016,37.2,22.6,11.3,479
"419",0,0,0,0,0,0,0,1,0,0,0,0,0,1,0,0,0,0,0,2016,37.4,32,16,617
"420",0,0,0,0,0,0,0,1,0,0,0,0,0,0,0,0,0,1,0,2016,40.8,23.9,16,628
"421",0,0,0,0,0,0,0,1,0,0,0,0,0,0,0,0,0,0,1,2016,48.6,40.2,13.5,621
"422",0,0,0,0,0,0,0,1,0,0,0,0,0,0,0,0,1,0,0,2016,45.1,38.1,11.3,635
"423",0,0,0,0,0,0,0,1,0,0,0,0,1,0,0,0,0,0,0,2016,50.8,48.5,10.8,546
"424",0,0,0,0,0,0,0,1,0,0,0,0,0,0,1,0,0,0,0,2016,44.8,37.6,15.1,530
"425",0,0,0,0,0,0,0,1,0,0,0,0,0,0,0,1,0,0,0,2016,40,32.8,5.4,459
"426",0,0,0,0,0,0,0,1,0,0,0,0,0,1,0,0,0,0,0,2016,45.1,41.4,11.8,658
"427",0,0,0,0,0,0,0,1,0,0,0,0,0,0,0,0,0,1,0,2016,48.6,34.9,19.6,683
"428",0,0,0,0,0,0,0,1,0,0,0,0,0,0,0,0,0,0,1,2016,43.4,24.8,13.2,650
"429",0,0,0,0,0,0,0,1,0,0,0,0,0,0,0,0,1,0,0,2016,51,44.6,13.1,652
"430",1,0,0,0,0,0,0,0,0,0,0,0,1,0,0,0,0,0,0,2016,54.8,52.5,18.2,702
"431",1,0,0,0,0,0,0,0,0,0,0,0,0,0,1,0,0,0,0,2016,50.4,47.7,8.5,597
"432",1,0,0,0,0,0,0,0,0,0,0,0,0,0,0,1,0,0,0,2016,41.7,32.9,17.5,585
"433",1,0,0,0,0,0,0,0,0,0,0,0,0,1,0,0,0,0,0,2016,36.5,22.1,10.3,683
"434",1,0,0,0,0,0,0,0,0,0,0,0,0,0,0,0,0,1,0,2016,35.1,23.5,19.5,672
"435",1,0,0,0,0,0,0,0,0,0,0,0,0,0,0,0,0,0,1,2016,37,15.3,10.7,628
"436",1,0,0,0,0,0,0,0,0,0,0,0,0,0,0,0,1,0,0,2016,50.9,44.8,21.9,630
"437",1,0,0,0,0,0,0,0,0,0,0,0,1,0,0,0,0,0,0,2016,49.7,43.2,15.9,696
"438",1,0,0,0,0,0,0,0,0,0,0,0,0,0,1,0,0,0,0,2016,41.8,25.1,9.7,557
"439",1,0,0,0,0,0,0,0,0,0,0,0,0,0,0,1,0,0,0,2016,40.6,23.9,15.7,499
"440",1,0,0,0,0,0,0,0,0,0,0,0,0,1,0,0,0,0,0,2016,47.8,38.9,12.8,624
"441",1,0,0,0,0,0,0,0,0,0,0,0,0,0,0,0,0,1,0,2016,52.5,48.6,13.6,638
"442",1,0,0,0,0,0,0,0,0,0,0,0,0,0,0,0,0,0,1,2016,46.7,34.2,12.9,700
"443",1,0,0,0,0,0,0,0,0,0,0,0,0,0,0,0,1,0,0,2016,44,32.4,15.8,674
"444",1,0,0,0,0,0,0,0,0,0,0,0,1,0,0,0,0,0,0,2016,46.4,28.4,17.6,733
"445",1,0,0,0,0,0,0,0,0,0,0,0,0,0,1,0,0,0,0,2016,44.3,33.2,22.9,679
"446",1,0,0,0,0,0,0,0,0,0,0,0,0,0,0,1,0,0,0,2016,45.8,36.5,15.4,568
"447",1,0,0,0,0,0,0,0,0,0,0,0,0,1,0,0,0,0,0,2016,49.5,35.9,6,687
"448",1,0,0,0,0,0,0,0,0,0,0,0,0,0,0,0,0,1,0,2016,46.9,40,7.9,732
"449",1,0,0,0,0,0,0,0,0,0,0,0,0,0,0,0,0,0,1,2016,47.3,33.8,11.7,697
"450",1,0,0,0,0,0,0,0,0,0,0,0,0,0,0,0,1,0,0,2016,49.6,39,13.4,694
"451",1,0,0,0,0,0,0,0,0,0,0,0,1,0,0,0,0,0,0,2016,55.4,48.4,10.2,741
"452",1,0,0,0,0,0,0,0,0,0,0,0,0,0,1,0,0,0,0,2016,53.4,49.8,9.3,649
"453",1,0,0,0,0,0,0,0,0,0,0,0,0,0,0,1,0,0,0,2016,49.1,31.2,13.4,448
"454",1,0,0,0,0,0,0,0,0,0,0,0,0,1,0,0,0,0,0,2016,48.4,36.3,9.2,488
"455",1,0,0,0,0,0,0,0,0,0,0,0,0,0,0,0,0,1,0,2016,46.8,42.8,9.4,479
"456",1,0,0,0,0,0,0,0,0,0,0,0,0,0,0,0,0,0,1,2016,45,36.9,7.8,510
"457",1,0,0,0,0,0,0,0,0,0,0,0,0,0,0,0,1,0,0,2016,47.7,34.1,10.1,489
"458",1,0,0,0,0,0,0,0,0,0,0,0,1,0,0,0,0,0,0,2016,46.1,33.9,9.4,517
"459",1,0,0,0,0,0,0,0,0,0,0,0,0,0,1,0,0,0,0,2016,47.3,33.1,8.7,581
"460",0,0,0,0,0,0,0,0,1,0,0,0,0,0,0,1,0,0,0,2016,45.2,36.3,6.1,484
"461",0,0,0,0,0,0,0,0,1,0,0,0,0,1,0,0,0,0,0,2016,51.3,48,10.6,589
"462",0,0,0,0,0,0,0,0,1,0,0,0,0,0,0,0,0,1,0,2016,48.2,45,9,711
"463",0,0,0,0,0,0,0,0,1,0,0,0,0,0,0,0,0,0,1,2016,47.3,43.5,12.8,653
"464",0,0,0,0,0,0,0,0,1,0,0,0,0,0,0,0,1,0,0,2016,45.5,43.9,21.5,626
"465",0,0,0,0,0,0,0,0,1,0,0,0,1,0,0,0,0,0,0,2016,48.5,43.5,16.5,728
"466",0,0,0,0,0,0,0,0,1,0,0,0,0,0,1,0,0,0,0,2016,52.5,48.8,8.1,571
"467",0,0,0,0,0,0,0,0,1,0,0,0,0,0,0,1,0,0,0,2016,48.5,46.1,9.6,591
"468",0,0,0,0,0,0,0,0,1,0,0,0,0,1,0,0,0,0,0,2016,54,40.6,13.8,646
"469",0,0,0,0,0,0,0,0,1,0,0,0,0,0,0,0,0,1,0,2016,51.9,38.2,9,608
"470",0,0,0,0,0,0,0,0,1,0,0,0,0,0,0,0,0,0,1,2016,55.6,42.2,7.6,699
"471",0,0,0,0,0,0,0,0,1,0,0,0,0,0,0,0,1,0,0,2016,55.2,45.5,4.4,744
"472",0,0,0,0,0,0,0,0,1,0,0,0,1,0,0,0,0,0,0,2016,55.5,51.7,8.3,766
"473",0,0,0,0,0,0,0,0,1,0,0,0,0,0,1,0,0,0,0,2016,59.4,54,8.1,589
"474",0,0,0,0,0,0,0,0,1,0,0,0,0,0,0,1,0,0,0,2016,55.7,46.4,16.3,510
"475",0,0,0,0,0,0,0,0,1,0,0,0,0,1,0,0,0,0,0,2016,50.8,31.4,19.8,742
"476",0,0,0,0,0,0,0,0,1,0,0,0,0,0,0,0,0,1,0,2016,55,44.5,11.9,624
"477",0,0,0,0,0,0,0,0,1,0,0,0,0,0,0,0,0,0,1,2016,55.5,45.2,11,676
"478",0,0,0,0,0,0,0,0,1,0,0,0,0,0,0,0,1,0,0,2016,53.9,44.5,6.7,694
"479",0,0,0,0,0,0,0,0,1,0,0,0,1,0,0,0,0,0,0,2016,56.4,47.9,6.6,782
"480",0,0,0,0,0,0,0,0,1,0,0,0,0,0,1,0,0,0,0,2016,55.7,48.8,6.5,568
"481",0,0,0,0,0,0,0,0,1,0,0,0,0,0,0,1,0,0,0,2016,56.3,52.2,14.2,571
"482",0,0,0,0,0,0,0,0,1,0,0,0,0,1,0,0,0,0,0,2016,59.4,50.3,9.6,652
"483",0,0,0,0,0,0,0,0,1,0,0,0,0,0,0,0,0,1,0,2016,54.6,52,10.7,695
"484",0,0,0,0,0,0,0,0,1,0,0,0,0,0,0,0,0,0,1,2016,57.9,53.4,8.7,733
"485",0,0,0,0,0,0,0,0,1,0,0,0,0,0,0,0,1,0,0,2016,65.7,53.9,7.7,742
"486",0,0,0,0,0,0,0,0,1,0,0,0,1,0,0,0,0,0,0,2016,60,55.8,8.2,767
"487",0,0,0,0,0,0,0,0,1,0,0,0,0,0,1,0,0,0,0,2016,62.5,57.3,11.6,627
"488",0,0,0,0,0,0,0,0,1,0,0,0,0,0,0,1,0,0,0,2016,64.6,58.2,7.7,566
"489",0,0,0,0,0,0,0,0,1,0,0,0,0,1,0,0,0,0,0,2016,62.4,60.5,9,471
"490",0,0,0,0,0,0,0,0,1,0,0,0,0,0,0,0,0,1,0,2016,62.8,60.6,10.1,760
"491",0,0,0,0,0,0,1,0,0,0,0,0,0,0,0,0,0,0,1,2016,64,56.4,9.1,772
"492",0,0,0,0,0,0,1,0,0,0,0,0,0,0,0,0,1,0,0,2016,55.7,53.5,9.3,683
"493",0,0,0,0,0,0,1,0,0,0,0,0,1,0,0,0,0,0,0,2016,58.4,55.9,6.7,710
"494",0,0,0,0,0,0,1,0,0,0,0,0,0,0,1,0,0,0,0,2016,60.2,58,5.3,635
"495",0,0,0,0,0,0,1,0,0,0,0,0,0,0,0,1,0,0,0,2016,58.4,56.9,10.3,466
"496",0,0,0,0,0,0,1,0,0,0,0,0,0,1,0,0,0,0,0,2016,62.9,61.1,12.3,758
"497",0,0,0,0,0,0,1,0,0,0,0,0,0,0,0,0,0,1,0,2016,61.2,59.8,8.7,709
"498",0,0,0,0,0,0,1,0,0,0,0,0,0,0,0,0,0,0,1,2016,61.7,55.2,12.6,763
"499",0,0,0,0,0,0,1,0,0,0,0,0,0,0,0,0,1,0,0,2016,59.9,46.7,16.7,686
"500",0,0,0,0,0,0,1,0,0,0,0,0,1,0,0,0,0,0,0,2016,59.2,45.1,10.6,818
"501",0,0,0,0,0,0,1,0,0,0,0,0,0,0,1,0,0,0,0,2016,58.1,53.3,9.6,584
"502",0,0,0,0,0,0,1,0,0,0,0,0,0,0,0,1,0,0,0,2016,66,56,12.5,587
"503",0,0,0,0,0,0,1,0,0,0,0,0,0,1,0,0,0,0,0,2016,61.5,47.2,13.3,646
"504",0,0,0,0,0,0,1,0,0,0,0,0,0,0,0,0,0,1,0,2016,62.2,50,12.9,717
"505",0,0,0,0,0,0,1,0,0,0,0,0,0,0,0,0,0,0,1,2016,63.7,55,8.9,739
"506",0,0,0,0,0,0,1,0,0,0,0,0,0,0,0,0,1,0,0,2016,65.2,56.3,6.6,689
"507",0,0,0,0,0,0,1,0,0,0,0,0,1,0,0,0,0,0,0,2016,63,51.5,7.4,748
"508",0,0,0,0,0,0,1,0,0,0,0,0,0,0,1,0,0,0,0,2016,62.6,53.5,7.3,700
"509",0,0,0,0,0,0,1,0,0,0,0,0,0,0,0,1,0,0,0,2016,59.9,51.5,9.8,559
"510",0,0,0,0,0,0,1,0,0,0,0,0,0,1,0,0,0,0,0,2016,61.4,55.9,8.6,745
"511",0,0,0,0,0,0,1,0,0,0,0,0,0,0,0,0,0,1,0,2016,63.6,59.9,12.2,681
"512",0,0,0,0,0,0,1,0,0,0,0,0,0,0,0,0,0,0,1,2016,65.6,60.2,7.9,751
"513",0,0,0,0,0,0,1,0,0,0,0,0,0,0,0,0,1,0,0,2016,63,59.4,7,643
"514",0,0,0,0,0,0,1,0,0,0,0,0,1,0,0,0,0,0,0,2016,65.3,56.6,7.8,811
"515",0,0,0,0,0,0,1,0,0,0,0,0,0,0,1,0,0,0,0,2016,62.1,52.1,8,688
"516",0,0,0,0,0,0,1,0,0,0,0,0,0,0,0,1,0,0,0,2016,60.8,49.4,5.7,582
"517",0,0,0,0,0,0,1,0,0,0,0,0,0,1,0,0,0,0,0,2016,64.3,58.3,9.3,718
"518",0,0,0,0,0,0,1,0,0,0,0,0,0,0,0,0,0,1,0,2016,66.1,64,8.1,675
"519",0,0,0,0,0,0,1,0,0,0,0,0,0,0,0,0,0,0,1,2016,67.2,64.8,7.5,687
"520",0,0,0,0,0,0,1,0,0,0,0,0,0,0,0,0,1,0,0,2016,68.9,63.6,6.4,761
"521",0,0,0,0,0,1,0,0,0,0,0,0,1,0,0,0,0,0,0,2016,66.9,63.6,8.7,752
"522",0,0,0,0,0,1,0,0,0,0,0,0,0,0,1,0,0,0,0,2016,69.4,62.8,11.8,570
"523",0,0,0,0,0,1,0,0,0,0,0,0,0,0,0,1,0,0,0,2016,67.2,58,9.6,448
"524",0,0,0,0,0,1,0,0,0,0,0,0,0,1,0,0,0,0,0,2016,68.4,62.6,11.7,488
"525",0,0,0,0,0,1,0,0,0,0,0,0,0,0,0,0,0,1,0,2016,67.1,65.3,9.2,663
"526",0,0,0,0,0,1,0,0,0,0,0,0,0,0,0,0,0,0,1,2016,71.8,65.3,6.5,680
"527",0,0,0,0,0,1,0,0,0,0,0,0,0,0,0,0,1,0,0,2016,68.7,66.7,5.9,603
"528",0,0,0,0,0,1,0,0,0,0,0,0,1,0,0,0,0,0,0,2016,65.7,64.2,10,612
"529",0,0,0,0,0,1,0,0,0,0,0,0,0,0,1,0,0,0,0,2016,61.7,58.6,10.8,498
"530",0,0,0,0,0,1,0,0,0,0,0,0,0,0,0,1,0,0,0,2016,63,60.1,7.7,508
"531",0,0,0,0,0,1,0,0,0,0,0,0,0,1,0,0,0,0,0,2016,63.1,58.4,4.9,618
"532",0,0,0,0,0,1,0,0,0,0,0,0,0,0,0,0,0,1,0,2016,66.7,61.2,7.3,662
"533",0,0,0,0,0,1,0,0,0,0,0,0,0,0,0,0,0,0,1,2016,67.2,63.3,9.2,607
"534",0,0,0,0,0,1,0,0,0,0,0,0,0,0,0,0,1,0,0,2016,69.1,65.9,10.9,741
"535",0,0,0,0,0,1,0,0,0,0,0,0,1,0,0,0,0,0,0,2016,70.7,67.9,9.6,798
"536",0,0,0,0,0,1,0,0,0,0,0,0,0,0,1,0,0,0,0,2016,73.5,67.3,6.4,623
"537",0,0,0,0,0,1,0,0,0,0,0,0,0,0,0,1,0,0,0,2016,70.6,68.7,6.6,574
"538",0,0,0,0,0,1,0,0,0,0,0,0,0,1,0,0,0,0,0,2016,71.1,69,10.1,725
"539",0,0,0,0,0,1,0,0,0,0,0,0,0,0,0,0,0,1,0,2016,73.8,65.7,10.1,699
"540",0,0,0,0,0,1,0,0,0,0,0,0,0,0,0,0,0,0,1,2016,68.3,55.6,6.9,698
"541",0,0,0,0,0,1,0,0,0,0,0,0,0,0,0,0,1,0,0,2016,70.4,63.4,7.4,731
"542",0,0,0,0,0,1,0,0,0,0,0,0,1,0,0,0,0,0,0,2016,72.4,68.4,13.5,769
"543",0,0,0,0,0,1,0,0,0,0,0,0,0,0,1,0,0,0,0,2016,74.3,68.6,12,650
"544",0,0,0,0,0,1,0,0,0,0,0,0,0,0,0,1,0,0,0,2016,73.2,63.2,8.7,566
"545",0,0,0,0,0,1,0,0,0,0,0,0,0,1,0,0,0,0,0,2016,71.5,68.8,8.7,698
"546",0,0,0,0,0,1,0,0,0,0,0,0,0,0,0,0,0,1,0,2016,75.3,69.3,12.1,688
"547",0,0,0,0,0,1,0,0,0,0,0,0,0,0,0,0,0,0,1,2016,75.4,66.3,7,690
"548",0,0,0,0,0,1,0,0,0,0,0,0,0,0,0,0,1,0,0,2016,72.2,69,7.2,709
"549",0,0,0,0,0,1,0,0,0,0,0,0,1,0,0,0,0,0,0,2016,70.8,68.3,5.8,774
"550",0,0,0,0,0,1,0,0,0,0,0,0,0,0,1,0,0,0,0,2016,70.8,66.9,5.3,599
"551",0,0,0,0,0,1,0,0,0,0,0,0,0,0,0,1,0,0,0,2016,67.5,64.8,6.8,529
"552",0,1,0,0,0,0,0,0,0,0,0,0,0,1,0,0,0,0,0,2016,68.2,62.4,9.2,569
"553",0,1,0,0,0,0,0,0,0,0,0,0,0,0,0,0,0,1,0,2016,66.9,61.9,8.4,602
"554",0,1,0,0,0,0,0,0,0,0,0,0,0,0,0,0,0,0,1,2016,67.4,60,7.7,687
"555",0,1,0,0,0,0,0,0,0,0,0,0,0,0,0,0,1,0,0,2016,64.2,57.8,4.6,715
"556",0,1,0,0,0,0,0,0,0,0,0,0,1,0,0,0,0,0,0,2016,65.3,60.4,5,700
"557",0,1,0,0,0,0,0,0,0,0,0,0,0,0,1,0,0,0,0,2016,71.3,67.5,10.7,578
"558",0,1,0,0,0,0,0,0,0,0,0,0,0,0,0,1,0,0,0,2016,74.2,65,9.9,540
"559",0,1,0,0,0,0,0,0,0,0,0,0,0,1,0,0,0,0,0,2016,71.3,61.3,6.3,632
"560",0,1,0,0,0,0,0,0,0,0,0,0,0,0,0,0,0,1,0,2016,71.5,64.7,6.6,650
"561",0,1,0,0,0,0,0,0,0,0,0,0,0,0,0,0,0,0,1,2016,70.6,67.2,8.6,618
"562",0,1,0,0,0,0,0,0,0,0,0,0,0,0,0,0,1,0,0,2016,73.6,71.8,11.1,672
"563",0,1,0,0,0,0,0,0,0,0,0,0,1,0,0,0,0,0,0,2016,74.3,72.2,12.3,729
"564",0,1,0,0,0,0,0,0,0,0,0,0,0,0,1,0,0,0,0,2016,75.9,73.3,9.2,614
"565",0,1,0,0,0,0,0,0,0,0,0,0,0,0,0,1,0,0,0,2016,75.3,73.3,9.9,521
"566",0,1,0,0,0,0,0,0,0,0,0,0,0,1,0,0,0,0,0,2016,77.5,69.4,8.5,643
"567",0,1,0,0,0,0,0,0,0,0,0,0,0,0,0,0,0,1,0,2016,73.1,69,7.9,644
"568",0,1,0,0,0,0,0,0,0,0,0,0,0,0,0,0,0,0,1,2016,76.5,70,14.7,658
"569",0,1,0,0,0,0,0,0,0,0,0,0,0,0,0,0,1,0,0,2016,71.5,65.7,6.1,635
"570",0,1,0,0,0,0,0,0,0,0,0,0,1,0,0,0,0,0,0,2016,74.4,65.7,8.2,707
"571",0,1,0,0,0,0,0,0,0,0,0,0,0,0,1,0,0,0,0,2016,69.1,62.1,8.5,579
"572",0,1,0,0,0,0,0,0,0,0,0,0,0,0,0,1,0,0,0,2016,68.3,63.6,9,512
"573",0,1,0,0,0,0,0,0,0,0,0,0,0,1,0,0,0,0,0,2016,73.8,66.7,10.4,669
"574",0,1,0,0,0,0,0,0,0,0,0,0,0,0,0,0,0,1,0,2016,69,52.6,10.4,637
"575",0,1,0,0,0,0,0,0,0,0,0,0,0,0,0,0,0,0,1,2016,70.1,63.3,8.5,635
"576",0,1,0,0,0,0,0,0,0,0,0,0,0,0,0,0,1,0,0,2016,71.7,66.5,10.4,659
"577",0,1,0,0,0,0,0,0,0,0,0,0,1,0,0,0,0,0,0,2016,73.4,70,10.1,756
"578",0,1,0,0,0,0,0,0,0,0,0,0,0,0,1,0,0,0,0,2016,74.4,64.2,8.3,624
"579",0,1,0,0,0,0,0,0,0,0,0,0,0,0,0,1,0,0,0,2016,67.7,61.7,5.8,559
"580",0,1,0,0,0,0,0,0,0,0,0,0,0,1,0,0,0,0,0,2016,72.5,66.3,9.5,673
"581",0,1,0,0,0,0,0,0,0,0,0,0,0,0,0,0,0,1,0,2016,67.7,59.2,6.1,622
"582",0,1,0,0,0,0,0,0,0,0,0,0,0,0,0,0,0,0,1,2016,70.4,65.7,9.1,661
"583",0,0,0,0,0,0,0,0,0,0,0,1,0,0,0,0,1,0,0,2016,71.5,67,6.8,675
"584",0,0,0,0,0,0,0,0,0,0,0,1,1,0,0,0,0,0,0,2016,69.2,63.2,9.9,697
"585",0,0,0,0,0,0,0,0,0,0,0,1,0,0,1,0,0,0,0,2016,63.2,57.5,5.7,498
"586",0,0,0,0,0,0,0,0,0,0,0,1,0,0,0,1,0,0,0,2016,65.3,57.4,12.7,466
"587",0,0,0,0,0,0,0,0,0,0,0,1,0,0,0,0,0,1,0,2016,69.9,65.8,15.2,626
"588",0,0,0,0,0,0,0,0,0,0,0,1,0,0,0,0,0,0,1,2016,70.3,66.8,13.1,648
"589",0,0,0,0,0,0,0,0,0,0,0,1,0,0,0,0,1,0,0,2016,68.5,66.8,9,717
"590",0,0,0,0,0,0,0,0,0,0,0,1,1,0,0,0,0,0,0,2016,71.4,68.3,10.3,715
"591",0,0,0,0,0,0,0,0,0,0,0,1,0,0,1,0,0,0,0,2016,71.9,67,7,598
"592",0,0,0,0,0,0,0,0,0,0,0,1,0,0,0,1,0,0,0,2016,71.3,67.8,11.9,538
"593",0,0,0,0,0,0,0,0,0,0,0,1,0,1,0,0,0,0,0,2016,65.1,52.1,7.9,648
"594",0,0,0,0,0,0,0,0,0,0,0,1,0,0,0,0,0,1,0,2016,64.1,55.9,8.9,779
"595",0,0,0,0,0,0,0,0,0,0,0,1,0,0,0,0,0,0,1,2016,68.4,61.8,12.4,779
"596",0,0,0,0,0,0,0,0,0,0,0,1,0,0,0,0,1,0,0,2016,64.5,53.4,14.4,757
"597",0,0,0,0,0,0,0,0,0,0,0,1,1,0,0,0,0,0,0,2016,57.7,47.7,6.4,780
"598",0,0,0,0,0,0,0,0,0,0,0,1,0,0,1,0,0,0,0,2016,62.6,57.6,6,646
"599",0,0,0,0,0,0,0,0,0,0,0,1,0,0,0,1,0,0,0,2016,70.6,67.3,11.1,535
"600",0,0,0,0,0,0,0,0,0,0,0,1,0,1,0,0,0,0,0,2016,71,68.8,8.1,680
"601",0,0,0,0,0,0,0,0,0,0,0,1,0,0,0,0,0,1,0,2016,71.1,69.3,5.6,619
"602",0,0,0,0,0,0,0,0,0,0,0,1,0,0,0,0,0,0,1,2016,70,64.4,6.4,621
"603",0,0,0,0,0,0,0,0,0,0,0,1,0,0,0,0,1,0,0,2016,67.2,57.8,3.7,660
"604",0,0,0,0,0,0,0,0,0,0,0,1,1,0,0,0,0,0,0,2016,66.3,62.1,5.8,812
"605",0,0,0,0,0,0,0,0,0,0,0,1,0,0,1,0,0,0,0,2016,60.7,49.5,12.7,612
"606",0,0,0,0,0,0,0,0,0,0,0,1,0,0,0,1,0,0,0,2016,57.6,39.4,10.8,572
"607",0,0,0,0,0,0,0,0,0,0,0,1,0,1,0,0,0,0,0,2016,55.2,41.1,5.3,623
"608",0,0,0,0,0,0,0,0,0,0,0,1,0,0,0,0,0,1,0,2016,65.4,59.8,11,659
"609",0,0,0,0,0,0,0,0,0,0,0,1,0,0,0,0,0,0,1,2016,63.1,60.7,11.3,637
"610",0,0,0,0,0,0,0,0,0,0,0,1,0,0,0,0,1,0,0,2016,60,54.9,17.8,624
"611",0,0,0,0,0,0,0,0,0,0,1,0,0,0,1,0,0,0,0,2016,62,60.2,14,581
"612",0,0,0,0,0,0,0,0,0,0,1,0,0,0,0,1,0,0,0,2016,61.3,59.2,9,486
"613",0,0,0,0,0,0,0,0,0,0,1,0,0,1,0,0,0,0,0,2016,60.5,56.1,4.4,490
"614",0,0,0,0,0,0,0,0,0,0,1,0,0,0,0,0,0,1,0,2016,60.5,54.2,12.4,523
"615",0,0,0,0,0,0,0,0,0,0,1,0,0,0,0,0,0,0,1,2016,58.7,53.2,12.9,695
"616",0,0,0,0,0,0,0,0,0,0,1,0,0,0,0,0,1,0,0,2016,57.3,50.9,5.8,764
"617",0,0,0,0,0,0,0,0,0,0,1,0,1,0,0,0,0,0,0,2016,55.6,49.7,2.7,754
"618",0,0,0,0,0,0,0,0,0,0,1,0,0,0,1,0,0,0,0,2016,58.7,55.5,7.7,633
"619",0,0,0,0,0,0,0,0,0,0,1,0,0,0,0,1,0,0,0,2016,62.2,59.7,13.8,480
"620",0,0,0,0,0,0,0,0,0,0,1,0,0,1,0,0,0,0,0,2016,54.1,43.8,24.8,539
"621",0,0,0,0,0,0,0,0,0,0,1,0,0,0,0,0,0,1,0,2016,54.3,42.2,10.1,739
"622",0,0,0,0,0,0,0,0,0,0,1,0,0,0,0,0,0,0,1,2016,52.8,46.7,5.2,498
"623",0,0,0,0,0,0,0,0,0,0,1,0,0,0,0,0,1,0,0,2016,59.6,56.6,7.3,757
"624",0,0,0,0,0,0,0,0,0,0,1,0,1,0,0,0,0,0,0,2016,55.9,45.7,14.2,767
"625",0,0,0,0,0,0,0,0,0,0,1,0,0,0,1,0,0,0,0,2016,50.5,38.8,6.2,641
"626",0,0,0,0,0,0,0,0,0,0,1,0,0,0,0,1,0,0,0,2016,55.2,47.6,9.3,503
"627",0,0,0,0,0,0,0,0,0,0,1,0,0,1,0,0,0,0,0,2016,64.5,59,10,585
"628",0,0,0,0,0,0,0,0,0,0,1,0,0,0,0,0,0,1,0,2016,63.8,61.6,6.8,590
"629",0,0,0,0,0,0,0,0,0,0,1,0,0,0,0,0,0,0,1,2016,65.6,62.5,11.2,676
"630",0,0,0,0,0,0,0,0,0,0,1,0,0,0,0,0,1,0,0,2016,60.4,54.3,10.5,662
"631",0,0,0,0,0,0,0,0,0,0,1,0,0,0,1,0,0,0,0,2016,61.3,58.9,12.2,629
"632",0,0,0,0,0,0,0,0,0,0,1,0,0,0,0,1,0,0,0,2016,53.7,35.4,21.3,534
"633",0,0,0,0,0,0,0,0,0,0,1,0,0,1,0,0,0,0,0,2016,57.5,41.6,12.5,573
"634",0,0,0,0,0,0,0,0,0,0,1,0,0,0,0,0,0,1,0,2016,49.1,29.5,14.1,566
"635",0,0,0,0,0,0,0,0,0,0,1,0,0,0,0,0,0,0,1,2016,44.7,28.1,14.9,706
"636",0,0,0,0,0,0,0,0,0,0,1,0,1,0,0,0,0,0,0,2016,51.8,46.3,18.6,798
"637",0,0,0,0,0,0,0,0,0,0,1,0,0,0,1,0,0,0,0,2016,51,44.8,15.8,614
"638",0,0,0,0,0,0,0,0,0,0,1,0,0,0,0,1,0,0,0,2016,61.1,52.4,11,557
"639",0,0,0,0,0,0,0,0,0,0,1,0,0,1,0,0,0,0,0,2016,48.3,41.9,12.5,655
"640",0,0,0,0,0,0,0,0,0,1,0,0,0,0,0,0,0,1,0,2016,46.2,37.1,4.4,732
"641",0,0,0,0,0,0,0,0,0,1,0,0,0,0,0,0,0,0,1,2016,55.9,49.9,9.9,665
"642",0,0,0,0,0,0,0,0,0,1,0,0,0,0,0,0,1,0,0,2016,58.8,56.2,8.4,689
"643",0,0,0,0,0,0,0,0,0,1,0,0,1,0,0,0,0,0,0,2016,53.6,44.3,12.1,777
"644",0,0,0,0,0,0,0,0,0,1,0,0,0,0,1,0,0,0,0,2016,47.8,33.6,7.9,626
"645",0,0,0,0,0,0,0,0,0,1,0,0,0,0,0,1,0,0,0,2016,49.9,42.3,10.5,532
"646",0,0,0,0,0,0,0,0,0,1,0,0,0,1,0,0,0,0,0,2016,47.4,36.7,18.8,699
"647",0,0,0,0,0,0,0,0,0,1,0,0,0,0,0,0,0,1,0,2016,47.2,38.2,7.1,620
"648",0,0,0,0,0,0,0,0,0,1,0,0,0,0,0,0,0,0,1,2016,51.6,46.1,4.6,541
"649",0,0,0,0,0,0,0,0,0,1,0,0,0,0,0,0,1,0,0,2016,49.4,40.5,10.9,706
"650",0,0,0,0,0,0,0,0,0,1,0,0,1,0,0,0,0,0,0,2016,54.9,41,16,665
"651",0,0,0,0,0,0,0,0,0,1,0,0,0,0,1,0,0,0,0,2016,42.1,25.4,13.9,603
"652",0,0,0,0,0,0,0,0,0,1,0,0,0,0,0,1,0,0,0,2016,51.3,36.2,14.2,518
"653",0,0,0,0,0,0,0,0,0,1,0,0,0,1,0,0,0,0,0,2016,54.4,44.6,10.8,668
"654",0,0,0,0,0,0,0,0,0,1,0,0,0,0,0,0,0,1,0,2016,54.8,50.1,9.9,741
"655",0,0,0,0,0,0,0,0,0,1,0,0,0,0,0,0,0,0,1,2016,54.4,49.5,12.8,705
"656",0,0,0,0,0,0,0,0,0,1,0,0,0,0,0,0,1,0,0,2016,48.6,43,8.4,707
"657",0,0,0,0,0,0,0,0,0,1,0,0,1,0,0,0,0,0,0,2016,50.9,44.1,18,776
"658",0,0,0,0,0,0,0,0,0,1,0,0,0,0,1,0,0,0,0,2016,50.1,47.2,12.3,692
"659",0,0,0,0,0,0,0,0,0,1,0,0,0,0,0,1,0,0,0,2016,47,42.3,14.4,529
"660",0,0,0,0,0,0,0,0,0,1,0,0,0,1,0,0,0,0,0,2016,38.8,23.3,21.2,684
"661",0,0,0,0,0,0,0,0,0,1,0,0,0,0,0,0,0,1,0,2016,37.7,21.4,15.1,765
"662",0,0,0,0,0,0,0,0,0,1,0,0,0,0,0,0,0,0,1,2016,37.1,23.3,12,807
"663",0,0,0,0,0,0,0,0,0,1,0,0,0,0,0,0,1,0,0,2016,42.2,34.3,6,428
"664",0,0,0,0,0,0,0,0,0,1,0,0,1,0,0,0,0,0,0,2016,48.6,43.1,6.9,455
"665",0,0,0,0,0,0,0,0,0,1,0,0,0,0,1,0,0,0,0,2016,47,45,6.3,463
"666",0,0,0,0,0,0,0,0,0,1,0,0,0,0,0,1,0,0,0,2016,43.4,34.6,13.2,466
"667",0,0,0,0,0,0,0,0,0,1,0,0,0,1,0,0,0,0,0,2016,39.5,26.7,11.2,647
"668",0,0,0,0,0,0,0,0,0,1,0,0,0,0,0,0,0,1,0,2016,43.8,38.5,9.7,752
"669",0,0,0,0,0,0,0,0,0,1,0,0,0,0,0,0,0,0,1,2016,52.9,51.3,12.6,730
"670",0,0,1,0,0,0,0,0,0,0,0,0,0,0,0,0,1,0,0,2016,53.4,49.7,15.6,734
"671",0,0,1,0,0,0,0,0,0,0,0,0,1,0,0,0,0,0,0,2016,46.4,32.8,12.9,690
"672",0,0,1,0,0,0,0,0,0,0,0,0,0,0,1,0,0,0,0,2016,43.8,28.3,15.1,592
"673",0,0,1,0,0,0,0,0,0,0,0,0,0,0,0,1,0,0,0,2016,38.2,24.3,14.6,482
"674",0,0,1,0,0,0,0,0,0,0,0,0,0,1,0,0,0,0,0,2016,37.9,30.9,6.6,791
"675",0,0,1,0,0,0,0,0,0,0,0,0,0,0,0,0,0,1,0,2016,41.7,31.3,11.9,711
"676",0,0,1,0,0,0,0,0,0,0,0,0,0,0,0,0,0,0,1,2016,42.8,37.1,7.6,637
"677",0,0,1,0,0,0,0,0,0,0,0,0,0,0,0,0,1,0,0,2016,42.7,35.1,6.4,635
"678",0,0,1,0,0,0,0,0,0,0,0,0,1,0,0,0,0,0,0,2016,36.6,19.2,15.4,701
"679",0,0,1,0,0,0,0,0,0,0,0,0,0,0,1,0,0,0,0,2016,28.2,9.9,12.8,555
"680",0,0,1,0,0,0,0,0,0,0,0,0,0,0,0,1,0,0,0,2016,29.9,13.3,7.5,522
"681",0,0,1,0,0,0,0,0,0,0,0,0,0,1,0,0,0,0,0,2016,43.6,40.4,14.2,665
"682",0,0,1,0,0,0,0,0,0,0,0,0,0,0,0,0,0,1,0,2016,39.7,26.9,9.7,630
"683",0,0,1,0,0,0,0,0,0,0,0,0,0,0,0,0,0,0,1,2016,41.2,31.1,8.2,689
"684",0,0,1,0,0,0,0,0,0,0,0,0,0,0,0,0,1,0,0,2016,29.8,14,13.8,749
"685",0,0,1,0,0,0,0,0,0,0,0,0,1,0,0,0,0,0,0,2016,18.2,-2.1,17.8,792
"686",0,0,1,0,0,0,0,0,0,0,0,0,0,0,1,0,0,0,0,2016,36.2,31.3,11.5,623
"687",0,0,1,0,0,0,0,0,0,0,0,0,0,0,0,1,0,0,0,2016,49.8,48,13.2,521
"688",0,0,1,0,0,0,0,0,0,0,0,0,0,1,0,0,0,0,0,2016,35.3,22.9,14.1,722
"689",0,0,1,0,0,0,0,0,0,0,0,0,0,0,0,0,0,1,0,2016,34.8,25.3,7,719
"690",0,0,1,0,0,0,0,0,0,0,0,0,0,0,0,0,0,0,1,2016,38.8,29,9.7,676
"691",0,0,1,0,0,0,0,0,0,0,0,0,0,0,0,0,1,0,0,2016,38.9,32.3,6.5,700
"692",0,0,1,0,0,0,0,0,0,0,0,0,1,0,0,0,0,0,0,2016,39,28.8,12.7,692
"693",0,0,1,0,0,0,0,0,0,0,0,0,0,0,1,0,0,0,0,2016,44.1,39.3,10.7,554
"694",0,0,1,0,0,0,0,0,0,0,0,0,0,0,0,0,0,1,0,2016,49.8,46.9,17.5,569
"695",0,0,1,0,0,0,0,0,0,0,0,0,0,0,0,0,0,0,1,2016,39.1,26.8,9.8,546
"696",0,0,1,0,0,0,0,0,0,0,0,0,0,0,0,0,1,0,0,2016,37.3,29.4,10.3,542
"697",0,0,1,0,0,0,0,0,0,0,0,0,1,0,0,0,0,0,0,2016,40.4,29.9,18.2,583
"698",0,0,1,0,0,0,0,0,0,0,0,0,0,0,1,0,0,0,0,2016,35.8,21.1,14.1,465
"699",0,0,0,0,1,0,0,0,0,0,0,0,0,0,0,1,0,0,0,2017,44.4,33.6,13.4,485
"700",0,0,0,0,1,0,0,0,0,0,0,0,0,1,0,0,0,0,0,2017,37.4,28.7,7.1,449
"701",0,0,0,0,1,0,0,0,0,0,0,0,0,0,0,0,0,1,0,2017,44.3,40.7,15.2,659
"702",0,0,0,0,1,0,0,0,0,0,0,0,0,0,0,0,0,0,1,2017,46.5,43.7,13.6,590
"703",0,0,0,0,1,0,0,0,0,0,0,0,0,0,0,0,1,0,0,2017,36.4,19.7,15.4,552
"704",0,0,0,0,1,0,0,0,0,0,0,0,1,0,0,0,0,0,0,2017,31.7,25.8,8.9,600
"705",0,0,0,0,1,0,0,0,0,0,0,0,0,1,0,0,0,0,0,2017,18.3,5.7,11,669
"706",0,0,0,0,1,0,0,0,0,0,0,0,0,0,0,0,0,1,0,2017,35.6,26.3,13.6,597
"707",0,0,0,0,1,0,0,0,0,0,0,0,0,0,0,0,0,0,1,2017,45,40.9,15.1,629
"708",0,0,0,0,1,0,0,0,0,0,0,0,0,0,0,0,1,0,0,2017,47.8,45.5,12.6,646
"709",0,0,0,0,1,0,0,0,0,0,0,0,1,0,0,0,0,0,0,2017,46.8,37.5,12.6,604
"710",0,0,0,0,1,0,0,0,0,0,0,0,0,0,1,0,0,0,0,2017,29.8,13.4,10.2,495
"711",0,0,0,0,1,0,0,0,0,0,0,0,0,0,0,1,0,0,0,2017,33.6,24.8,10.8,490
"712",0,0,0,0,1,0,0,0,0,0,0,0,0,1,0,0,0,0,0,2017,31.6,20.7,6.2,477
"713",0,0,0,0,1,0,0,0,0,0,0,0,0,0,0,0,0,1,0,2017,40,30.9,8.4,657
"714",0,0,0,0,1,0,0,0,0,0,0,0,0,0,0,0,0,0,1,2017,41.6,38.5,13.8,549
"715",0,0,0,0,1,0,0,0,0,0,0,0,0,0,0,0,1,0,0,2017,40.7,36.9,7.6,610
"716",0,0,0,0,1,0,0,0,0,0,0,0,1,0,0,0,0,0,0,2017,39.9,32.5,4.3,605
"717",0,0,0,0,1,0,0,0,0,0,0,0,0,0,1,0,0,0,0,2017,42.3,37.5,7.5,475
"718",0,0,0,0,1,0,0,0,0,0,0,0,0,1,0,0,0,0,0,2017,40.9,34.4,18.6,667
"719",0,0,0,0,1,0,0,0,0,0,0,0,0,0,0,0,0,1,0,2017,48.9,46.9,17.2,564
"720",0,0,0,0,1,0,0,0,0,0,0,0,0,0,0,0,0,0,1,2017,41.1,35.1,17.4,576
"721",0,0,0,0,1,0,0,0,0,0,0,0,0,0,0,0,1,0,0,2017,44.3,39.9,9.7,563
"722",0,0,0,0,1,0,0,0,0,0,0,0,1,0,0,0,0,0,0,2017,42.1,29.8,20.3,583
"723",0,0,0,0,1,0,0,0,0,0,0,0,0,0,1,0,0,0,0,2017,38.7,23.1,18.3,501
"724",0,0,0,0,1,0,0,0,0,0,0,0,0,0,0,1,0,0,0,2017,38,26.4,10.2,428
"725",0,0,0,0,1,0,0,0,0,0,0,0,0,1,0,0,0,0,0,2017,34,23.1,6.5,545
"726",0,0,0,0,1,0,0,0,0,0,0,0,0,0,0,0,0,1,0,2017,28.1,14.6,9.8,571
"727",0,0,0,1,0,0,0,0,0,0,0,0,0,0,0,0,0,0,1,2017,38.7,31.3,10.5,574
"728",0,0,0,1,0,0,0,0,0,0,0,0,0,0,0,0,1,0,0,2017,37.7,24.2,9.9,586
"729",0,0,0,1,0,0,0,0,0,0,0,0,1,0,0,0,0,0,0,2017,30.9,14,9,609
"730",0,0,0,1,0,0,0,0,0,0,0,0,0,0,1,0,0,0,0,2017,28.4,10.8,14.1,541
"731",0,0,0,1,0,0,0,0,0,0,0,0,0,0,0,1,0,0,0,2017,36.1,23.7,11.5,429
"732",0,0,0,1,0,0,0,0,0,0,0,0,0,1,0,0,0,0,0,2017,37.5,21,14.4,568
"733",0,0,0,1,0,0,0,0,0,0,0,0,0,0,0,0,0,1,0,2017,38.1,32.2,9.2,626
"734",0,0,0,1,0,0,0,0,0,0,0,0,0,0,0,0,0,0,1,2017,46.2,43.9,10.1,673
"735",0,0,0,1,0,0,0,0,0,0,0,0,0,0,0,0,1,0,0,2017,38.1,33.3,17.8,507
"736",0,0,0,1,0,0,0,0,0,0,0,0,1,0,0,0,0,0,0,2017,21,9.1,21.5,708
"737",0,0,0,1,0,0,0,0,0,0,0,0,0,0,1,0,0,0,0,2017,32,24.7,10,511
"738",0,0,0,1,0,0,0,0,0,0,0,0,0,0,0,1,0,0,0,2017,35.6,32.1,15.2,439
"739",0,0,0,1,0,0,0,0,0,0,0,0,0,1,0,0,0,0,0,2017,35.9,30.3,19.7,642
"740",0,0,0,1,0,0,0,0,0,0,0,0,0,0,0,0,0,1,0,2017,30.1,19.1,15.1,688
"741",0,0,0,1,0,0,0,0,0,0,0,0,0,0,0,0,0,0,1,2017,36.6,32.7,8.7,603
"742",0,0,0,1,0,0,0,0,0,0,0,0,0,0,0,0,1,0,0,2017,36.1,28.8,14.4,652
"743",0,0,0,1,0,0,0,0,0,0,0,0,1,0,0,0,0,0,0,2017,31.8,17.3,14,680
"744",0,0,0,1,0,0,0,0,0,0,0,0,0,0,1,0,0,0,0,2017,37,26.6,10.4,570
"745",0,0,0,1,0,0,0,0,0,0,0,0,0,0,0,1,0,0,0,2017,47.8,36.9,13.9,438
"746",0,0,0,1,0,0,0,0,0,0,0,0,0,1,0,0,0,0,0,2017,41.9,29.5,11.7,428
"747",0,0,0,1,0,0,0,0,0,0,0,0,0,0,0,0,0,1,0,2017,37.1,26.6,6.9,483
"748",0,0,0,1,0,0,0,0,0,0,0,0,0,0,0,0,0,0,1,2017,40.6,35.2,7.8,477
"749",0,0,0,1,0,0,0,0,0,0,0,0,0,0,0,0,1,0,0,2017,44,41.7,8.2,581
"750",0,0,0,1,0,0,0,0,0,0,0,0,1,0,0,0,0,0,0,2017,47.5,44.3,10,657
"751",0,0,0,1,0,0,0,0,0,0,0,0,0,0,1,0,0,0,0,2017,49.8,46.6,10.1,573
"752",0,0,0,1,0,0,0,0,0,0,0,0,0,0,0,1,0,0,0,2017,43,31.2,14.3,462
"753",0,0,0,1,0,0,0,0,0,0,0,0,0,1,0,0,0,0,0,2017,39.1,25.5,13.2,540
"754",0,0,0,1,0,0,0,0,0,0,0,0,0,0,0,0,0,1,0,2017,44.2,39.9,7.9,591
"755",0,0,0,0,0,0,0,1,0,0,0,0,0,0,0,0,0,0,1,2017,47.4,45.8,11.5,571
"756",0,0,0,0,0,0,0,1,0,0,0,0,0,0,0,0,1,0,0,2017,47.8,36.9,21.6,653
"757",0,0,0,0,0,0,0,1,0,0,0,0,1,0,0,0,0,0,0,2017,33.2,8.8,11.8,745
"758",0,0,0,0,0,0,0,1,0,0,0,0,0,0,1,0,0,0,0,2017,22.9,0.1,17.8,536
"759",0,0,0,0,0,0,0,1,0,0,0,0,0,0,0,1,0,0,0,2017,20.8,-1.7,19.8,489
"760",0,0,0,0,0,0,0,1,0,0,0,0,0,1,0,0,0,0,0,2017,28.9,11.2,9.9,618
"761",0,0,0,0,0,0,0,1,0,0,0,0,0,0,0,0,0,1,0,2017,36.7,27.5,10.7,637
"762",0,0,0,0,0,0,0,1,0,0,0,0,0,0,0,0,0,0,1,2017,45.9,42.6,15.3,609
"763",0,0,0,0,0,0,0,1,0,0,0,0,0,0,0,0,1,0,0,2017,45.9,34.3,17.7,665
"764",0,0,0,0,0,0,0,1,0,0,0,0,1,0,0,0,0,0,0,2017,35.5,26.4,12.1,612
"765",0,0,0,0,0,0,0,1,0,0,0,0,0,0,1,0,0,0,0,2017,22.5,7.2,19.3,548
"766",0,0,0,0,0,0,0,1,0,0,0,0,0,0,0,1,0,0,0,2017,20,2.6,16.1,516
"767",0,0,0,0,0,0,0,1,0,0,0,0,0,1,0,0,0,0,0,2017,21.9,6.4,10.9,792
"768",0,0,0,0,0,0,0,1,0,0,0,0,0,0,0,0,0,0,1,2017,29.8,20.7,23.3,650
"769",0,0,0,0,0,0,0,1,0,0,0,0,1,0,0,0,0,0,0,2017,33,13.4,10.9,756
"770",0,0,0,0,0,0,0,1,0,0,0,0,0,0,1,0,0,0,0,2017,34.7,23.9,7.5,504
"771",0,0,0,0,0,0,0,1,0,0,0,0,0,0,0,1,0,0,0,2017,36,32.2,19.4,550
"772",0,0,0,0,0,0,0,1,0,0,0,0,0,1,0,0,0,0,0,2017,39.2,26.3,21.4,750
"773",0,0,0,0,0,0,0,1,0,0,0,0,0,0,0,0,0,1,0,2017,39.9,26.4,7.9,636
"774",0,0,0,0,0,0,0,1,0,0,0,0,0,0,0,0,0,0,1,2017,38.6,20.9,14.8,617
"775",0,0,0,0,0,0,0,1,0,0,0,0,0,0,0,0,1,0,0,2017,26.4,1.5,17.1,703
"776",0,0,0,0,0,0,0,1,0,0,0,0,1,0,0,0,0,0,0,2017,35.3,21.9,9.6,654
"777",0,0,0,0,0,0,0,1,0,0,0,0,0,0,1,0,0,0,0,2017,42.9,36.8,13.1,571
"778",0,0,0,0,0,0,0,1,0,0,0,0,0,0,0,1,0,0,0,2017,37,30,9.8,456
"779",0,0,0,0,0,0,0,1,0,0,0,0,0,1,0,0,0,0,0,2017,42,38.3,12.3,629
"780",0,0,0,0,0,0,0,1,0,0,0,0,0,0,0,0,0,1,0,2017,40.7,38.5,8.7,592
"781",0,0,0,0,0,0,0,1,0,0,0,0,0,0,0,0,0,0,1,2017,41.9,37.1,14.4,672
"782",0,0,0,0,0,0,0,1,0,0,0,0,0,0,0,0,1,0,0,2017,40,25.9,12.8,639
"783",0,0,0,0,0,0,0,1,0,0,0,0,1,0,0,0,0,0,0,2017,37.6,30.7,6.2,753
"784",1,0,0,0,0,0,0,0,0,0,0,0,0,0,1,0,0,0,0,2017,39.8,36.9,24.2,591
"785",1,0,0,0,0,0,0,0,0,0,0,0,0,0,0,1,0,0,0,2017,39.7,33,14.7,514
"786",1,0,0,0,0,0,0,0,0,0,0,0,0,1,0,0,0,0,0,2017,43,31.7,6.9,646
"787",1,0,0,0,0,0,0,0,0,0,0,0,0,0,0,0,0,1,0,2017,42.9,38,16.3,598
"788",1,0,0,0,0,0,0,0,0,0,0,0,0,0,0,0,0,0,1,2017,42.6,38.4,14.1,587
"789",1,0,0,0,0,0,0,0,0,0,0,0,0,0,0,0,1,0,0,2017,41.9,38.5,12.9,713
"790",1,0,0,0,0,0,0,0,0,0,0,0,1,0,0,0,0,0,0,2017,47.8,42.6,14.9,694
"791",1,0,0,0,0,0,0,0,0,0,0,0,0,0,1,0,0,0,0,2017,43.9,30.6,16.5,627
"792",1,0,0,0,0,0,0,0,0,0,0,0,0,0,0,1,0,0,0,2017,46.3,30.9,10.5,541
"793",1,0,0,0,0,0,0,0,0,0,0,0,0,1,0,0,0,0,0,2017,46.9,39.6,10.2,634
"794",1,0,0,0,0,0,0,0,0,0,0,0,0,0,0,0,0,1,0,2017,49.8,44,12.1,519
"795",1,0,0,0,0,0,0,0,0,0,0,0,0,0,0,0,0,0,1,2017,49.1,45.1,9.9,540
"796",1,0,0,0,0,0,0,0,0,0,0,0,0,0,0,0,1,0,0,2017,49.8,38.5,8.2,590
"797",1,0,0,0,0,0,0,0,0,0,0,0,1,0,0,0,0,0,0,2017,47.5,34.1,5,515
"798",1,0,0,0,0,0,0,0,0,0,0,0,0,0,1,0,0,0,0,2017,46.8,38,9.2,495
"799",1,0,0,0,0,0,0,0,0,0,0,0,0,0,0,1,0,0,0,2017,51.9,46.9,15.7,481
"800",1,0,0,0,0,0,0,0,0,0,0,0,0,1,0,0,0,0,0,2017,56.4,48.3,12,488
"801",1,0,0,0,0,0,0,0,0,0,0,0,0,0,0,0,0,1,0,2017,47.8,39.2,12.1,516
"802",1,0,0,0,0,0,0,0,0,0,0,0,0,0,0,0,0,0,1,2017,41.7,32.2,10.5,580
"803",1,0,0,0,0,0,0,0,0,0,0,0,0,0,0,0,1,0,0,2017,47.5,44.1,9.8,632
"804",1,0,0,0,0,0,0,0,0,0,0,0,1,0,0,0,0,0,0,2017,45.7,43.4,13.9,690
"805",1,0,0,0,0,0,0,0,0,0,0,0,0,0,1,0,0,0,0,2017,46.7,44.5,13.2,551
"806",1,0,0,0,0,0,0,0,0,0,0,0,0,0,0,1,0,0,0,2017,46.5,39.5,10.5,517
"807",1,0,0,0,0,0,0,0,0,0,0,0,0,1,0,0,0,0,0,2017,46.6,42.4,7.6,541
"808",1,0,0,0,0,0,0,0,0,0,0,0,0,0,0,0,0,1,0,2017,49.7,46.6,14.2,723
"809",1,0,0,0,0,0,0,0,0,0,0,0,0,0,0,0,0,0,1,2017,53.1,51.8,17.9,630
"810",1,0,0,0,0,0,0,0,0,0,0,0,0,0,0,0,1,0,0,2017,52.9,50.7,5.3,688
"811",1,0,0,0,0,0,0,0,0,0,0,0,0,0,1,0,0,0,0,2017,54.2,51.6,11.6,661
"812",1,0,0,0,0,0,0,0,0,0,0,0,0,0,0,1,0,0,0,2017,53.4,40,12.6,470
"813",0,0,0,0,0,0,0,0,1,0,0,0,0,1,0,0,0,0,0,2017,49.3,45.3,10.6,639
"814",0,0,0,0,0,0,0,0,1,0,0,0,0,0,0,0,0,1,0,2017,55.4,53.4,14.5,743
"815",0,0,0,0,0,0,0,0,1,0,0,0,0,0,0,0,0,0,1,2017,54.7,44.3,13,714
"816",0,0,0,0,0,0,0,0,1,0,0,0,0,0,0,0,1,0,0,2017,51.5,34.8,10.6,701
"817",0,0,0,0,0,0,0,0,1,0,0,0,1,0,0,0,0,0,0,2017,49.4,44,14.9,776
"818",0,0,0,0,0,0,0,0,1,0,0,0,0,0,1,0,0,0,0,2017,55.1,54.1,13.5,685
"819",0,0,0,0,0,0,0,0,1,0,0,0,0,0,0,1,0,0,0,2017,52.5,48.9,10.6,514
"820",0,0,0,0,0,0,0,0,1,0,0,0,0,1,0,0,0,0,0,2017,50,41.3,15.6,638
"821",0,0,0,0,0,0,0,0,1,0,0,0,0,0,0,0,0,1,0,2017,48.3,34.9,6.2,651
"822",0,0,0,0,0,0,0,0,1,0,0,0,0,0,0,0,0,0,1,2017,48.7,38.4,4.5,668
"823",0,0,0,0,0,0,0,0,1,0,0,0,0,0,0,0,1,0,0,2017,49.5,42,7.6,686
"824",0,0,0,0,0,0,0,0,1,0,0,0,1,0,0,0,0,0,0,2017,48.6,42.2,11.8,817
"825",0,0,0,0,0,0,0,0,1,0,0,0,0,0,1,0,0,0,0,2017,47.9,41.7,8.6,683
"826",0,0,0,0,0,0,0,0,1,0,0,0,0,0,0,1,0,0,0,2017,50.4,47.9,16.5,633
"827",0,0,0,0,0,0,0,0,1,0,0,0,0,1,0,0,0,0,0,2017,51.1,43.8,12.9,729
"828",0,0,0,0,0,0,0,0,1,0,0,0,0,0,0,0,0,1,0,2017,57.5,46.9,10.7,694
"829",0,0,0,0,0,0,0,0,1,0,0,0,0,0,0,0,0,0,1,2017,57.9,50.2,11.3,753
"830",0,0,0,0,0,0,0,0,1,0,0,0,0,0,1,0,0,0,0,2017,56.3,41.6,16,612
"831",0,0,0,0,0,0,0,0,1,0,0,0,0,0,0,1,0,0,0,2017,52.7,37.3,6.8,618
"832",0,0,0,0,0,0,0,0,1,0,0,0,0,1,0,0,0,0,0,2017,51.4,40.5,8.2,719
"833",0,0,0,0,0,0,0,0,1,0,0,0,0,0,0,0,0,1,0,2017,56.8,52.3,11.8,659
"834",0,0,0,0,0,0,0,0,1,0,0,0,0,0,0,0,0,0,1,2017,53.9,49.6,9.2,641
"835",0,0,0,0,0,0,0,0,1,0,0,0,0,0,0,0,1,0,0,2017,53.8,51.1,11.6,742
"836",0,0,0,0,0,0,0,0,1,0,0,0,1,0,0,0,0,0,0,2017,55.4,52.9,12.9,776
"837",0,0,0,0,0,0,0,0,1,0,0,0,0,0,1,0,0,0,0,2017,57.5,48.6,7.2,475
"838",0,0,0,0,0,0,0,0,1,0,0,0,0,0,0,1,0,0,0,2017,51.8,46.1,6.1,474
"839",0,0,0,0,0,0,0,0,1,0,0,0,0,0,0,0,0,1,0,2017,53.5,49.6,7.9,647
"840",0,0,0,0,0,0,0,0,1,0,0,0,0,0,0,0,0,0,1,2017,55.4,53.1,7.8,669
"841",0,0,0,0,0,0,1,0,0,0,0,0,0,0,0,0,1,0,0,2017,55.7,53.8,7.7,654
"842",0,0,0,0,0,0,1,0,0,0,0,0,1,0,0,0,0,0,0,2017,58.2,48.2,8.2,737
"843",0,0,0,0,0,0,1,0,0,0,0,0,0,0,1,0,0,0,0,2017,56.9,47.9,8.2,637
"844",0,0,0,0,0,0,1,0,0,0,0,0,0,0,0,1,0,0,0,2017,58,49.8,7.3,468
"845",0,0,0,0,0,0,1,0,0,0,0,0,0,1,0,0,0,0,0,2017,56.6,54.5,8.4,656
"846",0,0,0,0,0,0,1,0,0,0,0,0,0,0,0,0,0,1,0,2017,52.4,50.5,15.2,660
"847",0,0,0,0,0,0,1,0,0,0,0,0,0,0,0,0,0,0,1,2017,54.5,47.5,12.8,675
"848",0,0,0,0,0,0,1,0,0,0,0,0,0,0,0,0,1,0,0,2017,52.7,45.2,5.5,660
"849",0,0,0,0,0,0,1,0,0,0,0,0,1,0,0,0,0,0,0,2017,57.6,52.7,13.2,770
"850",0,0,0,0,0,0,1,0,0,0,0,0,0,0,1,0,0,0,0,2017,60.4,54.5,9.1,665
"851",0,0,0,0,0,0,1,0,0,0,0,0,0,0,0,1,0,0,0,2017,61.5,55.8,11.3,702
"852",0,0,0,0,0,0,1,0,0,0,0,0,0,1,0,0,0,0,0,2017,66,58.9,11.4,804
"853",0,0,0,0,0,0,1,0,0,0,0,0,0,0,0,0,0,0,1,2017,67.1,51.6,10.3,754
"854",0,0,0,0,0,0,1,0,0,0,0,0,0,0,0,0,1,0,0,2017,57.2,45.8,7.5,771
"855",0,0,0,0,0,0,1,0,0,0,0,0,1,0,0,0,0,0,0,2017,59.8,52.9,15.5,657
"856",0,0,0,0,0,0,1,0,0,0,0,0,0,0,1,0,0,0,0,2017,61.7,59.4,11.8,654
"857",0,0,0,0,0,0,1,0,0,0,0,0,0,0,0,1,0,0,0,2017,63.8,62.5,10.2,593
"858",0,0,0,0,0,0,1,0,0,0,0,0,0,1,0,0,0,0,0,2017,64.7,64.5,15.2,819
"859",0,0,0,0,0,0,1,0,0,0,0,0,0,0,0,0,0,1,0,2017,63.4,63.4,15,813
"860",0,0,0,0,0,0,1,0,0,0,0,0,0,0,0,0,0,0,1,2017,62.6,61.8,11.4,744
"861",0,0,0,0,0,0,1,0,0,0,0,0,1,0,0,0,0,0,0,2017,64.9,63.4,9.7,793
"862",0,0,0,0,0,0,1,0,0,0,0,0,0,0,1,0,0,0,0,2017,67.2,65.1,15,753
"863",0,0,0,0,0,0,1,0,0,0,0,0,0,0,0,1,0,0,0,2017,68.8,60.1,7.6,590
"864",0,0,0,0,0,0,1,0,0,0,0,0,0,1,0,0,0,0,0,2017,66.7,59.2,7.8,669
"865",0,0,0,0,0,0,1,0,0,0,0,0,0,0,0,0,0,1,0,2017,64.3,61.6,7.8,757
"866",0,0,0,0,0,0,1,0,0,0,0,0,0,0,0,0,0,0,1,2017,65.4,58,9.9,730
"867",0,0,0,0,0,0,1,0,0,0,0,0,0,0,0,0,1,0,0,2017,65.6,62.6,11.5,767
"868",0,0,0,0,0,0,1,0,0,0,0,0,1,0,0,0,0,0,0,2017,66.9,63.7,13.3,747
"869",0,0,0,0,0,1,0,0,0,0,0,0,0,0,1,0,0,0,0,2017,67.7,66.3,13,595
"870",0,0,0,0,0,1,0,0,0,0,0,0,0,0,0,1,0,0,0,2017,68.7,67.4,11.4,537
"871",0,0,0,0,0,1,0,0,0,0,0,0,0,1,0,0,0,0,0,2017,70.9,66.1,9.5,617
"872",0,0,0,0,0,1,0,0,0,0,0,0,0,0,0,0,0,0,1,2017,67.9,58.5,6.5,706
"873",0,0,0,0,0,1,0,0,0,0,0,0,0,0,0,0,1,0,0,2017,61.7,59.9,5.9,611
"874",0,0,0,0,0,1,0,0,0,0,0,0,1,0,0,0,0,0,0,2017,66,66,8.7,674
"875",0,0,0,0,0,1,0,0,0,0,0,0,0,0,1,0,0,0,0,2017,67.3,66.8,8.9,585
"876",0,0,0,0,0,1,0,0,0,0,0,0,0,0,0,1,0,0,0,2017,69.6,64.1,10.1,512
"877",0,0,0,0,0,1,0,0,0,0,0,0,0,1,0,0,0,0,0,2017,68.3,66.1,9,667
"878",0,0,0,0,0,1,0,0,0,0,0,0,0,0,0,0,0,1,0,2017,68.8,68.4,8.6,638
"879",0,0,0,0,0,1,0,0,0,0,0,0,0,0,0,0,0,0,1,2017,70.8,70.2,7.3,677
"880",0,0,0,0,0,1,0,0,0,0,0,0,0,0,0,0,1,0,0,2017,70.8,69.6,8.2,759
"881",0,0,0,0,0,1,0,0,0,0,0,0,1,0,0,0,0,0,0,2017,63.7,61.5,8.9,707
"882",0,0,0,0,0,1,0,0,0,0,0,0,0,0,1,0,0,0,0,2017,64.3,62.7,5.6,649
"883",0,0,0,0,0,1,0,0,0,0,0,0,0,0,0,1,0,0,0,2017,69.3,67.7,7.1,515
"884",0,0,0,0,0,1,0,0,0,0,0,0,0,1,0,0,0,0,0,2017,67.3,66.8,5.7,639
"885",0,0,0,0,0,1,0,0,0,0,0,0,0,0,0,0,0,1,0,2017,69.4,67.9,5.5,706
"886",0,0,0,0,0,1,0,0,0,0,0,0,0,0,0,0,0,0,1,2017,71.6,70.3,7.6,747
"887",0,0,0,0,0,1,0,0,0,0,0,0,0,0,0,0,1,0,0,2017,74.7,70.6,7.7,774
"888",0,0,0,0,0,1,0,0,0,0,0,0,1,0,0,0,0,0,0,2017,75.6,69.6,7.8,733
"889",0,0,0,0,0,1,0,0,0,0,0,0,0,0,1,0,0,0,0,2017,74,67.2,7.1,648
"890",0,0,0,0,0,1,0,0,0,0,0,0,0,0,0,1,0,0,0,2017,68.4,63.5,6,554
"891",0,0,0,0,0,1,0,0,0,0,0,0,0,1,0,0,0,0,0,2017,63,58,10.9,620
"892",0,0,0,0,0,1,0,0,0,0,0,0,0,0,0,0,0,1,0,2017,62.8,59.4,13.8,595
"893",0,0,0,0,0,1,0,0,0,0,0,0,0,0,0,0,0,0,1,2017,63.6,58,7.4,635
"894",0,0,0,0,0,1,0,0,0,0,0,0,0,0,0,0,1,0,0,2017,61.8,59.2,7.3,610
"895",0,0,0,0,0,1,0,0,0,0,0,0,1,0,0,0,0,0,0,2017,69.2,66.9,8.5,685
"896",0,0,0,0,0,1,0,0,0,0,0,0,0,0,1,0,0,0,0,2017,65.1,65,11.1,512
"897",0,0,0,0,0,1,0,0,0,0,0,0,0,0,0,1,0,0,0,2017,67.1,57.7,15,606
"898",0,0,0,0,0,1,0,0,0,0,0,0,0,1,0,0,0,0,0,2017,63.9,57.3,4.2,656
"899",0,1,0,0,0,0,0,0,0,0,0,0,0,0,0,0,0,1,0,2017,68.2,64.8,8.6,705
"900",0,1,0,0,0,0,0,0,0,0,0,0,0,0,0,0,0,0,1,2017,68.6,66.6,6.5,618
"901",0,1,0,0,0,0,0,0,0,0,0,0,0,0,0,0,1,0,0,2017,67.5,66,5.8,713
"902",0,1,0,0,0,0,0,0,0,0,0,0,1,0,0,0,0,0,0,2017,67.7,66.7,6.3,758
"903",0,1,0,0,0,0,0,0,0,0,0,0,0,0,1,0,0,0,0,2017,67.7,67.2,7.9,573
"904",0,1,0,0,0,0,0,0,0,0,0,0,0,0,0,1,0,0,0,2017,69.4,59.9,11.8,519
"905",0,1,0,0,0,0,0,0,0,0,0,0,0,1,0,0,0,0,0,2017,67.5,64.2,7.8,606
"906",0,1,0,0,0,0,0,0,0,0,0,0,0,0,0,0,0,1,0,2017,65.2,62.8,11.3,631
"907",0,1,0,0,0,0,0,0,0,0,0,0,0,0,0,0,0,0,1,2017,67.1,63.5,6.5,655
"908",0,1,0,0,0,0,0,0,0,0,0,0,0,0,0,0,1,0,0,2017,67.8,66,6,650
"909",0,1,0,0,0,0,0,0,0,0,0,0,1,0,0,0,0,0,0,2017,67.6,65.8,5.8,655
"910",0,1,0,0,0,0,0,0,0,0,0,0,0,0,1,0,0,0,0,2017,65.9,65.8,5.8,526
"911",0,1,0,0,0,0,0,0,0,0,0,0,0,0,0,1,0,0,0,2017,71,69.3,8.3,563
"912",0,1,0,0,0,0,0,0,0,0,0,0,0,1,0,0,0,0,0,2017,67.7,65.2,4.3,602
"913",0,1,0,0,0,0,0,0,0,0,0,0,0,0,0,0,0,1,0,2017,67.8,66.8,4,577
"914",0,1,0,0,0,0,0,0,0,0,0,0,0,0,0,0,0,0,1,2017,71.1,65.9,6.5,600
"915",0,1,0,0,0,0,0,0,0,0,0,0,0,0,0,0,1,0,0,2017,68,60.8,5.2,639
"916",0,1,0,0,0,0,0,0,0,0,0,0,1,0,0,0,0,0,0,2017,66.6,65.6,8.8,612
"917",0,1,0,0,0,0,0,0,0,0,0,0,0,0,1,0,0,0,0,2017,71.8,70.9,12.2,638
"918",0,1,0,0,0,0,0,0,0,0,0,0,0,0,0,1,0,0,0,2017,72.8,68.1,9.7,538
"919",0,1,0,0,0,0,0,0,0,0,0,0,0,1,0,0,0,0,0,2017,69.9,65.6,5.9,627
"920",0,1,0,0,0,0,0,0,0,0,0,0,0,0,0,0,0,1,0,2017,70.5,69.8,10.6,684
"921",0,1,0,0,0,0,0,0,0,0,0,0,0,0,0,0,0,0,1,2017,72.3,70.9,12.4,629
"922",0,1,0,0,0,0,0,0,0,0,0,0,0,0,0,0,1,0,0,2017,70,60.2,5.6,631
"923",0,1,0,0,0,0,0,0,0,0,0,0,1,0,0,0,0,0,0,2017,66.4,60,5.5,633
"924",0,1,0,0,0,0,0,0,0,0,0,0,0,0,1,0,0,0,0,2017,64.1,56.8,3.7,570
"925",0,1,0,0,0,0,0,0,0,0,0,0,0,0,0,1,0,0,0,2017,62.3,53.6,5,498
"926",0,1,0,0,0,0,0,0,0,0,0,0,0,1,0,0,0,0,0,2017,62.7,56.4,8.5,584
"927",0,1,0,0,0,0,0,0,0,0,0,0,0,0,0,0,0,1,0,2017,62,58.3,8.6,614
"928",0,1,0,0,0,0,0,0,0,0,0,0,0,0,0,0,0,0,1,2017,61.8,57.5,16,671
"929",0,1,0,0,0,0,0,0,0,0,0,0,0,0,0,0,1,0,0,2017,66.2,60.6,9.7,618
"930",0,0,0,0,0,0,0,0,0,0,0,1,1,0,0,0,0,0,0,2017,62.7,50,10.6,681
"931",0,0,0,0,0,0,0,0,0,0,0,1,0,0,1,0,0,0,0,2017,58.7,45.2,5.3,562
"932",0,0,0,0,0,0,0,0,0,0,0,1,0,0,0,1,0,0,0,2017,60,56.6,13.1,518
"933",0,0,0,0,0,0,0,0,0,0,0,1,0,1,0,0,0,0,0,2017,65.4,62.2,13.4,532
"934",0,0,0,0,0,0,0,0,0,0,0,1,0,0,0,0,0,1,0,2017,68.1,66.4,14,707
"935",0,0,0,0,0,0,0,0,0,0,0,1,0,0,0,0,0,0,1,2017,69.6,68.6,13.6,608
"936",0,0,0,0,0,0,0,0,0,0,0,1,0,0,0,0,1,0,0,2017,67.1,65.1,13,790
"937",0,0,0,0,0,0,0,0,0,0,0,1,1,0,0,0,0,0,0,2017,65.4,60.5,11.3,740
"938",0,0,0,0,0,0,0,0,0,0,0,1,0,0,1,0,0,0,0,2017,63.1,57,7.5,608
"939",0,0,0,0,0,0,0,0,0,0,0,1,0,0,0,1,0,0,0,2017,61.1,56.3,9.9,533
"940",0,0,0,0,0,0,0,0,0,0,0,1,0,1,0,0,0,0,0,2017,63.6,53.9,7.9,735
"941",0,0,0,0,0,0,0,0,0,0,0,1,0,0,0,0,0,1,0,2017,65.3,59.7,8.3,680
"942",0,0,0,0,0,0,0,0,0,0,0,1,0,0,0,0,0,0,1,2017,67.5,63.4,8,738
"943",0,0,0,0,0,0,0,0,0,0,0,1,0,0,0,0,1,0,0,2017,67.4,67.2,9,728
"944",0,0,0,0,0,0,0,0,0,0,0,1,0,0,1,0,0,0,0,2017,66.8,65.5,2.8,623
"945",0,0,0,0,0,0,0,0,0,0,0,1,0,0,0,1,0,0,0,2017,64.7,64.2,3.4,586
"946",0,0,0,0,0,0,0,0,0,0,0,1,0,1,0,0,0,0,0,2017,65.7,65.5,7.6,672
"947",0,0,0,0,0,0,0,0,0,0,0,1,0,0,0,0,0,1,0,2017,65.5,65.4,14.5,661
"948",0,0,0,0,0,0,0,0,0,0,0,1,0,0,0,0,0,0,1,2017,66.1,66.1,21.3,583
"949",0,0,0,0,0,0,0,0,0,0,0,1,0,0,0,0,1,0,0,2017,63.9,63.8,29.6,535
"950",0,0,0,0,0,0,0,0,0,0,0,1,1,0,0,0,0,0,0,2017,61.3,61.3,27.5,614
"951",0,0,0,0,0,0,0,0,0,0,0,1,0,0,1,0,0,0,0,2017,62.6,62.6,17.2,631
"952",0,0,0,0,0,0,0,0,0,0,0,1,0,0,0,1,0,0,0,2017,65.3,64.3,9.6,587
"953",0,0,0,0,0,0,0,0,0,0,0,1,0,1,0,0,0,0,0,2017,64.2,63.7,4.2,726
"954",0,0,0,0,0,0,0,0,0,0,0,1,0,0,0,0,0,1,0,2017,65.9,65.3,3.4,656
"955",0,0,0,0,0,0,0,0,0,0,0,1,0,0,0,0,0,0,1,2017,68.7,68.6,4.7,696
"956",0,0,0,0,0,0,0,0,0,0,0,1,0,0,0,0,1,0,0,2017,69.4,66.3,9.3,740
"957",0,0,0,0,0,0,0,0,0,0,0,1,1,0,0,0,0,0,0,2017,59.6,48.5,10.6,757
"958",0,0,0,0,0,0,0,0,0,0,0,1,0,0,1,0,0,0,0,2017,56.3,50.9,8.3,550
"959",0,0,0,0,0,0,0,0,0,0,1,0,0,0,0,1,0,0,0,2017,55.5,46.8,7.9,571
"960",0,0,0,0,0,0,0,0,0,0,1,0,0,1,0,0,0,0,0,2017,58,51.4,9.3,739
"961",0,0,0,0,0,0,0,0,0,0,1,0,0,0,0,0,0,1,0,2017,54.1,47.5,6,687
"962",0,0,0,0,0,0,0,0,0,0,1,0,0,0,0,0,0,0,1,2017,59.3,56.1,12.4,711
"963",0,0,0,0,0,0,0,0,0,0,1,0,0,0,0,0,1,0,0,2017,63.7,62.6,15.8,657
"964",0,0,0,0,0,0,0,0,0,0,1,0,1,0,0,0,0,0,0,2017,64.9,64.2,7.6,649
"965",0,0,0,0,0,0,0,0,0,0,1,0,0,0,1,0,0,0,0,2017,63.8,63.5,5.7,570
"966",0,0,0,0,0,0,0,0,0,0,1,0,0,0,0,1,0,0,0,2017,65.8,65.6,12.8,521
"967",0,0,0,0,0,0,0,0,0,0,1,0,0,1,0,0,0,0,0,2017,66.3,66.2,10.5,546
"968",0,0,0,0,0,0,0,0,0,0,1,0,0,0,0,0,0,1,0,2017,68.8,65.6,11,768
"969",0,0,0,0,0,0,0,0,0,0,1,0,0,0,0,0,0,0,1,2017,62.1,58.7,6.9,628
"970",0,0,0,0,0,0,0,0,0,0,1,0,0,0,0,0,1,0,0,2017,57.1,49.2,14.5,603
"971",0,0,0,0,0,0,0,0,0,0,1,0,1,0,0,0,0,0,0,2017,56.4,49.4,10.9,658
"972",0,0,0,0,0,0,0,0,0,0,1,0,0,0,1,0,0,0,0,2017,62.4,62,5.5,567
"973",0,0,0,0,0,0,0,0,0,0,1,0,0,0,0,1,0,0,0,2017,63.3,63.3,7.1,496
"974",0,0,0,0,0,0,0,0,0,0,1,0,0,1,0,0,0,0,0,2017,62.3,58.2,13.8,641
"975",0,0,0,0,0,0,0,0,0,0,1,0,0,0,0,0,0,1,0,2017,51.1,39,12.1,736
"976",0,0,0,0,0,0,0,0,0,0,1,0,0,0,0,0,0,0,1,2017,56.7,49,10.1,737
"977",0,0,0,0,0,0,0,0,0,0,1,0,0,0,0,0,1,0,0,2017,59.7,58.3,9.3,766
"978",0,0,0,0,0,0,0,0,0,0,1,0,1,0,0,0,0,0,0,2017,62,54.1,11.3,823
"979",0,0,0,0,0,0,0,0,0,0,1,0,0,0,1,0,0,0,0,2017,58.8,50.3,7,583
"980",0,0,0,0,0,0,0,0,0,0,1,0,0,0,0,1,0,0,0,2017,60.6,59.2,6.9,528
"981",0,0,0,0,0,0,0,0,0,0,1,0,0,1,0,0,0,0,0,2017,59.5,58.7,7.2,669
"982",0,0,0,0,0,0,0,0,0,0,1,0,0,0,0,0,0,1,0,2017,64.3,63.4,14.7,685
"983",0,0,0,0,0,0,0,0,0,0,1,0,0,0,0,0,0,0,1,2017,65.1,65,17.1,648
"984",0,0,0,0,0,0,0,0,0,0,1,0,0,0,0,0,1,0,0,2017,60.1,59.6,11.3,658
"985",0,0,0,0,0,0,0,0,0,0,1,0,1,0,0,0,0,0,0,2017,54.1,43.5,12.1,759
"986",0,0,0,0,0,0,0,0,0,0,1,0,0,0,1,0,0,0,0,2017,55.1,51.2,6.7,615
"987",0,0,0,0,0,0,0,0,0,0,1,0,0,0,0,1,0,0,0,2017,60.4,59.4,12.3,613
"988",0,0,0,0,0,0,0,0,0,0,1,0,0,0,0,0,0,1,0,2017,57.7,44.2,18.1,696
"989",0,0,0,0,0,0,0,0,0,1,0,0,0,0,0,0,0,0,1,2017,50.6,39.9,6.7,607
"990",0,0,0,0,0,0,0,0,0,1,0,0,0,0,0,0,1,0,0,2017,58.9,56.1,10.4,746
"991",0,0,0,0,0,0,0,0,0,1,0,0,1,0,0,0,0,0,0,2017,58.7,58.5,7.7,776
"992",0,0,0,0,0,0,0,0,0,1,0,0,0,0,1,0,0,0,0,2017,53.6,44.6,13.9,613
"993",0,0,0,0,0,0,0,0,0,1,0,0,0,0,0,1,0,0,0,2017,54.5,49.5,10.8,519
"994",0,0,0,0,0,0,0,0,0,1,0,0,0,1,0,0,0,0,0,2017,62.2,61.6,11.8,682
"995",0,0,0,0,0,0,0,0,0,1,0,0,0,0,0,0,0,1,0,2017,53,46.7,12.5,710
"996",0,0,0,0,0,0,0,0,0,1,0,0,0,0,0,0,0,0,1,2017,47,43.6,16.7,662
"997",0,0,0,0,0,0,0,0,0,1,0,0,0,0,0,0,1,0,0,2017,48.3,39.9,8.7,702
"998",0,0,0,0,0,0,0,0,0,1,0,0,1,0,0,0,0,0,0,2017,44.6,33.5,12.3,724
"999",0,0,0,0,0,0,0,0,0,1,0,0,0,0,1,0,0,0,0,2017,30.2,18,12.6,623
"1000",0,0,0,0,0,0,0,0,0,1,0,0,0,0,0,1,0,0,0,2017,35.8,29.8,5,539
"1001",0,0,0,0,0,0,0,0,0,1,0,0,0,1,0,0,0,0,0,2017,48.8,44.3,9.2,699
"1002",0,0,0,0,0,0,0,0,0,1,0,0,0,0,0,0,0,1,0,2017,46.1,39,12.3,647
"1003",0,0,0,0,0,0,0,0,0,1,0,0,0,0,0,0,0,0,1,2017,43.9,37.1,11.3,713
"1004",0,0,0,0,0,0,0,0,0,1,0,0,0,0,0,0,1,0,0,2017,46.6,43.4,10.1,811
"1005",0,0,0,0,0,0,0,0,0,1,0,0,1,0,0,0,0,0,0,2017,43.8,33.2,15.6,814
"1006",0,0,0,0,0,0,0,0,0,1,0,0,0,0,1,0,0,0,0,2017,43.5,31.4,9.4,629
"1007",0,0,0,0,0,0,0,0,0,1,0,0,0,0,0,1,0,0,0,2017,54.8,50.4,16.8,573
"1008",0,0,0,0,0,0,0,0,0,1,0,0,0,1,0,0,0,0,0,2017,40.5,24.6,15.4,748
"1009",0,0,0,0,0,0,0,0,0,1,0,0,0,0,0,0,0,1,0,2017,51.1,39,15.3,790
"1010",0,0,0,0,0,0,0,0,0,1,0,0,0,0,0,0,0,0,1,2017,54.2,52.3,13.5,774
"1011",0,0,0,0,0,0,0,0,0,1,0,0,0,0,0,0,1,0,0,2017,38.7,30.1,11.1,469
"1012",0,0,0,0,0,0,0,0,0,1,0,0,1,0,0,0,0,0,0,2017,40.8,30.7,6.9,502
"1013",0,0,0,0,0,0,0,0,0,1,0,0,0,0,1,0,0,0,0,2017,50.1,47.2,7.8,456
"1014",0,0,0,0,0,0,0,0,0,1,0,0,0,0,0,1,0,0,0,2017,48.9,39.7,12.2,485
"1015",0,0,0,0,0,0,0,0,0,1,0,0,0,1,0,0,0,0,0,2017,43,28.8,12.4,635
"1016",0,0,0,0,0,0,0,0,0,1,0,0,0,0,0,0,0,1,0,2017,37.9,27.4,10,649
"1017",0,0,0,0,0,0,0,0,0,1,0,0,0,0,0,0,0,0,1,2017,52.2,47.6,14.6,701
"1018",0,0,0,0,0,0,0,0,0,1,0,0,0,0,0,0,1,0,0,2017,43.2,34,10.1,663
"1019",0,0,1,0,0,0,0,0,0,0,0,0,1,0,0,0,0,0,0,2017,48.2,44.2,10,772
"1020",0,0,1,0,0,0,0,0,0,0,0,0,0,0,1,0,0,0,0,2017,42.5,34.2,8,575
"1021",0,0,1,0,0,0,0,0,0,0,0,0,0,0,0,1,0,0,0,2017,42.6,36.3,6.1,448
"1022",0,0,1,0,0,0,0,0,0,0,0,0,0,1,0,0,0,0,0,2017,40.9,35.1,7.7,684
"1023",0,0,1,0,0,0,0,0,0,0,0,0,0,0,0,0,0,1,0,2017,42,38.5,10.2,704
"1024",0,0,1,0,0,0,0,0,0,0,0,0,0,0,0,0,0,0,1,2017,51.3,48.7,15,651
"1025",0,0,1,0,0,0,0,0,0,0,0,0,0,0,0,0,1,0,0,2017,43.4,28.1,10.2,693
"1026",0,0,1,0,0,0,0,0,0,0,0,0,1,0,0,0,0,0,0,2017,41,26.6,9,682
"1027",0,0,1,0,0,0,0,0,0,0,0,0,0,0,1,0,0,0,0,2017,38.7,36.7,9.9,538
"1028",0,0,1,0,0,0,0,0,0,0,0,0,0,0,0,1,0,0,0,2017,39,34.6,12.3,513
"1029",0,0,1,0,0,0,0,0,0,0,0,0,0,1,0,0,0,0,0,2017,38.4,28.3,7.9,725
"1030",0,0,1,0,0,0,0,0,0,0,0,0,0,0,0,0,0,1,0,2017,42.6,38.1,10,687
"1031",0,0,1,0,0,0,0,0,0,0,0,0,0,0,0,0,0,0,1,2017,32.8,25.1,17.6,709
"1032",0,0,1,0,0,0,0,0,0,0,0,0,0,0,1,0,0,0,0,2017,30.9,24.3,12.4,661
"1033",0,0,1,0,0,0,0,0,0,0,0,0,0,0,0,1,0,0,0,2017,27.6,13.8,10.1,547
"1034",0,0,1,0,0,0,0,0,0,0,0,0,0,1,0,0,0,0,0,2017,32.7,23.9,4.6,706
"1035",0,0,1,0,0,0,0,0,0,0,0,0,0,0,0,0,0,1,0,2017,44.9,41.8,10.3,657
"1036",0,0,1,0,0,0,0,0,0,0,0,0,0,0,0,0,0,0,1,2017,44.3,31.7,14.9,700
"1037",0,0,1,0,0,0,0,0,0,0,0,0,0,0,0,0,1,0,0,2017,32.4,19.7,10.7,742
"1038",0,0,1,0,0,0,0,0,0,0,0,0,1,0,0,0,0,0,0,2017,32.7,24.3,6.7,720
"1039",0,0,1,0,0,0,0,0,0,0,0,0,0,0,1,0,0,0,0,2017,45.6,45.4,10.6,565
"1040",0,0,1,0,0,0,0,0,0,0,0,0,0,0,0,1,0,0,0,2017,41.9,37.7,12.9,469
"1041",0,0,1,0,0,0,0,0,0,0,0,0,0,0,0,0,0,1,0,2017,29.5,12.4,13.1,543
"1042",0,0,1,0,0,0,0,0,0,0,0,0,0,0,0,0,0,0,1,2017,21.9,5,11,577
"1043",0,0,1,0,0,0,0,0,0,0,0,0,0,0,0,0,1,0,0,2017,15.3,-1.4,17.5,609
"1044",0,0,1,0,0,0,0,0,0,0,0,0,1,0,0,0,0,0,0,2017,13.7,5.4,11,598
"1045",0,0,1,0,0,0,0,0,0,0,0,0,0,0,1,0,0,0,0,2017,16.7,3.7,10.5,565
"1046",0,0,1,0,0,0,0,0,0,0,0,0,0,0,0,1,0,0,0,2017,21,17.9,10.5,462
"1047",0,0,0,0,1,0,0,0,0,0,0,0,0,1,0,0,0,0,0,2018,9.5,-0.5,15,453
"1048",0,0,0,0,1,0,0,0,0,0,0,0,0,0,0,0,0,1,0,2018,14.7,2,12.9,654
"1049",0,0,0,0,1,0,0,0,0,0,0,0,0,0,0,0,0,0,1,2018,25.6,18.3,6.7,645
"1050",0,0,0,0,1,0,0,0,0,0,0,0,0,0,0,0,1,0,0,2018,37.1,35.9,21,464
"1051",0,0,0,0,1,0,0,0,0,0,0,0,1,0,0,0,0,0,0,2018,23,13.8,23.4,700
"1052",0,0,0,0,1,0,0,0,0,0,0,0,0,0,1,0,0,0,0,2018,13.2,-0.2,22.4,599
"1053",0,0,0,0,1,0,0,0,0,0,0,0,0,0,0,1,0,0,0,2018,9.3,-0.5,12.7,475
"1054",0,0,0,0,1,0,0,0,0,0,0,0,0,1,0,0,0,0,0,2018,35,28,18.3,720
"1055",0,0,0,0,1,0,0,0,0,0,0,0,0,0,0,0,0,1,0,2018,38.3,32.3,14.6,684
"1056",0,0,0,0,1,0,0,0,0,0,0,0,0,0,0,0,0,0,1,2018,31.4,24.2,6.6,687
"1057",0,0,0,0,1,0,0,0,0,0,0,0,0,0,0,0,1,0,0,2018,38.5,38,8.6,696
"1058",0,0,0,0,1,0,0,0,0,0,0,0,1,0,0,0,0,0,0,2018,43.7,43.7,13.4,704
"1059",0,0,0,0,1,0,0,0,0,0,0,0,0,0,1,0,0,0,0,2018,45.4,43.2,19.2,603
"1060",0,0,0,0,1,0,0,0,0,0,0,0,0,0,0,1,0,0,0,2018,27,21.7,14.5,494
"1061",0,0,0,0,1,0,0,0,0,0,0,0,0,1,0,0,0,0,0,2018,31.6,24.5,15.4,523
"1062",0,0,0,0,1,0,0,0,0,0,0,0,0,0,0,0,0,1,0,2018,32.3,28.9,8.8,617
"1063",0,0,0,0,1,0,0,0,0,0,0,0,0,0,0,0,0,0,1,2018,36,35.2,7.7,611
"1064",0,0,0,0,1,0,0,0,0,0,0,0,0,0,0,0,1,0,0,2018,32.4,29.5,10.2,634
"1065",0,0,0,0,1,0,0,0,0,0,0,0,1,0,0,0,0,0,0,2018,28.9,21.4,10.5,599
"1066",0,0,0,0,1,0,0,0,0,0,0,0,0,0,1,0,0,0,0,2018,38.1,32.5,14.3,530
"1067",0,0,0,0,1,0,0,0,0,0,0,0,0,1,0,0,0,0,0,2018,36.4,35.9,4,559
"1068",0,0,0,0,1,0,0,0,0,0,0,0,0,0,0,0,0,1,0,2018,45.3,45.3,16.2,531
"1069",0,0,0,0,1,0,0,0,0,0,0,0,0,0,0,0,0,0,1,2018,41.1,36.1,13.9,615
"1070",0,0,0,0,1,0,0,0,0,0,0,0,0,0,0,0,1,0,0,2018,28,12.4,13.2,602
"1071",0,0,0,0,1,0,0,0,0,0,0,0,1,0,0,0,0,0,0,2018,25.3,7,14.4,677
"1072",0,0,0,0,1,0,0,0,0,0,0,0,0,0,1,0,0,0,0,2018,36.8,30.7,12.2,510
"1073",0,0,0,0,1,0,0,0,0,0,0,0,0,1,0,0,0,0,0,2018,40.3,37.7,12.1,531
"1074",0,0,0,0,1,0,0,0,0,0,0,0,0,0,0,0,0,1,0,2018,31.9,30.5,23.4,579
"1075",0,0,0,0,1,0,0,0,0,0,0,0,0,0,0,0,0,0,1,2018,25,14.8,13.1,596
"1076",0,0,0,1,0,0,0,0,0,0,0,0,0,0,0,0,1,0,0,2018,38.3,34.7,11.9,594
"1077",0,0,0,1,0,0,0,0,0,0,0,0,1,0,0,0,0,0,0,2018,34.2,30.8,11.9,617
"1078",0,0,0,1,0,0,0,0,0,0,0,0,0,0,1,0,0,0,0,2018,19.8,8.6,16.5,478
"1079",0,0,0,1,0,0,0,0,0,0,0,0,0,0,0,1,0,0,0,2018,37.8,34.1,13.4,541
"1080",0,0,0,1,0,0,0,0,0,0,0,0,0,1,0,0,0,0,0,2018,42.5,38.1,14.1,706
"1081",0,0,0,1,0,0,0,0,0,0,0,0,0,0,0,0,0,1,0,2018,30,20.2,4.8,545
"1082",0,0,0,1,0,0,0,0,0,0,0,0,0,0,0,0,0,0,1,2018,36.4,32.6,9.5,653
"1083",0,0,0,1,0,0,0,0,0,0,0,0,0,0,0,0,1,0,0,2018,34.6,28.2,14.5,616
"1084",0,0,0,1,0,0,0,0,0,0,0,0,1,0,0,0,0,0,0,2018,28.3,17.3,6.2,583
"1085",0,0,0,1,0,0,0,0,0,0,0,0,0,0,1,0,0,0,0,2018,41.6,39,11.3,549
"1086",0,0,0,1,0,0,0,0,0,0,0,0,0,0,0,1,0,0,0,2018,46.3,46.3,9.7,479
"1087",0,0,0,1,0,0,0,0,0,0,0,0,0,1,0,0,0,0,0,2018,45,44.2,13.6,543
"1088",0,0,0,1,0,0,0,0,0,0,0,0,0,0,0,0,0,1,0,2018,31.5,23,9.7,613
"1089",0,0,0,1,0,0,0,0,0,0,0,0,0,0,0,0,0,0,1,2018,36.9,34,8.7,671
"1090",0,0,0,1,0,0,0,0,0,0,0,0,0,0,0,0,1,0,0,2018,40.8,40.8,9.7,645
"1091",0,0,0,1,0,0,0,0,0,0,0,0,1,0,0,0,0,0,0,2018,44.8,44.6,8.8,582
"1092",0,0,0,1,0,0,0,0,0,0,0,0,0,0,1,0,0,0,0,2018,35.9,24.8,13.1,604
"1093",0,0,0,1,0,0,0,0,0,0,0,0,0,0,0,1,0,0,0,2018,39.4,34.8,12.4,472
"1094",0,0,0,1,0,0,0,0,0,0,0,0,0,1,0,0,0,0,0,2018,38.1,35.4,8.3,435
"1095",0,0,0,1,0,0,0,0,0,0,0,0,0,0,0,0,0,1,0,2018,45.6,45.5,12.4,535
"1096",0,0,0,1,0,0,0,0,0,0,0,0,0,0,0,0,0,0,1,2018,45.9,45.9,13.3,601
"1097",0,0,0,1,0,0,0,0,0,0,0,0,0,0,0,0,1,0,0,2018,43.1,38.6,13.8,550
"1098",0,0,0,1,0,0,0,0,0,0,0,0,1,0,0,0,0,0,0,2018,37.5,32.5,10.6,548
"1099",0,0,0,1,0,0,0,0,0,0,0,0,0,0,1,0,0,0,0,2018,42.3,41.5,11.4,540
"1100",0,0,0,1,0,0,0,0,0,0,0,0,0,0,0,1,0,0,0,2018,42.5,41.5,12.3,448
"1101",0,0,0,1,0,0,0,0,0,0,0,0,0,1,0,0,0,0,0,2018,42.1,40.1,10.7,557
"1102",0,0,0,1,0,0,0,0,0,0,0,0,0,0,0,0,0,1,0,2018,40.3,29.3,8.9,631
"1103",0,0,0,1,0,0,0,0,0,0,0,0,0,0,0,0,0,0,1,2018,42.6,38.2,12.9,654
"1104",0,0,0,0,0,0,0,1,0,0,0,0,0,0,0,0,1,0,0,2018,46.7,41,8.5,619
"1105",0,0,0,0,0,0,0,1,0,0,0,0,0,0,1,0,0,0,0,2018,40.2,37.5,34.8,609
"1106",0,0,0,0,0,0,0,1,0,0,0,0,0,0,0,1,0,0,0,2018,39.6,33.6,23.4,457
"1107",0,0,0,0,0,0,0,1,0,0,0,0,0,1,0,0,0,0,0,2018,37.8,34.5,24.2,616
"1108",0,0,0,0,0,0,0,1,0,0,0,0,0,0,0,0,0,1,0,2018,37.7,30.1,17.5,676
"1109",0,0,0,0,0,0,0,1,0,0,0,0,0,0,0,0,0,0,1,2018,38.1,35.9,12.3,517
"1110",0,0,0,0,0,0,0,1,0,0,0,0,0,0,0,0,1,0,0,2018,39.6,36.3,15.8,633
"1111",0,0,0,0,0,0,0,1,0,0,0,0,1,0,0,0,0,0,0,2018,35.5,28.2,12,751
"1112",0,0,0,0,0,0,0,1,0,0,0,0,0,0,1,0,0,0,0,2018,38.1,25.9,17.5,567
"1113",0,0,0,0,0,0,0,1,0,0,0,0,0,0,0,1,0,0,0,2018,36.3,24.8,11.4,465
"1114",0,0,0,0,0,0,0,1,0,0,0,0,0,1,0,0,0,0,0,2018,36.7,30.7,9,679
"1115",0,0,0,0,0,0,0,1,0,0,0,0,0,0,0,0,0,1,0,2018,35,33.4,31,578
"1116",0,0,0,0,0,0,0,1,0,0,0,0,0,0,0,0,0,0,1,2018,34.8,29,22.8,652
"1117",0,0,0,0,0,0,0,1,0,0,0,0,0,0,0,0,1,0,0,2018,36.5,28.1,20.1,689
"1118",0,0,0,0,0,0,0,1,0,0,0,0,1,0,0,0,0,0,0,2018,36.1,21.4,13.5,753
"1119",0,0,0,0,0,0,0,1,0,0,0,0,0,0,1,0,0,0,0,2018,33.3,17.6,19.7,562
"1120",0,0,0,0,0,0,0,1,0,0,0,0,0,0,0,1,0,0,0,2018,27.2,7.9,12.2,526
"1121",0,0,0,0,0,0,0,1,0,0,0,0,0,1,0,0,0,0,0,2018,30.5,6.6,12.2,686
"1122",0,0,0,0,0,0,0,1,0,0,0,0,0,0,0,0,0,1,0,2018,32.5,17.5,9.1,597
"1123",0,0,0,0,0,0,0,1,0,0,0,0,0,0,0,0,0,0,1,2018,36.8,32.7,21,477
"1124",0,0,0,0,0,0,0,1,0,0,0,0,0,0,0,0,1,0,0,2018,36.1,35.3,21.5,760
"1125",0,0,0,0,0,0,0,1,0,0,0,0,1,0,0,0,0,0,0,2018,37.5,31.9,7,732
"1126",0,0,0,0,0,0,0,1,0,0,0,0,0,0,1,0,0,0,0,2018,36.3,30.8,6.8,550
"1127",0,0,0,0,0,0,0,1,0,0,0,0,0,0,0,1,0,0,0,2018,35.8,32.8,16.6,491
"1128",0,0,0,0,0,0,0,1,0,0,0,0,0,1,0,0,0,0,0,2018,36.4,25,19.4,710
"1129",0,0,0,0,0,0,0,1,0,0,0,0,0,0,0,0,0,1,0,2018,37.6,28.7,16,627
"1130",0,0,0,0,0,0,0,1,0,0,0,0,0,0,0,0,0,0,1,2018,40.4,32.9,10.1,629
"1131",0,0,0,0,0,0,0,1,0,0,0,0,0,0,0,0,1,0,0,2018,41.6,40.3,6.5,613
"1132",0,0,0,0,0,0,0,1,0,0,0,0,1,0,0,0,0,0,0,2018,46.8,46.8,11.5,580
"1133",0,0,0,0,0,0,0,1,0,0,0,0,0,0,1,0,0,0,0,2018,43.6,33.1,12.6,589
"1134",1,0,0,0,0,0,0,0,0,0,0,0,0,1,0,0,0,0,0,2018,37.7,31.2,8.4,562
"1135",1,0,0,0,0,0,0,0,0,0,0,0,0,0,0,0,0,1,0,2018,35.3,32.5,7.5,551
"1136",1,0,0,0,0,0,0,0,0,0,0,0,0,0,0,0,0,0,1,2018,47.3,46.9,15.7,554
"1137",1,0,0,0,0,0,0,0,0,0,0,0,0,0,0,0,1,0,0,2018,39.9,24,17,531
"1138",1,0,0,0,0,0,0,0,0,0,0,0,1,0,0,0,0,0,0,2018,38,25.2,12.2,515
"1139",1,0,0,0,0,0,0,0,0,0,0,0,0,0,1,0,0,0,0,2018,43.5,37.2,10.7,487
"1140",1,0,0,0,0,0,0,0,0,0,0,0,0,0,0,1,0,0,0,2018,37.9,28.3,11.2,468
"1141",1,0,0,0,0,0,0,0,0,0,0,0,0,1,0,0,0,0,0,2018,36.3,20.4,12.6,625
"1142",1,0,0,0,0,0,0,0,0,0,0,0,0,0,0,0,0,1,0,2018,37.7,31.7,6.5,668
"1143",1,0,0,0,0,0,0,0,0,0,0,0,0,0,0,0,0,0,1,2018,37.9,33,6.5,612
"1144",1,0,0,0,0,0,0,0,0,0,0,0,0,0,0,0,1,0,0,2018,42.8,38.5,9.8,610
"1145",1,0,0,0,0,0,0,0,0,0,0,0,1,0,0,0,0,0,0,2018,47.7,45.3,15.4,755
"1146",1,0,0,0,0,0,0,0,0,0,0,0,0,0,1,0,0,0,0,2018,47.7,45,13.7,624
"1147",1,0,0,0,0,0,0,0,0,0,0,0,0,0,0,1,0,0,0,2018,39.7,31.5,17.5,510
"1148",1,0,0,0,0,0,0,0,0,0,0,0,0,1,0,0,0,0,0,2018,44.7,44.7,21.6,741
"1149",1,0,0,0,0,0,0,0,0,0,0,0,0,0,0,0,0,1,0,2018,45.6,41.3,16.1,600
"1150",1,0,0,0,0,0,0,0,0,0,0,0,0,0,0,0,0,0,1,2018,41.9,34.1,16.6,662
"1151",1,0,0,0,0,0,0,0,0,0,0,0,0,0,0,0,1,0,0,2018,41.8,40.6,8.6,706
"1152",1,0,0,0,0,0,0,0,0,0,0,0,1,0,0,0,0,0,0,2018,43.2,33.2,11.6,707
"1153",1,0,0,0,0,0,0,0,0,0,0,0,0,0,1,0,0,0,0,2018,44.6,31.9,10.5,584
"1154",1,0,0,0,0,0,0,0,0,0,0,0,0,0,0,1,0,0,0,2018,46.3,33.1,7.2,568
"1155",1,0,0,0,0,0,0,0,0,0,0,0,0,1,0,0,0,0,0,2018,46.4,33.6,7.1,675
"1156",1,0,0,0,0,0,0,0,0,0,0,0,0,0,0,0,0,1,0,2018,44.7,41.7,6.7,671
"1157",1,0,0,0,0,0,0,0,0,0,0,0,0,0,0,0,0,0,1,2018,49.2,48.2,15.1,626
"1158",1,0,0,0,0,0,0,0,0,0,0,0,0,0,0,0,1,0,0,2018,50,48.9,12.7,729
"1159",1,0,0,0,0,0,0,0,0,0,0,0,1,0,0,0,0,0,0,2018,48.8,46.9,9.2,690
"1160",1,0,0,0,0,0,0,0,0,0,0,0,0,0,1,0,0,0,0,2018,49.5,48.3,6.3,604
"1161",1,0,0,0,0,0,0,0,0,0,0,0,0,0,0,1,0,0,0,2018,50.5,48.7,5.9,505
"1162",1,0,0,0,0,0,0,0,0,0,0,0,0,1,0,0,0,0,0,2018,46.2,40.4,12,656
"1163",0,0,0,0,0,0,0,0,1,0,0,0,0,0,0,0,0,1,0,2018,48.4,43.7,7.6,713
"1164",0,0,0,0,0,0,0,0,1,0,0,0,0,0,0,0,0,0,1,2018,54.5,45.7,13.1,792
"1165",0,0,0,0,0,0,0,0,1,0,0,0,0,0,0,0,1,0,0,2018,54,48.6,13.2,790
"1166",0,0,0,0,0,0,0,0,1,0,0,0,1,0,0,0,0,0,0,2018,53.3,51.3,12.2,723
"1167",0,0,0,0,0,0,0,0,1,0,0,0,0,0,1,0,0,0,0,2018,58,47.5,13.5,602
"1168",0,0,0,0,0,0,0,0,1,0,0,0,0,0,0,1,0,0,0,2018,52.5,49.7,6.9,495
"1169",0,0,0,0,0,0,0,0,1,0,0,0,0,1,0,0,0,0,0,2018,53,49.7,11.3,695
"1170",0,0,0,0,0,0,0,0,1,0,0,0,0,0,0,0,0,1,0,2018,48.4,46.3,6.9,736
"1171",0,0,0,0,0,0,0,0,1,0,0,0,0,0,0,0,0,0,1,2018,51.2,50.1,7.7,711
"1172",0,0,0,0,0,0,0,0,1,0,0,0,0,0,0,0,1,0,0,2018,51,50.2,12.2,663
"1173",0,0,0,0,0,0,0,0,1,0,0,0,1,0,0,0,0,0,0,2018,56.8,48.7,11.3,805
"1174",0,0,0,0,0,0,0,0,1,0,0,0,0,0,1,0,0,0,0,2018,48.9,46.2,7.3,602
"1175",0,0,0,0,0,0,0,0,1,0,0,0,0,0,0,1,0,0,0,2018,49.7,48.5,8.6,529
"1176",0,0,0,0,0,0,0,0,1,0,0,0,0,1,0,0,0,0,0,2018,50.5,49.6,5.5,689
"1177",0,0,0,0,0,0,0,0,1,0,0,0,0,0,0,0,0,1,0,2018,53.9,53.4,10.7,778
"1178",0,0,0,0,0,0,0,0,1,0,0,0,0,0,0,0,0,0,1,2018,55.3,53.8,8.5,686
"1179",0,0,0,0,0,0,0,0,1,0,0,0,0,0,0,0,1,0,0,2018,54.1,54.1,3.6,732
"1180",0,0,0,0,0,0,0,0,1,0,0,0,1,0,0,0,0,0,0,2018,52.2,49.1,10.9,616
"1181",0,0,0,0,0,0,0,0,1,0,0,0,0,0,1,0,0,0,0,2018,49.6,49,9.8,583
"1182",0,0,0,0,0,0,0,0,1,0,0,0,0,0,0,1,0,0,0,2018,56.5,56.4,13.9,578
"1183",0,0,0,0,0,0,0,0,1,0,0,0,0,1,0,0,0,0,0,2018,60.9,51,8.7,626
"1184",0,0,0,0,0,0,0,0,1,0,0,0,0,0,0,0,0,1,0,2018,54.6,49.5,7,689
"1185",0,0,0,0,0,0,0,0,1,0,0,0,0,0,0,0,0,0,1,2018,57.3,55.7,7,729
"1186",0,0,0,0,0,0,0,0,1,0,0,0,0,0,0,0,1,0,0,2018,56.3,49.7,9.6,770
"1187",0,0,0,0,0,0,0,0,1,0,0,0,1,0,0,0,0,0,0,2018,56.5,53.6,13.6,799
"1188",0,0,0,0,0,0,0,0,1,0,0,0,0,0,1,0,0,0,0,2018,58.8,56.7,13.8,601
"1189",0,0,0,0,0,0,0,0,1,0,0,0,0,0,0,1,0,0,0,2018,53.7,53.4,12.6,487
"1190",0,0,0,0,0,0,0,0,1,0,0,0,0,0,0,0,0,1,0,2018,57.7,55.8,8.5,809
"1191",0,0,0,0,0,0,0,0,1,0,0,0,0,0,0,0,0,0,1,2018,59.2,54.2,7.5,708
"1192",0,0,0,0,0,0,0,0,1,0,0,0,0,0,0,0,1,0,0,2018,55.1,54.6,6.5,698
"1193",0,0,0,0,0,0,1,0,0,0,0,0,1,0,0,0,0,0,0,2018,58.6,58.4,6.2,751
"1194",0,0,0,0,0,0,1,0,0,0,0,0,0,0,1,0,0,0,0,2018,63.1,60.8,7.9,622
"1195",0,0,0,0,0,0,1,0,0,0,0,0,0,0,0,1,0,0,0,2018,52.8,48.1,11.8,525
"1196",0,0,0,0,0,0,1,0,0,0,0,0,0,1,0,0,0,0,0,2018,51,50.1,13.5,698
"1197",0,0,0,0,0,0,1,0,0,0,0,0,0,0,0,0,0,1,0,2018,54.5,51.3,11,688
"1198",0,0,0,0,0,0,1,0,0,0,0,0,0,0,0,0,0,0,1,2018,54.8,50.8,9.6,651
"1199",0,0,0,0,0,0,1,0,0,0,0,0,0,0,0,0,1,0,0,2018,51.5,48,6.5,693
"1200",0,0,0,0,0,0,1,0,0,0,0,0,1,0,0,0,0,0,0,2018,54.8,51.9,8,757
"1201",0,0,0,0,0,0,1,0,0,0,0,0,0,0,1,0,0,0,0,2018,62.9,55.8,5.7,706
"1202",0,0,0,0,0,0,1,0,0,0,0,0,0,0,0,1,0,0,0,2018,61.5,49.5,6.8,533
"1203",0,0,0,0,0,0,1,0,0,0,0,0,0,1,0,0,0,0,0,2018,56.2,45.3,8.8,686
"1204",0,0,0,0,0,0,1,0,0,0,0,0,0,0,0,0,0,1,0,2018,55.3,48.6,9.6,720
"1205",0,0,0,0,0,0,1,0,0,0,0,0,0,0,0,0,0,0,1,2018,59.4,57,11.5,706
"1206",0,0,0,0,0,0,1,0,0,0,0,0,1,0,0,0,0,0,0,2018,59,54,6.2,728
"1207",0,0,0,0,0,0,1,0,0,0,0,0,0,0,1,0,0,0,0,2018,62.8,56,8.2,677
"1208",0,0,0,0,0,0,1,0,0,0,0,0,0,0,0,1,0,0,0,2018,66.7,56.6,6,627
"1209",0,0,0,0,0,0,1,0,0,0,0,0,0,1,0,0,0,0,0,2018,62.9,60.4,9.6,808
"1210",0,0,0,0,0,0,1,0,0,0,0,0,0,0,0,0,0,1,0,2018,67.7,61.8,11.6,812
"1211",0,0,0,0,0,0,1,0,0,0,0,0,0,0,0,0,0,0,1,2018,62.8,58.8,5.2,698
"1212",0,0,0,0,0,0,1,0,0,0,0,0,0,0,0,0,1,0,0,2018,63.4,61.5,6.4,815
"1213",0,0,0,0,0,0,1,0,0,0,0,0,1,0,0,0,0,0,0,2018,61.1,56.4,7.2,728
"1214",0,0,0,0,0,0,1,0,0,0,0,0,0,0,1,0,0,0,0,2018,59.2,57,9.2,513
"1215",0,0,0,0,0,0,1,0,0,0,0,0,0,0,0,1,0,0,0,2018,62.7,61.5,5.9,553
"1216",0,0,0,0,0,0,1,0,0,0,0,0,0,1,0,0,0,0,0,2018,63.8,60.8,10.4,733
"1217",0,0,0,0,0,0,1,0,0,0,0,0,0,0,0,0,0,1,0,2018,60.7,55.3,7.7,762
"1218",0,0,0,0,0,0,1,0,0,0,0,0,0,0,0,0,0,0,1,2018,62.7,59.1,9.3,540
"1219",0,0,0,0,0,0,1,0,0,0,0,0,0,0,0,0,1,0,0,2018,64.1,62.6,14.6,737
"1220",0,0,0,0,0,0,1,0,0,0,0,0,0,0,1,0,0,0,0,2018,71.1,65.4,5.9,651
"1221",0,0,0,0,0,1,0,0,0,0,0,0,0,0,0,1,0,0,0,2018,70.8,66.4,5.9,563
"1222",0,0,0,0,0,1,0,0,0,0,0,0,0,1,0,0,0,0,0,2018,68.4,64.9,4.7,719
"1223",0,0,0,0,0,1,0,0,0,0,0,0,0,0,0,0,0,1,0,2018,66.9,66.2,6.2,678
"1224",0,0,0,0,0,1,0,0,0,0,0,0,0,0,0,0,1,0,0,2018,71.7,71,6.2,720
"1225",0,0,0,0,0,1,0,0,0,0,0,0,1,0,0,0,0,0,0,2018,70.6,69.3,11.5,654
"1226",0,0,0,0,0,1,0,0,0,0,0,0,0,0,1,0,0,0,0,2018,67.3,52.8,12.8,526
"1227",0,0,0,0,0,1,0,0,0,0,0,0,0,0,0,1,0,0,0,2018,61.7,52.8,3.8,545
"1228",0,0,0,0,0,1,0,0,0,0,0,0,0,1,0,0,0,0,0,2018,60.9,53.6,6.7,672
"1229",0,0,0,0,0,1,0,0,0,0,0,0,0,0,0,0,0,1,0,2018,67.2,64.7,10.4,727
"1230",0,0,0,0,0,1,0,0,0,0,0,0,0,0,0,0,0,0,1,2018,68.3,65.1,8.9,627
"1231",0,0,0,0,0,1,0,0,0,0,0,0,0,0,0,0,1,0,0,2018,68.2,59.5,6.8,642
"1232",0,0,0,0,0,1,0,0,0,0,0,0,1,0,0,0,0,0,0,2018,64.8,55.1,5,726
"1233",0,0,0,0,0,1,0,0,0,0,0,0,0,0,1,0,0,0,0,2018,64.9,59.5,4.7,577
"1234",0,0,0,0,0,1,0,0,0,0,0,0,0,0,0,1,0,0,0,2018,65.5,61.6,5.3,564
"1235",0,0,0,0,0,1,0,0,0,0,0,0,0,1,0,0,0,0,0,2018,68.7,67.9,4.7,719
"1236",0,0,0,0,0,1,0,0,0,0,0,0,0,0,0,0,0,1,0,2018,70.5,69,10.7,680
"1237",0,0,0,0,0,1,0,0,0,0,0,0,0,0,0,0,0,0,1,2018,71.2,66.7,9,688
"1238",0,0,0,0,0,1,0,0,0,0,0,0,0,0,0,0,1,0,0,2018,67.9,57.5,6.3,739
"1239",0,0,0,0,0,1,0,0,0,0,0,0,1,0,0,0,0,0,0,2018,64.3,56.7,3.3,700
"1240",0,0,0,0,0,1,0,0,0,0,0,0,0,0,1,0,0,0,0,2018,59.8,9999.9,6.7,622
"1241",0,0,0,0,0,1,0,0,0,0,0,0,0,0,0,1,0,0,0,2018,66.5,66.2,12.8,540
"1242",0,0,0,0,0,1,0,0,0,0,0,0,0,1,0,0,0,0,0,2018,69.9,68.1,12.6,614
"1243",0,0,0,0,0,1,0,0,0,0,0,0,0,0,0,0,0,1,0,2018,69.2,68.1,9.8,654
"1244",0,0,0,0,0,1,0,0,0,0,0,0,0,0,0,0,0,0,1,2018,69.8,68.7,11,657
"1245",0,0,0,0,0,1,0,0,0,0,0,0,0,0,0,0,1,0,0,2018,69.8,69.4,13.9,606
"1246",0,0,0,0,0,1,0,0,0,0,0,0,1,0,0,0,0,0,0,2018,70.6,70.1,7.8,753
"1247",0,0,0,0,0,1,0,0,0,0,0,0,0,0,1,0,0,0,0,2018,69.7,69.7,6.7,637
"1248",0,0,0,0,0,1,0,0,0,0,0,0,0,0,0,1,0,0,0,2018,72.9,69.1,6.3,463
"1249",0,0,0,0,0,1,0,0,0,0,0,0,0,1,0,0,0,0,0,2018,71.3,66.7,5.8,580
"1250",0,0,0,0,0,1,0,0,0,0,0,0,0,0,0,0,0,1,0,2018,68.9,65.8,4.9,709
"1251",0,1,0,0,0,0,0,0,0,0,0,0,0,0,0,0,0,0,1,2018,69.2,67.6,8.6,660
"1252",0,1,0,0,0,0,0,0,0,0,0,0,0,0,0,0,1,0,0,2018,73.7,72.5,11.6,722
"1253",0,1,0,0,0,0,0,0,0,0,0,0,1,0,0,0,0,0,0,2018,73.7,72.6,9.2,749
"1254",0,1,0,0,0,0,0,0,0,0,0,0,0,0,1,0,0,0,0,2018,71.8,71.2,9.4,605
"1255",0,1,0,0,0,0,0,0,0,0,0,0,0,0,0,1,0,0,0,2018,74.3,70.4,7.1,573
"1256",0,1,0,0,0,0,0,0,0,0,0,0,0,1,0,0,0,0,0,2018,74.8,73.4,7.2,632
"1257",0,1,0,0,0,0,0,0,0,0,0,0,0,0,0,0,0,1,0,2018,75.8,74.1,9.7,658
"1258",0,1,0,0,0,0,0,0,0,0,0,0,0,0,0,0,0,0,1,2018,74.6,73.6,8.1,656
"1259",0,1,0,0,0,0,0,0,0,0,0,0,0,0,0,0,1,0,0,2018,74.9,73.5,9.2,709
"1260",0,1,0,0,0,0,0,0,0,0,0,0,1,0,0,0,0,0,0,2018,76.9,68.4,6.4,707
"1261",0,1,0,0,0,0,0,0,0,0,0,0,0,0,1,0,0,0,0,2018,68.8,66.2,5.8,568
"1262",0,1,0,0,0,0,0,0,0,0,0,0,0,0,0,1,0,0,0,2018,70.9,69.7,7.3,499
"1263",0,1,0,0,0,0,0,0,0,0,0,0,0,1,0,0,0,0,0,2018,69.1,68.1,6.2,617
"1264",0,1,0,0,0,0,0,0,0,0,0,0,0,0,0,0,0,1,0,2018,72.8,71.4,6.9,701
"1265",0,1,0,0,0,0,0,0,0,0,0,0,0,0,0,0,0,0,1,2018,74.1,70.4,9.7,645
"1266",0,1,0,0,0,0,0,0,0,0,0,0,0,0,0,0,1,0,0,2018,77.2,71.4,10.1,647
"1267",0,1,0,0,0,0,0,0,0,0,0,0,1,0,0,0,0,0,0,2018,74.9,72.1,5.1,703
"1268",0,1,0,0,0,0,0,0,0,0,0,0,0,0,1,0,0,0,0,2018,73.9,72.4,9.4,579
"1269",0,1,0,0,0,0,0,0,0,0,0,0,0,0,0,1,0,0,0,2018,68.5,65.5,13.1,490
"1270",0,1,0,0,0,0,0,0,0,0,0,0,0,1,0,0,0,0,0,2018,66.7,66,11.6,562
"1271",0,1,0,0,0,0,0,0,0,0,0,0,0,0,0,0,0,1,0,2018,66.7,65.5,9.5,580
"1272",0,1,0,0,0,0,0,0,0,0,0,0,0,0,0,0,0,0,1,2018,68.1,67.4,8.1,599
"1273",0,1,0,0,0,0,0,0,0,0,0,0,0,0,0,0,1,0,0,2018,70,61.6,9.3,610
"1274",0,1,0,0,0,0,0,0,0,0,0,0,1,0,0,0,0,0,0,2018,67.1,61.5,4.7,681
"1275",0,1,0,0,0,0,0,0,0,0,0,0,0,0,1,0,0,0,0,2018,66.5,60.3,5.8,552
"1276",0,1,0,0,0,0,0,0,0,0,0,0,0,0,0,1,0,0,0,2018,68.2,60.3,5.4,528
"1277",0,1,0,0,0,0,0,0,0,0,0,0,0,1,0,0,0,0,0,2018,73.1,69.6,8.7,651
"1278",0,1,0,0,0,0,0,0,0,0,0,0,0,0,0,0,0,1,0,2018,73,71.2,9,715
"1279",0,1,0,0,0,0,0,0,0,0,0,0,0,0,0,0,0,0,1,2018,75.3,72.7,9.8,685
"1280",0,1,0,0,0,0,0,0,0,0,0,0,0,0,0,0,1,0,0,2018,76.2,72.4,10.2,736
"1281",0,1,0,0,0,0,0,0,0,0,0,0,1,0,0,0,0,0,0,2018,69.9,63.6,13,623
"1282",0,0,0,0,0,0,0,0,0,0,0,1,0,0,1,0,0,0,0,2018,65,59.4,7.2,529
"1283",0,0,0,0,0,0,0,0,0,0,0,1,0,0,0,1,0,0,0,2018,67,64,5,528
"1284",0,0,0,0,0,0,0,0,0,0,0,1,0,1,0,0,0,0,0,2018,69.9,69.1,8.4,533
"1285",0,0,0,0,0,0,0,0,0,0,0,1,0,0,0,0,0,1,0,2018,75.7,70.6,9.9,786
"1286",0,0,0,0,0,0,0,0,0,0,0,1,0,0,0,0,0,0,1,2018,69.2,64.7,4.8,768
"1287",0,0,0,0,0,0,0,0,0,0,0,1,0,0,0,0,1,0,0,2018,72.6,70.2,9.8,822
"1288",0,0,0,0,0,0,0,0,0,0,0,1,1,0,0,0,0,0,0,2018,71.1,64.3,8.7,671
"1289",0,0,0,0,0,0,0,0,0,0,0,1,0,0,1,0,0,0,0,2018,66.6,60.3,6.9,568
"1290",0,0,0,0,0,0,0,0,0,0,0,1,0,0,0,1,0,0,0,2018,62.6,50.8,10,556
"1291",0,0,0,0,0,0,0,0,0,0,0,1,0,1,0,0,0,0,0,2018,62.3,55.4,13.4,650
"1292",0,0,0,0,0,0,0,0,0,0,0,1,0,0,0,0,0,1,0,2018,68.9,67.5,10,544
"1293",0,0,0,0,0,0,0,0,0,0,0,1,0,0,0,0,0,0,1,2018,71,69.6,4,783
"1294",0,0,0,0,0,0,0,0,0,0,0,1,0,0,0,0,1,0,0,2018,66.1,63.8,8.4,718
"1295",0,0,0,0,0,0,0,0,0,0,0,1,1,0,0,0,0,0,0,2018,64.9,60.7,7.1,684
"1296",0,0,0,0,0,0,0,0,0,0,0,1,0,0,1,0,0,0,0,2018,65.9,61,5.8,596
"1297",0,0,0,0,0,0,0,0,0,0,0,1,0,0,0,1,0,0,0,2018,63.9,59.5,3.7,597
"1298",0,0,0,0,0,0,0,0,0,0,0,1,0,1,0,0,0,0,0,2018,65.6,62.6,5,673
"1299",0,0,0,0,0,0,0,0,0,0,0,1,0,0,0,0,0,1,0,2018,71,69.2,8.7,740
"1300",0,0,0,0,0,0,0,0,0,0,0,1,0,0,0,0,0,0,1,2018,66.5,63.8,11,519
"1301",0,0,0,0,0,0,0,0,0,0,0,1,0,0,0,0,1,0,0,2018,63.7,57.9,11.3,659
"1302",0,0,0,0,0,0,0,0,0,0,0,1,1,0,0,0,0,0,0,2018,60.6,54.6,6.9,715
"1303",0,0,0,0,0,0,0,0,0,0,0,1,0,0,1,0,0,0,0,2018,68.8,60.1,14.4,562
"1304",0,0,0,0,0,0,0,0,0,0,0,1,0,0,0,1,0,0,0,2018,59.8,50.2,3,475
"1305",0,0,0,0,0,0,0,0,0,0,0,1,0,1,0,0,0,0,0,2018,57.4,50.3,10.1,594
"1306",0,0,0,0,0,0,0,0,0,0,0,1,0,0,0,0,0,1,0,2018,60.5,55.1,14.4,715
"1307",0,0,0,0,0,0,0,0,0,0,0,1,0,0,0,0,0,0,1,2018,69.4,67.3,14.7,755
"1308",0,0,0,0,0,0,0,0,0,0,0,1,0,0,0,0,1,0,0,2018,66.3,62.6,13.2,672
"1309",0,0,0,0,0,0,0,0,0,0,0,1,1,0,0,0,0,0,0,2018,60.5,58.5,8.5,712
"1310",0,0,0,0,0,0,0,0,0,0,0,1,0,0,1,0,0,0,0,2018,62.3,56.3,6.6,604
"1311",0,0,0,0,0,0,0,0,0,0,0,1,0,0,0,1,0,0,0,2018,61,53.5,4.7,510
"1312",0,0,0,0,0,0,0,0,0,0,1,0,0,1,0,0,0,0,0,2018,62,56.1,5.4,583
"1313",0,0,0,0,0,0,0,0,0,0,1,0,0,0,0,0,0,1,0,2018,64.7,62.1,6.6,613
"1314",0,0,0,0,0,0,0,0,0,0,1,0,0,0,0,0,0,0,1,2018,64.4,62.3,9.4,778
"1315",0,0,0,0,0,0,0,0,0,0,1,0,0,0,0,0,1,0,0,2018,60,57.1,5.7,717
"1316",0,0,0,0,0,0,0,0,0,0,1,0,1,0,0,0,0,0,0,2018,62.2,57,14.7,796
"1317",0,0,0,0,0,0,0,0,0,0,1,0,0,0,1,0,0,0,0,2018,55.5,46.3,6,544
"1318",0,0,0,0,0,0,0,0,0,0,1,0,0,0,0,1,0,0,0,2018,64.4,59.6,8.6,529
"1319",0,0,0,0,0,0,0,0,0,0,1,0,0,1,0,0,0,0,0,2018,60.7,55.7,10.5,501
"1320",0,0,0,0,0,0,0,0,0,0,1,0,0,0,0,0,0,1,0,2018,63.1,59,8.6,628
"1321",0,0,0,0,0,0,0,0,0,0,1,0,0,0,0,0,0,0,1,2018,66.2,64.9,9.1,708
"1322",0,0,0,0,0,0,0,0,0,0,1,0,0,0,0,0,1,0,0,2018,67.2,65.9,8.9,741
"1323",0,0,0,0,0,0,0,0,0,0,1,0,0,0,1,0,0,0,0,2018,53.2,44.9,7.9,577
"1324",0,0,0,0,0,0,0,0,0,0,1,0,0,0,0,1,0,0,0,2018,52.8,37.7,8.9,516
"1325",0,0,0,0,0,0,0,0,0,0,1,0,0,1,0,0,0,0,0,2018,57.1,51.9,9.8,692
"1326",0,0,0,0,0,0,0,0,0,0,1,0,0,0,0,0,0,1,0,2018,57.1,44.8,15.5,688
"1327",0,0,0,0,0,0,0,0,0,0,1,0,0,0,0,0,0,0,1,2018,55.6,40.7,13.3,699
"1328",0,0,0,0,0,0,0,0,0,0,1,0,0,0,0,0,1,0,0,2018,45.6,23.6,16.3,735
"1329",0,0,0,0,0,0,0,0,0,0,1,0,1,0,0,0,0,0,0,2018,49.2,33.4,13.7,787
"1330",0,0,0,0,0,0,0,0,0,0,1,0,0,0,1,0,0,0,0,2018,59.5,53.2,16.1,629
"1331",0,0,0,0,0,0,0,0,0,0,1,0,0,0,0,1,0,0,0,2018,48.5,41.4,11.8,593
"1332",0,0,0,0,0,0,0,0,0,0,1,0,0,1,0,0,0,0,0,2018,43.3,24.9,11.7,650
"1333",0,0,0,0,0,0,0,0,0,0,1,0,0,0,0,0,0,1,0,2018,51.5,43.7,8,681
"1334",0,0,0,0,0,0,0,0,0,0,1,0,0,0,0,0,0,0,1,2018,48.8,41.3,13.2,719
"1335",0,0,0,0,0,0,0,0,0,0,1,0,0,0,0,0,1,0,0,2018,45.3,32.4,14.2,763
"1336",0,0,0,0,0,0,0,0,0,0,1,0,1,0,0,0,0,0,0,2018,39.8,25.4,8.7,747
"1337",0,0,0,0,0,0,0,0,0,0,1,0,0,0,1,0,0,0,0,2018,50,45.3,16,757
"1338",0,0,0,0,0,0,0,0,0,0,1,0,0,0,0,1,0,0,0,2018,56.8,52.7,13.4,556
"1339",0,0,0,0,0,0,0,0,0,0,1,0,0,1,0,0,0,0,0,2018,54.9,48.9,11.7,696
"1340",0,0,0,0,0,0,0,0,0,0,1,0,0,0,0,0,0,1,0,2018,47.9,35.4,9.8,721
"1341",0,0,0,0,0,0,0,0,0,0,1,0,0,0,0,0,0,0,1,2018,45.9,35.8,6.8,646
"1342",0,0,0,0,0,0,0,0,0,1,0,0,0,0,0,0,1,0,0,2018,58,54.7,11.1,696
"1343",0,0,0,0,0,0,0,0,0,1,0,0,1,0,0,0,0,0,0,2018,60,57.8,13.9,746
"1344",0,0,0,0,0,0,0,0,0,1,0,0,0,0,1,0,0,0,0,2018,59.7,55.6,19.2,656
"1345",0,0,0,0,0,0,0,0,0,1,0,0,0,0,0,1,0,0,0,2018,47.7,32.3,9.9,502
"1346",0,0,0,0,0,0,0,0,0,1,0,0,0,1,0,0,0,0,0,2018,47.5,41.9,9.2,759
"1347",0,0,0,0,0,0,0,0,0,1,0,0,0,0,0,0,0,1,0,2018,56.8,56.2,12.1,679
"1348",0,0,0,0,0,0,0,0,0,1,0,0,0,0,0,0,0,0,1,2018,57.9,52.2,13.7,696
"1349",0,0,0,0,0,0,0,0,0,1,0,0,0,0,0,0,1,0,0,2018,52.1,38.7,11.1,631
"1350",0,0,0,0,0,0,0,0,0,1,0,0,0,0,1,0,0,0,0,2018,52.2,44.9,19.1,606
"1351",0,0,0,0,0,0,0,0,0,1,0,0,0,0,0,1,0,0,0,2018,39.9,21.2,13.7,500
"1352",0,0,0,0,0,0,0,0,0,1,0,0,0,1,0,0,0,0,0,2018,41.7,24.7,8.2,497
"1353",0,0,0,0,0,0,0,0,0,1,0,0,0,0,0,0,0,1,0,2018,51.9,46.5,16.9,754
"1354",0,0,0,0,0,0,0,0,0,1,0,0,0,0,0,0,0,0,1,2018,39.3,20.6,16.5,688
"1355",0,0,0,0,0,0,0,0,0,1,0,0,1,0,0,0,0,0,0,2018,42.8,39.1,19,720
"1356",0,0,0,0,0,0,0,0,0,1,0,0,0,0,1,0,0,0,0,2018,44.5,31.4,12.1,559
"1357",0,0,0,0,0,0,0,0,0,1,0,0,0,0,0,1,0,0,0,2018,41.7,29.3,6.7,470
"1358",0,0,0,0,0,0,0,0,0,1,0,0,0,1,0,0,0,0,0,2018,46.7,41,5,697
"1359",0,0,0,0,0,0,0,0,0,1,0,0,0,0,0,0,0,1,0,2018,48.2,46.3,7,695
"1360",0,0,0,0,0,0,0,0,0,1,0,0,0,0,0,0,0,0,1,2018,39.9,28.6,13.8,732
"1361",0,0,0,0,0,0,0,0,0,1,0,0,1,0,0,0,0,0,0,2018,23,11.1,13.1,476
"1362",0,0,0,0,0,0,0,0,0,1,0,0,0,0,1,0,0,0,0,2018,41.4,31.9,11.5,536
"1363",0,0,0,0,0,0,0,0,0,1,0,0,0,0,0,1,0,0,0,2018,47.7,45.7,15.9,483
"1364",0,0,0,0,0,0,0,0,0,1,0,0,0,1,0,0,0,0,0,2018,45.4,42.8,8.1,743
"1365",0,0,0,0,0,0,0,0,0,1,0,0,0,0,0,0,0,1,0,2018,46.9,42.2,19.3,609
"1366",0,0,0,0,0,0,0,0,0,1,0,0,0,0,0,0,0,0,1,2018,41,30.4,12.5,573
"1367",0,0,0,0,0,0,0,0,0,1,0,0,0,0,0,0,1,0,0,2018,41.3,29,17.1,646
"1368",0,0,0,0,0,0,0,0,0,1,0,0,1,0,0,0,0,0,0,2018,38.4,30.1,7.5,743
"1369",0,0,1,0,0,0,0,0,0,0,0,0,0,0,1,0,0,0,0,2018,38.3,31.9,5.7,601
"1370",0,0,1,0,0,0,0,0,0,0,0,0,0,0,0,1,0,0,0,2018,46,44.1,12.2,558
"1371",0,0,1,0,0,0,0,0,0,0,0,0,0,1,0,0,0,0,0,2018,51,49,11.3,697
"1372",0,0,1,0,0,0,0,0,0,0,0,0,0,0,0,0,0,1,0,2018,40.6,28.1,12.1,684
"1373",0,0,1,0,0,0,0,0,0,0,0,0,0,0,0,0,0,0,1,2018,31.6,20.6,7,652
"1374",0,0,1,0,0,0,0,0,0,0,0,0,0,0,0,0,1,0,0,2018,34.9,20.5,10.7,681
"1375",0,0,1,0,0,0,0,0,0,0,0,0,1,0,0,0,0,0,0,2018,38,22.5,11,705
"1376",0,0,1,0,0,0,0,0,0,0,0,0,0,0,1,0,0,0,0,2018,27.9,7.7,11.5,652
"1377",0,0,1,0,0,0,0,0,0,0,0,0,0,0,0,1,0,0,0,2018,29.7,13.1,8.6,465
"1378",0,0,1,0,0,0,0,0,0,0,0,0,0,1,0,0,0,0,0,2018,35.5,23.8,10.1,651
"1379",0,0,1,0,0,0,0,0,0,0,0,0,0,0,0,0,0,1,0,2018,32,22.9,4.5,707
"1380",0,0,1,0,0,0,0,0,0,0,0,0,0,0,0,0,0,0,1,2018,32.3,22.3,9.3,631
"1381",0,0,1,0,0,0,0,0,0,0,0,0,0,0,0,0,1,0,0,2018,30.9,18.7,6.4,686
"1382",0,0,1,0,0,0,0,0,0,0,0,0,0,0,1,0,0,0,0,2018,46.1,44.8,6.8,628
"1383",0,0,1,0,0,0,0,0,0,0,0,0,0,0,0,1,0,0,0,2018,43.8,37.8,15.2,622
"1384",0,0,1,0,0,0,0,0,0,0,0,0,0,1,0,0,0,0,0,2018,42.2,39.7,14.6,689
"1385",0,0,1,0,0,0,0,0,0,0,0,0,0,0,0,0,0,1,0,2018,33.3,18.2,19.7,731
"1386",0,0,1,0,0,0,0,0,0,0,0,0,0,0,0,0,0,0,1,2018,29.8,16.2,9.4,749
"1387",0,0,1,0,0,0,0,0,0,0,0,0,0,0,0,0,1,0,0,2018,38.6,34.4,5,806
"1388",0,0,1,0,0,0,0,0,0,0,0,0,1,0,0,0,0,0,0,2018,50.4,49.1,17.6,782
"1389",0,0,1,0,0,0,0,0,0,0,0,0,0,0,1,0,0,0,0,2018,48.3,45.8,13.3,568
"1390",0,0,1,0,0,0,0,0,0,0,0,0,0,0,0,1,0,0,0,2018,36.7,23.9,11.6,505
"1391",0,0,1,0,0,0,0,0,0,0,0,0,0,1,0,0,0,0,0,2018,35.2,29.1,4.9,580
"1392",0,0,1,0,0,0,0,0,0,0,0,0,0,0,0,0,0,0,1,2018,31.8,12.5,11.1,514
"1393",0,0,1,0,0,0,0,0,0,0,0,0,0,0,0,0,1,0,0,2018,34.7,23,8.1,582
"1394",0,0,1,0,0,0,0,0,0,0,0,0,1,0,0,0,0,0,0,2018,41.8,36.7,15,681
"1395",0,0,1,0,0,0,0,0,0,0,0,0,0,0,1,0,0,0,0,2018,48.4,44,14.2,499
"1396",0,0,1,0,0,0,0,0,0,0,0,0,0,1,0,0,0,0,0,2018,32,23.7,5.2,622
