"","Apr","Aug","Dec","Feb","Jan","Jul","Jun","Mar","May","Nov","Oct","Sep","Fri","Mon","Sat","Sun","Thu","Tue","Wed","year","temp","dewp","visib","wdsp","mxpsd","gust","prcp","fog","NUM_COLLISIONS"
"1",0,0,0,0,1,0,0,0,0,0,0,0,0,0,0,0,1,0,0,2021,39.6,29.3,10,7.6,14,20,0.13,0,257
"2",0,0,0,0,1,0,0,0,0,0,0,0,1,0,0,0,0,0,0,2021,47.4,42.5,7.4,15.4,22.9,34,0.56,1,220
"3",0,0,0,0,1,0,0,0,0,0,0,0,0,0,0,1,0,0,0,2021,41.2,37.8,9.1,15.7,21,28.9,0.4,0,242
"4",0,0,0,0,1,0,0,0,0,0,0,0,0,1,0,0,0,0,0,2021,38.7,36.1,8.6,16,19,26,0.14,0,228
"5",0,0,0,0,1,0,0,0,0,0,0,0,0,0,0,0,0,1,0,2021,37.4,31.2,9.9,17.3,22,28,0.01,0,220
"6",0,0,0,0,1,0,0,0,0,0,0,0,0,0,0,0,0,0,1,2021,36.5,26.1,10,11.9,17.1,22,0,0,285
"7",0,0,0,0,1,0,0,0,0,0,0,0,0,0,0,0,1,0,0,2021,33.3,24.9,10,7.2,13,999.9,0,0,272
"8",0,0,0,0,1,0,0,0,0,0,0,0,1,0,0,0,0,0,0,2021,32.9,26.8,9.7,11.8,18.1,26,0,0,244
"9",0,0,0,0,1,0,0,0,0,0,0,0,0,0,0,1,0,0,0,2021,32.6,27.9,10,4.5,8.9,999.9,0,0,238
"10",0,0,0,0,1,0,0,0,0,0,0,0,0,1,0,0,0,0,0,2021,37,29.1,10,6.5,12,999.9,0,0,279
"11",0,0,0,0,1,0,0,0,0,0,0,0,0,0,0,0,0,1,0,2021,35.8,25.2,10,5.8,9.9,999.9,0,0,245
"12",0,0,0,0,1,0,0,0,0,0,0,0,0,0,0,0,0,0,1,2021,41.3,35.5,8.8,5.7,11.1,999.9,0,0,253
"13",0,0,0,0,1,0,0,0,0,0,0,0,0,0,0,0,1,0,0,2021,41.3,35.3,8.7,6.6,11.1,999.9,0,0,272
"14",0,0,0,0,1,0,0,0,0,0,0,0,1,0,0,0,0,0,0,2021,45.4,42.1,7.3,14.6,24.1,32.1,0.08,0,265
"15",0,0,0,0,1,0,0,0,0,0,0,0,0,0,1,0,0,0,0,2021,40.8,31,9.7,20,28.9,38.1,0.62,0,210
"16",0,0,0,0,1,0,0,0,0,0,0,0,0,0,0,1,0,0,0,2021,42.6,31,10,15.6,22,26,0,0,225
"17",0,0,0,0,1,0,0,0,0,0,0,0,0,1,0,0,0,0,0,2021,35.8,23.9,10,11.3,15.9,22.9,0,0,261
"18",0,0,0,0,1,0,0,0,0,0,0,0,0,0,0,0,0,1,0,2021,34.7,25.5,9.5,9.2,17.1,21,0.01,0,253
"19",0,0,0,0,1,0,0,0,0,0,0,0,0,0,0,0,0,0,1,2021,30.9,20.6,10,10.4,17.1,22.9,0,0,251
"20",0,0,0,0,1,0,0,0,0,0,0,0,0,0,0,0,1,0,0,2021,36.5,28.4,10,7.8,12,20,0,0,254
"21",0,0,0,0,1,0,0,0,0,0,0,0,1,0,0,0,0,0,0,2021,32.2,19,10,13.2,19,26,0,0,251
"22",0,0,0,0,1,0,0,0,0,0,0,0,0,0,1,0,0,0,0,2021,24.7,7.5,10,19.8,25.1,35,0,0,212
"23",0,0,0,0,1,0,0,0,0,0,0,0,0,0,0,1,0,0,0,2021,26.6,12.3,10,11.4,19,28,0,0,260
"24",0,0,0,0,1,0,0,0,0,0,0,0,0,1,0,0,0,0,0,2021,31.9,23.4,9,7.4,12,999.9,0,0,263
"25",0,0,0,0,1,0,0,0,0,0,0,0,0,0,0,0,0,1,0,2021,34.6,33.8,8,7.8,12,999.9,0.25,0,262
"26",0,0,0,0,1,0,0,0,0,0,0,0,0,0,0,0,0,0,1,2021,35.3,34.5,9.6,11.1,21,32.1,0.02,0,262
"27",0,0,0,0,1,0,0,0,0,0,0,0,0,0,0,0,1,0,0,2021,18.1,8.9,8.5,21.7,27,38.1,0.01,0,291
"28",0,0,0,0,1,0,0,0,0,0,0,0,1,0,0,0,0,0,0,2021,19.2,11.2,9.5,15.3,27,40,0,0,284
"29",0,0,0,0,1,0,0,0,0,0,0,0,0,0,1,0,0,0,0,2021,22.2,13.6,10,7.6,14,999.9,0,0,297
"30",0,0,0,1,0,0,0,0,0,0,0,0,0,0,0,1,0,0,0,2021,33.7,29.5,6.8,15.3,27,36.9,0,0,239
"31",0,0,0,1,0,0,0,0,0,0,0,0,0,1,0,0,0,0,0,2021,41.8,41.6,3.4,18.4,28,40,1.09,1,238
"32",0,0,0,1,0,0,0,0,0,0,0,0,0,0,0,0,0,1,0,2021,34.1,31.9,9.5,9.5,15.9,22.9,0.01,0,246
"33",0,0,0,1,0,0,0,0,0,0,0,0,0,0,0,0,0,0,1,2021,33.3,27.6,9.9,8.4,13,999.9,0,0,277
"34",0,0,0,1,0,0,0,0,0,0,0,0,0,0,0,0,1,0,0,2021,37.2,34.4,9.8,7.9,15.9,999.9,0,0,326
"35",0,0,0,1,0,0,0,0,0,0,0,0,1,0,0,0,0,0,0,2021,38.9,31.7,9.9,13.8,20,28,0,0,275
"36",0,0,0,1,0,0,0,0,0,0,0,0,0,0,1,0,0,0,0,2021,35.1,31.2,7.3,12.1,28.9,38.1,0,1,243
"37",0,0,0,1,0,0,0,0,0,0,0,0,0,0,0,1,0,0,0,2021,27.6,20.5,9.2,15.2,25.1,33,0.78,0,301
"38",0,0,0,1,0,0,0,0,0,0,0,0,0,1,0,0,0,0,0,2021,26.1,21.2,8.8,5.5,12,999.9,0,1,229
"39",0,0,0,1,0,0,0,0,0,0,0,0,0,0,0,0,0,1,0,2021,29.4,23.4,9.8,11.2,17.1,26,0.36,0,279
"40",0,0,0,1,0,0,0,0,0,0,0,0,0,0,0,0,0,0,1,2021,26.2,18.5,8.7,5.6,8.9,999.9,0,0,299
"41",0,0,0,1,0,0,0,0,0,0,0,0,0,0,0,0,1,0,0,2021,22.5,10.9,10,12.5,20,24.1,0,0,290
"42",0,0,0,1,0,0,0,0,0,0,0,0,1,0,0,0,0,0,0,2021,27.6,18.2,10,7.8,13,17.1,0,0,210
"43",0,0,0,1,0,0,0,0,0,0,0,0,0,0,0,1,0,0,0,2021,37,36.1,8.3,8.9,12,999.9,0,0,208
"44",0,0,0,1,0,0,0,0,0,0,0,0,0,1,0,0,0,0,0,2021,42.7,42.7,1.4,14.7,20,26,0.02,1,213
"45",0,0,0,1,0,0,0,0,0,0,0,0,0,0,0,0,0,1,0,2021,32.6,21.3,10,13.4,19,27,0.17,0,239
"46",0,0,0,1,0,0,0,0,0,0,0,0,0,0,0,0,0,0,1,2021,29.2,19.5,7.5,6.1,9.9,999.9,0,1,256
"47",0,0,0,1,0,0,0,0,0,0,0,0,0,0,0,0,1,0,0,2021,33.1,32,5.4,14.8,22.9,32.1,0.4,0,202
"48",0,0,0,1,0,0,0,0,0,0,0,0,1,0,0,0,0,0,0,2021,31.5,28.4,7.7,13.8,20,26,0.51,0,257
"49",0,0,0,1,0,0,0,0,0,0,0,0,0,0,1,0,0,0,0,2021,26.8,16.8,10,14.7,21,27,0,0,208
"50",0,0,0,1,0,0,0,0,0,0,0,0,0,0,0,1,0,0,0,2021,32.4,25.3,9.1,9.8,19,24.1,0,0,245
"51",0,0,0,1,0,0,0,0,0,0,0,0,0,1,0,0,0,0,0,2021,38.5,35.3,8.6,14,21,26,0.81,0,240
"52",0,0,0,1,0,0,0,0,0,0,0,0,0,0,0,0,0,1,0,2021,39.9,34.1,10,14.1,15.9,25.1,0,0,267
"53",0,0,0,1,0,0,0,0,0,0,0,0,0,0,0,0,0,0,1,2021,42.9,31.8,9.8,14.5,21,26,0,0,269
"54",0,0,0,1,0,0,0,0,0,0,0,0,0,0,0,0,1,0,0,2021,34.7,16.7,10,8.9,15,20,0,0,301
"55",0,0,0,1,0,0,0,0,0,0,0,0,1,0,0,0,0,0,0,2021,39.1,33.4,7.8,13.3,20,21,0,0,223
"56",0,0,0,1,0,0,0,0,0,0,0,0,0,0,1,0,0,0,0,2021,41.6,38.8,9.3,6.1,17.1,999.9,0.17,0,212
"57",0,0,0,0,0,0,0,1,0,0,0,0,0,0,0,1,0,0,0,2021,43.5,43,3.5,11.8,999.9,999.9,0,0,224
"58",0,0,0,0,0,0,0,1,0,0,0,0,0,1,0,0,0,0,0,2021,26.1,8.7,10,19.8,22.9,35.9,0,0,268
"59",0,0,0,0,0,0,0,1,0,0,0,0,0,0,0,0,0,1,0,2021,38.2,26,10,14.1,39,999.9,0,0,244
"60",0,0,0,0,0,0,0,1,0,0,0,0,0,0,0,0,0,0,1,2021,39.3,32.2,10,8.4,999.9,999.9,0,0,262
"61",0,0,0,0,0,0,0,1,0,0,0,0,0,0,0,0,1,0,0,2021,30.2,9.5,10,12.3,999.9,999.9,0,0,306
"62",0,0,0,0,0,0,0,1,0,0,0,0,1,0,0,0,0,0,0,2021,31,14.7,10,11.3,999.9,999.9,0,0,251
"63",0,0,0,0,0,0,0,1,0,0,0,0,0,0,1,0,0,0,0,2021,28.7,15.7,10,7.1,999.9,999.9,0,0,216
"64",0,0,0,0,0,0,0,1,0,0,0,0,0,0,0,1,0,0,0,2021,32.6,22.7,10,8.5,999.9,999.9,0,0,250
"65",0,0,0,0,0,0,0,1,0,0,0,0,0,1,0,0,0,0,0,2021,42.1,34.7,10,11,999.9,999.9,0,0,299
"66",0,0,0,0,0,0,0,1,0,0,0,0,0,0,0,0,0,1,0,2021,39.7,33.9,10,5.5,999.9,999.9,0,0,224
"67",0,0,0,0,0,0,0,1,0,0,0,0,0,0,0,0,0,0,1,2021,45.1,42.4,10,10.5,999.9,999.9,0,0,287
"68",0,0,0,0,0,0,0,1,0,0,0,0,0,0,0,0,1,0,0,2021,47.8,44.1,9.3,11.5,999.9,999.9,0,0,338
"69",0,0,0,0,0,0,0,1,0,0,0,0,1,0,0,0,0,0,0,2021,39.1,23.1,10,15.2,53,999.9,0,0,252
"70",0,0,0,0,0,0,0,1,0,0,0,0,0,0,1,0,0,0,0,2021,39.8,25.1,9.5,13.9,53,999.9,0,0,244
"71",0,0,0,0,0,0,0,1,0,0,0,0,0,0,0,1,0,0,0,2021,22.1,6.4,9.5,18.2,53,999.9,0,0,253
"72",0,0,0,0,0,0,0,1,0,0,0,0,0,1,0,0,0,0,0,2021,28.4,14.5,10,6.6,999.9,999.9,0,0,237
"73",0,0,0,0,0,0,0,1,0,0,0,0,0,0,0,0,0,1,0,2021,38.5,29.9,10,4.8,999.9,999.9,0,0,243
"74",0,0,0,0,0,0,0,1,0,0,0,0,0,0,0,0,0,0,1,2021,41.4,40.2,7.8,3.7,999.9,999.9,0,0,244
"75",0,0,0,0,0,0,0,1,0,0,0,0,0,0,0,0,1,0,0,2021,33.6,26.3,8.3,20.1,27,40,0,0,309
"76",0,0,0,0,0,0,0,1,0,0,0,0,1,0,0,0,0,0,0,2021,37.9,27.9,10,8,999.9,999.9,0,0,283
"77",0,0,0,0,0,0,0,1,0,0,0,0,0,0,1,0,0,0,0,2021,40.8,35.9,9.6,5,999.9,999.9,0,0,261
"78",0,0,0,0,0,0,0,1,0,0,0,0,0,0,0,1,0,0,0,2021,46.2,36.4,10,8.3,999.9,999.9,0,0,295
"79",0,0,0,0,0,0,0,1,0,0,0,0,0,1,0,0,0,0,0,2021,51.1,45.3,9.7,6.8,999.9,999.9,0,0,283
"80",0,0,0,0,0,0,0,1,0,0,0,0,0,0,0,0,0,1,0,2021,47.2,45.6,7.4,6.9,999.9,999.9,0,0,268
"81",0,0,0,0,0,0,0,1,0,0,0,0,0,0,0,0,0,0,1,2021,51.9,50.6,5.7,9.1,999.9,999.9,0,1,257
"82",0,0,0,0,0,0,0,1,0,0,0,0,0,0,0,0,1,0,0,2021,51.3,51.3,0.5,14.4,20,28.9,0,1,336
"83",0,0,0,0,0,0,0,1,0,0,0,0,1,0,0,0,0,0,0,2021,49.9,40.6,9.5,11,999.9,999.9,0,0,325
"84",0,0,0,0,0,0,0,1,0,0,0,0,0,0,0,1,0,0,0,2021,47.9,35.9,9.3,17.6,53,999.9,0,1,240
"85",0,0,0,0,0,0,0,1,0,0,0,0,0,1,0,0,0,0,0,2021,43.7,35.5,10,6.7,999.9,999.9,0,0,281
"86",0,0,0,0,0,0,0,1,0,0,0,0,0,0,0,0,0,1,0,2021,51.3,48.1,9.9,11.9,999.9,999.9,0,0,284
"87",1,0,0,0,0,0,0,0,0,0,0,0,0,0,0,0,0,0,1,2021,48.2,47.6,4.5,12.6,999.9,999.9,0,1,263
"88",1,0,0,0,0,0,0,0,0,0,0,0,0,0,0,0,1,0,0,2021,37.1,25.3,9.4,10.8,15.9,20,0,0,283
"89",1,0,0,0,0,0,0,0,0,0,0,0,1,0,0,0,0,0,0,2021,36.6,23.4,9.8,8.9,999.9,999.9,0,0,281
"90",1,0,0,0,0,0,0,0,0,0,0,0,0,0,1,0,0,0,0,2021,46.3,30.8,10,10.6,999.9,999.9,0,0,259
"91",1,0,0,0,0,0,0,0,0,0,0,0,0,0,0,1,0,0,0,2021,45.9,36.2,10,12.9,999.9,999.9,0,0,268
"92",1,0,0,0,0,0,0,0,0,0,0,0,0,1,0,0,0,0,0,2021,47.5,39,10,13.1,53,999.9,0,0,318
"93",1,0,0,0,0,0,0,0,0,0,0,0,0,0,0,0,0,1,0,2021,50.2,43.4,8.9,11.3,999.9,999.9,0,0,303
"94",1,0,0,0,0,0,0,0,0,0,0,0,0,0,0,0,0,0,1,2021,47,42.7,10,10.4,20,22.9,0,0,310
"95",1,0,0,0,0,0,0,0,0,0,0,0,0,0,0,0,1,0,0,2021,47.6,43.2,7.3,6.1,12,999.9,0,1,281
"96",1,0,0,0,0,0,0,0,0,0,0,0,1,0,0,0,0,0,0,2021,44.4,43.1,3.6,8.4,14,999.9,0,1,294
"97",1,0,0,0,0,0,0,0,0,0,0,0,0,0,1,0,0,0,0,2021,48.2,47.3,2.4,10.4,20,21,0,1,215
"98",1,0,0,0,0,0,0,0,0,0,0,0,0,0,0,1,0,0,0,2021,45.3,39.7,9.5,14.2,21,28,0,0,264
"99",1,0,0,0,0,0,0,0,0,0,0,0,0,1,0,0,0,0,0,2021,45.5,39.2,9.8,15.2,24.1,31.1,0,0,321
"100",1,0,0,0,0,0,0,0,0,0,0,0,0,0,0,0,0,1,0,2021,46.1,37.9,10,7.1,11.1,999.9,0,0,295
"101",1,0,0,0,0,0,0,0,0,0,0,0,0,0,0,0,0,0,1,2021,43.8,37.3,10,10.4,18.1,22.9,0,0,270
"102",1,0,0,0,0,0,0,0,0,0,0,0,0,0,0,0,1,0,0,2021,43.8,40.8,6.8,19.3,28,38.1,0.64,0,298
"103",1,0,0,0,0,0,0,0,0,0,0,0,1,0,0,0,0,0,0,2021,42,37.1,9,16.2,21,31.1,0.18,0,265
"104",1,0,0,0,0,0,0,0,0,0,0,0,0,0,1,0,0,0,0,2021,47.2,38.8,10,8.2,15,18.1,0.11,0,258
"105",1,0,0,0,0,0,0,0,0,0,0,0,0,0,0,1,0,0,0,2021,50.9,43.1,10,8.1,11.1,999.9,0,0,320
"106",1,0,0,0,0,0,0,0,0,0,0,0,0,1,0,0,0,0,0,2021,50.3,44.5,8.2,8.9,15.9,999.9,0,1,313
"107",1,0,0,0,0,0,0,0,0,0,0,0,0,0,0,0,0,1,0,2021,53.4,48.6,9.8,13.5,17.1,999.9,0,0,283
"108",1,0,0,0,0,0,0,0,0,0,0,0,0,0,0,0,0,0,1,2021,43,29,9.5,19,27,36.9,0.04,0,252
"109",1,0,0,0,0,0,0,0,0,0,0,0,0,0,0,0,1,0,0,2021,45.1,27.1,10,19.5,25.1,36.9,0,0,357
"110",1,0,0,0,0,0,0,0,0,0,0,0,1,0,0,0,0,0,0,2021,51.1,40.3,9.8,13,18.1,999.9,0,0,301
"111",1,0,0,0,0,0,0,0,0,0,0,0,0,0,1,0,0,0,0,2021,47.9,44.8,7.1,12,25.1,34,0.07,0,273
"112",1,0,0,0,0,0,0,0,0,0,0,0,0,0,0,1,0,0,0,2021,49.9,36.9,10,14,21,32.1,1.02,0,300
"113",1,0,0,0,0,0,0,0,0,0,0,0,0,1,0,0,0,0,0,2021,48.1,33.1,10,11.6,20,25.1,0,0,273
"114",1,0,0,0,0,0,0,0,0,0,0,0,0,0,0,0,0,0,1,2021,50.4,48.8,4.4,5.9,9.9,999.9,0.06,1,324
"115",1,0,0,0,0,0,0,0,0,0,0,0,0,0,0,0,1,0,0,2021,55.9,50,6.9,16.6,22.9,31.1,0.24,1,331
"116",0,0,0,0,0,0,0,0,1,0,0,0,1,0,0,0,0,0,0,2021,51.9,38.7,10,16.4,24.1,32.1,0.05,0,318
"117",0,0,0,0,0,0,0,0,1,0,0,0,0,0,1,0,0,0,0,2021,53.5,44.6,10,14.1,20,28.9,0,0,330
"118",0,0,0,0,0,0,0,0,1,0,0,0,0,0,0,1,0,0,0,2021,56.3,47.1,9.8,9.1,15.9,999.9,0,0,316
"119",0,0,0,0,0,0,0,0,1,0,0,0,0,1,0,0,0,0,0,2021,51.7,50.3,4.3,10,24.1,31.1,0.7,1,345
"120",0,0,0,0,0,0,0,0,1,0,0,0,0,0,0,0,0,1,0,2021,48.8,47.2,5.8,7.7,13,999.9,0.02,1,339
"121",0,0,0,0,0,0,0,0,1,0,0,0,0,0,0,0,0,0,1,2021,54.3,44.9,10,10.5,17.1,22,0.01,0,339
"122",0,0,0,0,0,0,0,0,1,0,0,0,0,0,0,0,1,0,0,2021,51.5,41.4,10,9,17.1,22.9,0,0,319
"123",0,0,0,0,0,0,0,0,1,0,0,0,1,0,0,0,0,0,0,2021,48.9,39.5,10,9.5,15.9,999.9,0,0,305
"124",0,0,0,0,0,0,0,0,1,0,0,0,0,0,1,0,0,0,0,2021,51.7,44,10,14.3,18.1,27,0,0,266
"125",0,0,0,0,0,0,0,0,1,0,0,0,0,0,0,1,0,0,0,2021,49.8,44.9,8.4,10.4,15,17.1,0.83,0,279
"126",0,0,0,0,0,0,0,0,1,0,0,0,0,1,0,0,0,0,0,2021,52.4,44.2,9.6,10.9,20,26,0.75,0,326
"127",0,0,0,0,0,0,0,0,1,0,0,0,0,0,0,0,0,1,0,2021,53.1,39.1,10,13.1,19,27,0,0,329
"128",0,0,0,0,0,0,0,0,1,0,0,0,0,0,0,0,0,0,1,2021,55.1,42.8,9.9,7.1,13,999.9,0,0,318
"129",0,0,0,0,0,0,0,0,1,0,0,0,1,0,0,0,0,0,0,2021,58.9,47.2,10,7.9,11.1,999.9,0,0,321
"130",0,0,0,0,0,0,0,0,1,0,0,0,0,0,1,0,0,0,0,2021,59.1,48.9,10,7.4,12,999.9,0,0,337
"131",0,0,0,0,0,0,0,0,1,0,0,0,0,0,0,1,0,0,0,2021,57.5,50.5,10,7.2,13,999.9,0,0,320
"132",0,0,0,0,0,0,0,0,1,0,0,0,0,1,0,0,0,0,0,2021,58.3,52.1,9.8,10.5,17.1,24.1,0,0,374
"133",0,0,0,0,0,0,0,0,1,0,0,0,0,0,0,0,0,1,0,2021,62.9,48.6,10,10.3,15,22,0,0,347
"134",0,0,0,0,0,0,0,0,1,0,0,0,0,0,1,0,0,0,0,2021,67.6,59,9.4,9.3,22.9,31.1,0,0,330
"135",0,0,0,0,0,0,0,0,1,0,0,0,0,0,0,1,0,0,0,2021,57.4,45.3,10,9.5,21,28.9,0,0,322
"136",0,0,0,0,0,0,0,0,1,0,0,0,0,1,0,0,0,0,0,2021,55.4,46.9,10,12.4,18.1,999.9,0,0,354
"137",0,0,0,0,0,0,0,0,1,0,0,0,0,0,0,0,0,1,0,2021,61.2,58.6,4.8,15,21,999.9,0,1,333
"138",0,0,0,0,0,0,0,0,1,0,0,0,0,0,0,0,1,0,0,2021,58,45.8,10,12.2,17.1,24.1,0.02,0,358
"139",0,0,0,0,0,0,0,0,1,0,0,0,1,0,0,0,0,0,0,2021,47.5,44.2,6.5,20.2,31.1,42,1.22,0,242
"140",0,0,0,0,0,0,0,0,1,0,0,0,0,0,1,0,0,0,0,2021,49.6,47.9,6,15.3,19,28,0.17,1,256
"141",0,0,0,0,0,0,0,0,1,0,0,0,0,0,0,1,0,0,0,2021,57.9,56.1,3.3,8.5,15,999.9,0.81,1,275
"142",0,0,0,0,0,0,1,0,0,0,0,0,0,1,0,0,0,0,0,2021,59.2,53.2,10,10.3,13,999.9,0.46,0,355
"143",0,0,0,0,0,0,1,0,0,0,0,0,0,0,0,0,0,1,0,2021,60.4,54,9.9,9.3,14,999.9,0,0,339
"144",0,0,0,0,0,0,1,0,0,0,0,0,0,0,0,0,0,0,1,2021,59.2,57.4,5.4,6,13,999.9,0,1,288
"145",0,0,0,0,0,0,1,0,0,0,0,0,0,0,0,0,1,0,0,2021,60.7,59.9,1.6,10.9,15,999.9,0.34,1,331
"146",0,0,0,0,0,0,1,0,0,0,0,0,1,0,0,0,0,0,0,2021,61.7,59,4,9.8,15.9,999.9,0.02,1,365
"147",0,0,0,0,0,0,1,0,0,0,0,0,0,0,1,0,0,0,0,2021,70.2,60.2,8.9,9.9,15,999.9,0,0,367
"148",0,0,0,0,0,0,1,0,0,0,0,0,0,1,0,0,0,0,0,2021,64.5,61.9,0.5,9.8,14,999.9,0,1,355
"149",0,0,0,0,0,0,1,0,0,0,0,0,0,0,0,0,0,1,0,2021,68.9,64.6,4.1,7.8,12,999.9,0,1,353
"150",0,0,0,0,0,0,1,0,0,0,0,0,0,0,0,0,0,0,1,2021,68.4,53.3,9.5,11.3,19,25.1,0,0,370
"151",0,0,0,0,0,0,1,0,0,0,0,0,0,0,0,0,1,0,0,2021,60.2,47.6,10,10.7,18.1,24.1,0,0,343
"152",0,0,0,0,0,0,1,0,0,0,0,0,1,0,0,0,0,0,0,2021,62.1,54.9,9.3,6.6,15,999.9,0,0,327
"153",0,0,0,0,0,0,1,0,0,0,0,0,0,0,1,0,0,0,0,2021,63.5,57.4,10,8.3,12,999.9,0.13,0,330
"154",0,0,0,0,0,0,1,0,0,0,0,0,0,0,0,1,0,0,0,2021,65.4,58.5,9.3,8.8,14,999.9,0,1,329
"155",0,0,0,0,0,0,1,0,0,0,0,0,0,1,0,0,0,0,0,2021,68,64.1,4.7,6.9,12,999.9,0,1,369
"156",0,0,0,0,0,0,1,0,0,0,0,0,0,0,0,0,0,1,0,2021,67.9,58.6,9.4,9.6,20,999.9,0,0,370
"157",0,0,0,0,0,0,1,0,0,0,0,0,1,0,0,0,0,0,0,2021,68.4,62.2,8.9,12.1,15,21,0,0,372
"158",0,0,0,0,0,0,1,0,0,0,0,0,0,0,1,0,0,0,0,2021,69.5,63.9,9.2,10.3,13,999.9,0.01,0,323
"159",0,0,0,0,0,0,1,0,0,0,0,0,0,0,0,1,0,0,0,2021,69.1,66.1,3.5,9,13,999.9,0,1,361
"160",0,0,0,0,0,0,1,0,0,0,0,0,0,1,0,0,0,0,0,2021,70.6,67,4.6,8.6,17.1,24.1,0,1,290
"161",0,0,0,0,0,0,1,0,0,0,0,0,0,0,0,0,0,1,0,2021,65.9,56.1,9.8,9.8,15,22.9,0.22,0,353
"162",0,0,0,0,0,0,1,0,0,0,0,0,1,0,0,0,0,0,0,2021,70,67.8,2.1,8.8,12,999.9,0.3,1,375
"163",0,0,0,0,0,0,1,0,0,0,0,0,0,0,1,0,0,0,0,2021,70.9,68.6,3,11.1,15,999.9,0,1,333
"164",0,0,0,0,0,0,1,0,0,0,0,0,0,1,0,0,0,0,0,2021,73.5,68.9,8.1,12.9,17.1,22,0,0,350
"165",0,0,0,0,0,0,1,0,0,0,0,0,0,0,0,0,0,1,0,2021,73.5,69.5,7.3,12,18.1,22.9,0,0,361
"166",0,0,0,0,0,1,0,0,0,0,0,0,0,0,0,0,0,0,1,2021,73.9,69.8,7,8.8,13,999.9,0,1,319
"167",0,0,0,0,0,1,0,0,0,0,0,0,0,0,0,0,1,0,0,2021,70.3,66.7,6.8,10,18.1,999.9,0.5,1,333
"168",0,0,0,0,0,1,0,0,0,0,0,0,1,0,0,0,0,0,0,2021,62.3,59.1,5.9,13.2,19,24.1,0.04,0,291
"169",0,0,0,0,0,1,0,0,0,0,0,0,0,0,1,0,0,0,0,2021,62.9,57.6,9,8.6,14,15.9,0.05,0,289
"170",0,0,0,0,0,1,0,0,0,0,0,0,0,0,0,1,0,0,0,2021,63.6,57.7,10,5.5,9.9,999.9,0.14,0,322
"171",0,0,0,0,0,1,0,0,0,0,0,0,0,1,0,0,0,0,0,2021,71.6,66.5,9.3,13.3,17.1,25.1,0,0,326
"172",0,0,0,0,0,1,0,0,0,0,0,0,0,0,0,0,0,1,0,2021,73.7,68.3,8.3,11.5,18.1,24.1,0,0,324
"173",0,0,0,0,0,1,0,0,0,0,0,0,0,0,0,0,0,0,1,2021,72.5,69.9,3,6,11.1,999.9,0,1,305
"174",0,0,0,0,0,1,0,0,0,0,0,0,0,0,0,0,1,0,0,2021,72,68.9,3.7,22.7,33,42.9,0.01,1,346
"175",0,0,0,0,0,1,0,0,0,0,0,0,1,0,0,0,0,0,0,2021,71,68,5.9,7.8,14,999.9,0.04,1,293
"176",0,0,0,0,0,1,0,0,0,0,0,0,0,0,1,0,0,0,0,2021,68.9,63,8.8,6.3,9.9,999.9,0,1,263
"177",0,0,0,0,0,1,0,0,0,0,0,0,0,0,0,1,0,0,0,2021,70.5,67.6,6.5,7.9,15.9,999.9,0,1,303
"178",0,0,0,0,0,1,0,0,0,0,0,0,0,1,0,0,0,0,0,2021,66.3,63.4,6,9.1,13,999.9,0.19,1,298
"179",0,0,0,0,0,1,0,0,0,0,0,0,0,0,0,0,0,1,0,2021,69.1,67.3,1.2,6.4,9.9,999.9,0,1,331
"180",0,0,0,0,0,1,0,0,0,0,0,0,0,0,0,0,0,0,1,2021,72.6,70.6,1,6.7,9.9,999.9,0,1,372
"181",0,0,0,0,0,1,0,0,0,0,0,0,0,0,0,0,1,0,0,2021,72.9,70.6,1.1,7.5,13,999.9,0,1,350
"182",0,0,0,0,0,1,0,0,0,0,0,0,1,0,0,0,0,0,0,2021,74.2,72.1,0.9,7.6,11.1,999.9,0,1,339
"183",0,0,0,0,0,1,0,0,0,0,0,0,0,0,1,0,0,0,0,2021,74.5,71.5,5.7,8.1,14,999.9,0,1,310
"184",0,0,0,0,0,1,0,0,0,0,0,0,0,0,0,1,0,0,0,2021,73.8,69.7,6.7,8.1,13,999.9,0,1,328
"185",0,0,0,0,0,1,0,0,0,0,0,0,0,1,0,0,0,0,0,2021,74.3,69.2,8.6,6.9,11.1,999.9,0,1,286
"186",0,0,0,0,0,1,0,0,0,0,0,0,0,0,0,0,0,1,0,2021,74.2,70.7,3.1,6.2,9.9,999.9,0,1,330
"187",0,0,0,0,0,1,0,0,0,0,0,0,0,0,0,0,0,0,1,2021,73.1,61.8,9.8,10,15,22,0,0,329
"188",0,0,0,0,0,1,0,0,0,0,0,0,0,0,0,0,1,0,0,2021,73.6,62,10,6.6,11.1,999.9,0,0,324
"189",0,0,0,0,0,1,0,0,0,0,0,0,1,0,0,0,0,0,0,2021,70.8,61.3,9.6,3.3,12,15,0,1,337
"190",0,0,0,0,0,1,0,0,0,0,0,0,0,0,1,0,0,0,0,2021,70.4,65.6,9.9,9.9,15,21,0,0,322
"191",0,0,0,0,0,1,0,0,0,0,0,0,0,0,0,1,0,0,0,2021,74.9,70.4,6.8,10.1,14,999.9,0,1,359
"192",0,0,0,0,0,1,0,0,0,0,0,0,0,1,0,0,0,0,0,2021,76.7,66.6,6,7.6,11.1,999.9,0,1,318
"193",0,0,0,0,0,1,0,0,0,0,0,0,0,0,0,0,0,1,0,2021,72.1,64.8,9.8,7.9,15.9,21,99.99,0,300
"194",0,0,0,0,0,1,0,0,0,0,0,0,0,0,0,0,0,0,1,2021,67.2,58,10,7.6,15.9,22,0,0,319
"195",0,0,0,0,0,1,0,0,0,0,0,0,1,0,0,0,0,0,0,2021,70,52.1,10,11.5,18.1,22,0,0,353
"196",0,1,0,0,0,0,0,0,0,0,0,0,0,0,1,0,0,0,0,2021,69.4,60.2,10,6.2,8.9,999.9,0,0,303
"197",0,1,0,0,0,0,0,0,0,0,0,0,0,0,0,1,0,0,0,2021,72.4,63,10,9,17.1,999.9,99.99,0,325
"198",0,1,0,0,0,0,0,0,0,0,0,0,0,1,0,0,0,0,0,2021,69.3,65.1,7.6,4,8,999.9,0,1,313
"199",0,1,0,0,0,0,0,0,0,0,0,0,0,0,0,0,0,1,0,2021,68.4,63.7,9.2,5.3,14,999.9,99.99,0,291
"200",0,1,0,0,0,0,0,0,0,0,0,0,0,0,0,0,0,0,1,2021,72.3,69.6,7.2,14.7,24.1,32.1,99.99,0,304
"201",0,1,0,0,0,0,0,0,0,0,0,0,0,0,0,0,1,0,0,2021,72,68.4,7.4,10.1,14,999.9,0,1,355
"202",0,1,0,0,0,0,0,0,0,0,0,0,1,0,0,0,0,0,0,2021,73,68.9,7.7,8.5,14,999.9,0,1,334
"203",0,1,0,0,0,0,0,0,0,0,0,0,0,0,1,0,0,0,0,2021,75.4,67.9,9.8,7.3,11.1,999.9,0,0,314
"204",0,1,0,0,0,0,0,0,0,0,0,0,0,0,0,1,0,0,0,2021,72.4,68.1,8.5,8.2,15.9,999.9,99.99,0,339
"205",0,1,0,0,0,0,0,0,0,0,0,0,0,1,0,0,0,0,0,2021,73.1,69.8,7,6.3,15,20,99.99,1,331
"206",0,1,0,0,0,0,0,0,0,0,0,0,0,0,0,0,0,1,0,2021,75.3,72.8,6.1,10.7,14,999.9,0,1,316
"207",0,1,0,0,0,0,0,0,0,0,0,0,0,0,0,0,0,0,1,2021,75.9,72.6,4.8,12.2,15.9,21,0,1,324
"208",0,1,0,0,0,0,0,0,0,0,0,0,0,0,0,0,1,0,0,2021,76.7,72.8,6.1,8.8,12,999.9,0,1,358
"209",0,1,0,0,0,0,0,0,0,0,0,0,1,0,0,0,0,0,0,2021,78.1,73.2,5.4,8.6,12,999.9,0,1,302
"210",0,1,0,0,0,0,0,0,0,0,0,0,0,0,1,0,0,0,0,2021,77,62.7,9.7,10.3,14,999.9,0,0,314
"211",0,1,0,0,0,0,0,0,0,0,0,0,0,0,0,1,0,0,0,2021,70.2,60.2,10,3.2,8,999.9,0,0,301
"212",0,1,0,0,0,0,0,0,0,0,0,0,0,1,0,0,0,0,0,2021,69.9,60.9,10,5.6,11.1,999.9,0,0,286
"213",0,1,0,0,0,0,0,0,0,0,0,0,0,0,0,0,0,1,0,2021,73.1,65.6,10,7.1,11.1,999.9,0,0,334
"214",0,1,0,0,0,0,0,0,0,0,0,0,0,0,0,0,0,0,1,2021,75,71.7,8.4,9.7,15.9,999.9,0,0,286
"215",0,1,0,0,0,0,0,0,0,0,0,0,0,0,0,0,1,0,0,2021,77.6,72.7,8.3,11.9,15.9,999.9,0,0,325
"216",0,1,0,0,0,0,0,0,0,0,0,0,1,0,0,0,0,0,0,2021,75.3,71.8,7.2,4,9.9,999.9,0,1,321
"217",0,1,0,0,0,0,0,0,0,0,0,0,0,0,1,0,0,0,0,2021,75.2,72.1,7.8,15,22.9,32.1,0,0,257
"218",0,1,0,0,0,0,0,0,0,0,0,0,0,0,0,1,0,0,0,2021,75.6,72.8,6.2,7.6,12,999.9,0,1,293
"219",0,1,0,0,0,0,0,0,0,0,0,0,0,1,0,0,0,0,0,2021,76.5,71.8,7.9,11.8,15.9,999.9,99.99,0,332
"220",0,1,0,0,0,0,0,0,0,0,0,0,0,0,0,0,0,1,0,2021,78.2,71.3,10,6.6,11.1,999.9,0,0,336
"221",0,1,0,0,0,0,0,0,0,0,0,0,0,0,0,0,0,0,1,2021,76.7,71.8,9.4,6.9,11.1,999.9,0,0,343
"222",0,1,0,0,0,0,0,0,0,0,0,0,0,0,0,0,1,0,0,2021,79.3,72.2,7,6.6,9.9,999.9,0,1,349
"223",0,1,0,0,0,0,0,0,0,0,0,0,1,0,0,0,0,0,0,2021,71.5,61,10,11,19,22.9,0,0,303
"224",0,1,0,0,0,0,0,0,0,0,0,0,0,0,1,0,0,0,0,2021,68.4,61.5,10,6,9.9,999.9,99.99,0,358
"225",0,1,0,0,0,0,0,0,0,0,0,0,0,0,0,1,0,0,0,2021,75.2,70.6,9.4,7.7,13,999.9,0,1,323
"226",0,1,0,0,0,0,0,0,0,0,0,0,0,1,0,0,0,0,0,2021,77,70.2,8.3,7.9,11.1,999.9,99.99,1,310
"227",0,0,0,0,0,0,0,0,0,0,0,1,0,0,0,0,0,1,0,2021,73.4,67.5,10,5.6,11.1,999.9,99.99,0,319
"228",0,0,0,0,0,0,0,0,0,0,0,1,0,0,0,0,0,0,1,2021,71.1,65.2,9,16.9,24.1,35,99.99,0,365
"229",0,0,0,0,0,0,0,0,0,0,0,1,0,0,0,0,1,0,0,2021,68.2,56.4,10,7.2,12,15.9,0,0,352
"230",0,0,0,0,0,0,0,0,0,0,0,1,1,0,0,0,0,0,0,2021,69.6,58.6,10,8.6,14,19,0,0,341
"231",0,0,0,0,0,0,0,0,0,0,0,1,0,0,1,0,0,0,0,2021,70.3,63.1,10,7.4,11.1,999.9,0,0,293
"232",0,0,0,0,0,0,0,0,0,0,0,1,0,0,0,1,0,0,0,2021,72.2,68.9,7.2,11.4,15.9,22,99.99,0,299
"233",0,0,0,0,0,0,0,0,0,0,0,1,0,1,0,0,0,0,0,2021,71.4,61.8,9.9,8,13,999.9,0,0,337
"234",0,0,0,0,0,0,0,0,0,0,0,1,0,0,0,0,0,1,0,2021,72.7,66.4,10,9.1,12,999.9,0,0,334
"235",0,0,0,0,0,0,0,0,0,0,0,1,0,0,0,0,0,0,1,2021,73.8,69.5,8.6,10.4,14,21,99.99,0,294
"236",0,0,0,0,0,0,0,0,0,0,0,1,0,0,0,0,1,0,0,2021,73,66.1,9.7,8,14,21,99.99,0,352
"237",0,0,0,0,0,0,0,0,0,0,0,1,1,0,0,0,0,0,0,2021,69.9,52.8,10,11.2,15,21,0,0,333
"238",0,0,0,0,0,0,0,0,0,0,0,1,0,0,1,0,0,0,0,2021,72.6,65.1,10,13.6,21,26,0,0,321
"239",0,0,0,0,0,0,0,0,0,0,0,1,0,1,0,0,0,0,0,2021,69.5,58.8,10,6.7,12,17.1,0,0,342
"240",0,0,0,0,0,0,0,0,0,0,0,1,0,0,0,0,0,1,0,2021,72.5,68.1,9.1,11.3,15,999.9,0,0,356
"241",0,0,0,0,0,0,0,0,0,0,0,1,0,0,0,0,0,0,1,2021,71.6,68.4,7.6,9.4,21,29.9,0,0,269
"242",0,0,0,0,0,0,0,0,0,0,0,1,0,0,0,0,1,0,0,2021,71.5,67.6,8.7,9.3,13,26,0.45,0,375
"243",0,0,0,0,0,0,0,0,0,0,0,1,1,0,0,0,0,0,0,2021,71.5,66.5,9.9,11.5,17.1,21,0.08,0,319
"244",0,0,0,0,0,0,0,0,0,0,0,1,0,0,1,0,0,0,0,2021,69.1,59.6,10,12.7,20,24.1,0,0,318
"245",0,0,0,0,0,0,0,0,0,0,0,1,0,0,0,1,0,0,0,2021,63,52.1,10,6.2,12,999.9,0,0,317
"246",0,0,0,0,0,0,0,0,0,0,0,1,0,1,0,0,0,0,0,2021,66.2,59.7,10,8.1,12,999.9,0,0,311
"247",0,0,0,0,0,0,0,0,0,0,0,1,0,0,0,0,0,1,0,2021,69.4,64.2,10,9.9,999.9,999.9,0,0,289
"248",0,0,0,0,0,0,0,0,0,0,0,1,0,0,0,0,0,0,1,2021,73.3,68.5,9.9,11.8,999.9,999.9,0,0,319
"249",0,0,0,0,0,0,0,0,0,0,0,1,1,0,0,0,0,0,0,2021,71.4,68.5,7.3,6.2,15,20,1.25,1,358
"250",0,0,0,0,0,0,0,0,0,0,0,1,0,0,1,0,0,0,0,2021,70,64.1,8.3,10,17.1,25.1,0.39,1,314
"251",0,0,0,0,0,0,0,0,0,0,0,1,0,0,0,1,0,0,0,2021,68.2,57,10,10.3,17.1,999.9,0.01,0,325
"252",0,0,0,0,0,0,0,0,0,0,0,1,0,1,0,0,0,0,0,2021,72.4,65.6,9.5,13.8,18.1,25.1,0,0,296
"253",0,0,0,0,0,0,0,0,0,0,0,1,0,0,0,0,0,1,0,2021,65.4,55.5,10,12,18.1,20,0,0,343
"254",0,0,0,0,0,0,0,0,0,0,0,1,0,0,0,0,0,0,1,2021,60.6,47.6,10,7.9,13,20,0,0,344
"255",0,0,0,0,0,0,0,0,0,0,1,0,1,0,0,0,0,0,0,2021,63,51.5,10,9.4,19,25.1,0,0,349
"256",0,0,0,0,0,0,0,0,0,0,1,0,0,0,1,0,0,0,0,2021,68.9,64.2,9.2,8.9,14,19,0,0,328
"257",0,0,0,0,0,0,0,0,0,0,1,0,0,0,0,1,0,0,0,2021,64.2,61.6,6.2,8,15,20,0.16,0,290
"258",0,0,0,0,0,0,0,0,0,0,1,0,0,1,0,0,0,0,0,2021,63.3,59.7,8.7,14.1,18.1,22.9,0.97,0,318
"259",0,0,0,0,0,0,0,0,0,0,1,0,0,0,0,0,0,1,0,2021,64.2,55.5,10,9.7,15.9,999.9,0.28,0,270
"260",0,0,0,0,0,0,0,0,0,0,1,0,0,0,0,0,0,0,1,2021,60.8,53.7,9.4,2.8,7,999.9,0,0,368
"261",0,0,0,0,0,0,0,0,0,0,1,0,0,0,0,0,1,0,0,2021,64.9,59.1,10,6.2,12,999.9,0,0,361
"262",0,0,0,0,0,0,0,0,0,0,1,0,1,0,0,0,0,0,0,2021,63.6,55.9,10,10.9,17.1,25.1,0,0,268
"263",0,0,0,0,0,0,0,0,0,0,1,0,0,0,1,0,0,0,0,2021,63.3,56.4,10,11.3,17.1,22,0,0,269
"264",0,0,0,0,0,0,0,0,0,0,1,0,0,0,0,1,0,0,0,2021,65.7,60.1,9.5,12.6,18.1,25.1,0.31,0,297
"265",0,0,0,0,0,0,0,0,0,0,1,0,0,1,0,0,0,0,0,2021,63,56.9,10,6.1,8.9,999.9,0,0,321
"266",0,0,0,0,0,0,0,0,0,0,1,0,0,0,0,0,0,1,0,2021,61.4,55.4,8.6,2.8,7,999.9,0,1,312
"267",0,0,0,0,0,0,0,0,0,0,1,0,0,0,0,0,0,0,1,2021,64.8,60.3,8.3,5.9,9.9,999.9,0,1,353
"268",0,0,0,0,0,0,0,0,0,0,1,0,1,0,0,0,0,0,0,2021,66.9,62.6,10,10.9,15,999.9,0,0,339
"269",0,0,0,0,0,0,0,0,0,0,1,0,0,0,1,0,0,0,0,2021,64.9,56.3,9.4,11.7,21,27,0.13,0,319
"270",0,0,0,0,0,0,0,0,0,0,1,0,0,0,0,1,0,0,0,2021,58,43.1,10,10.9,18.1,25.1,0.09,0,318
"271",0,0,0,0,0,0,0,0,0,0,1,0,0,1,0,0,0,0,0,2021,56.4,39.8,10,14.8,20,28,0.02,0,302
"272",0,0,0,0,0,0,0,0,0,0,1,0,0,0,0,0,0,1,0,2021,64.8,50.2,10,10.7,15.9,21,0,0,365
"273",0,0,0,0,0,0,0,0,0,0,1,0,0,0,0,0,0,0,1,2021,65.3,60.5,9.5,8.5,13,999.9,0,0,371
"274",0,0,0,0,0,0,0,0,0,0,1,0,1,0,0,0,0,0,0,2021,61,52.4,9.8,7.7,12,999.9,0,0,312
"275",0,0,0,0,0,0,0,0,0,0,1,0,0,0,1,0,0,0,0,2021,55.1,38.6,10,9.6,15.9,19,0,0,236
"276",0,0,0,0,0,0,0,0,0,0,1,0,0,0,0,1,0,0,0,2021,61.1,55.5,8.2,9,22,35,0.25,0,330
"277",0,0,0,0,0,0,0,0,0,0,1,0,0,1,0,0,0,0,0,2021,64.6,60.4,8.6,15.1,25.1,35.9,0.39,0,323
"278",0,0,0,0,0,0,0,0,0,0,1,0,0,0,0,0,0,1,0,2021,58.9,55.2,3.9,31.2,46,61,1.44,0,323
"279",0,0,0,0,0,0,0,0,0,0,1,0,0,0,0,0,0,0,1,2021,53.3,46.1,8.8,22.8,34,45.1,0.71,0,344
"280",0,0,0,0,0,0,0,0,0,0,1,0,0,0,0,0,1,0,0,2021,54,42.1,10,9.9,15,19,0,0,357
"281",0,0,0,0,0,0,0,0,0,0,1,0,1,0,0,0,0,0,0,2021,60.1,54.3,9,15.3,20,28,0.16,0,352
"282",0,0,0,0,0,0,0,0,0,0,1,0,0,0,1,0,0,0,0,2021,63.1,58.5,7.6,15,21,40,0.8,0,362
"283",0,0,0,0,0,0,0,0,0,1,0,0,0,0,0,1,0,0,0,2021,59.3,46.4,10,9.8,15,26,0.43,0,331
"284",0,0,0,0,0,0,0,0,0,1,0,0,0,1,0,0,0,0,0,2021,52.6,36.4,10,5.2,11.1,999.9,0,0,276
"285",0,0,0,0,0,0,0,0,0,1,0,0,0,0,0,0,0,1,0,2021,50,37.5,9.8,7.8,14,21,0.24,0,321
"286",0,0,0,0,0,0,0,0,0,1,0,0,0,0,0,0,0,0,1,2021,48.5,33.9,10,5.1,8.9,999.9,0.02,0,317
"287",0,0,0,0,0,0,0,0,0,1,0,0,1,0,0,0,0,0,0,2021,43.1,29.7,10,3.1,6,999.9,0,0,335
"288",0,0,0,0,0,0,0,0,0,1,0,0,0,0,1,0,0,0,0,2021,44.6,35.4,10,7,14,999.9,0,0,265
"289",0,0,0,0,0,0,0,0,0,1,0,0,0,0,0,1,0,0,0,2021,54.9,45,10,16,22.9,29.9,0,0,329
"290",0,0,0,0,0,0,0,0,0,1,0,0,0,1,0,0,0,0,0,2021,53.1,47.9,9.4,6.7,14,999.9,0,1,327
"291",0,0,0,0,0,0,0,0,0,1,0,0,0,0,0,0,0,1,0,2021,56.5,51,6.9,6.9,14,20,0,1,346
"292",0,0,0,0,0,0,0,0,0,1,0,0,0,0,0,0,0,0,1,2021,49.9,38.4,10,5.2,8.9,999.9,0,0,293
"293",0,0,0,0,0,0,0,0,0,1,0,0,0,0,0,0,1,0,0,2021,58.3,50.7,8.5,18.8,31.1,49,0,0,353
"294",0,0,0,0,0,0,0,0,0,1,0,0,1,0,0,0,0,0,0,2021,56.4,48.4,8.6,9,21,42,0.39,1,335
"295",0,0,0,0,0,0,0,0,0,1,0,0,0,0,1,0,0,0,0,2021,49.4,35.2,10,14,24.1,32.1,0.05,0,269
"296",0,0,0,0,0,0,0,0,0,1,0,0,0,0,0,1,0,0,0,2021,51.4,39.6,9.9,11.2,17.1,24.1,0.02,0,343
"297",0,0,0,0,0,0,0,0,0,1,0,0,0,1,0,0,0,0,0,2021,45.9,27.2,10,15.2,20,28,0,0,315
"298",0,0,0,0,0,0,0,0,0,1,0,0,0,0,0,0,0,1,0,2021,46.5,29.5,10,9.1,15,20,0,0,317
"299",0,0,0,0,0,0,0,0,0,1,0,0,0,0,0,0,0,0,1,2021,58.7,53.1,8.8,13.1,15.9,999.9,0,0,351
"300",0,0,0,0,0,0,0,0,0,1,0,0,0,0,0,0,1,0,0,2021,52.9,41.3,9.3,15,18.1,26,0.07,0,349
"301",0,0,0,0,0,0,0,0,0,1,0,0,1,0,0,0,0,0,0,2021,43.5,27.6,10,9.6,17.1,24.1,0,0,305
"302",0,0,0,0,0,0,0,0,0,1,0,0,0,0,1,0,0,0,0,2021,52.3,42.2,10,11.3,14,999.9,0,0,273
"303",0,0,0,0,0,0,0,0,0,1,0,0,0,0,0,1,0,0,0,2021,55.9,51.8,8.6,12.3,21,28,0.13,0,314
"304",0,0,0,0,0,0,0,0,0,1,0,0,0,1,0,0,0,0,0,2021,43.1,27.3,10,17.5,20,28,0.21,0,340
"305",0,0,0,0,0,0,0,0,0,1,0,0,0,0,0,0,0,1,0,2021,37.1,18.9,10,16.1,21,28.9,0,0,368
"306",0,0,0,0,0,0,0,0,0,1,0,0,0,0,0,0,0,0,1,2021,46.5,28.8,10,10.9,17.1,21,0,0,217
"307",0,0,0,0,0,0,0,0,0,1,0,0,0,0,0,0,1,0,0,2021,50.3,43,9,8.3,22.9,28.9,0,0,261
"308",0,0,0,0,0,0,0,0,0,1,0,0,1,0,0,0,0,0,0,2021,40.7,25.8,10,18.1,24.1,35,0.15,0,264
"309",0,0,0,0,0,0,0,0,0,1,0,0,0,0,1,0,0,0,0,2021,37.8,25,9.8,7.7,14,15.9,0,0,271
"310",0,0,0,0,0,0,0,0,0,1,0,0,0,0,0,1,0,0,0,2021,42.5,36.1,9.4,10.5,18.1,24.1,0.01,0,323
"311",0,0,0,0,0,0,0,0,0,1,0,0,0,1,0,0,0,0,0,2021,37.1,22.6,10,12.2,17.1,24.1,0,0,282
"312",0,0,1,0,0,0,0,0,0,0,0,0,0,0,0,0,0,1,0,2021,43.6,33.3,10,6.7,13,20,0.07,0,266
"313",0,0,1,0,0,0,0,0,0,0,0,0,0,0,0,0,0,0,1,2021,50.7,43.6,9.8,9.1,14,999.9,0,0,319
"314",0,0,1,0,0,0,0,0,0,0,0,0,0,0,0,0,1,0,0,2021,47.7,31.9,9.8,16.2,20,34,0.01,0,343
"315",0,0,1,0,0,0,0,0,0,0,0,0,1,0,0,0,0,0,0,2021,38.8,21.4,10,6.5,11.1,999.9,0,0,278
"316",0,0,1,0,0,0,0,0,0,0,0,0,0,0,1,0,0,0,0,2021,44.1,28.3,10,7.8,14,999.9,0,0,255
"317",0,0,1,0,0,0,0,0,0,0,0,0,0,0,0,1,0,0,0,2021,52.6,45.8,8.2,15.3,20,26,0.01,0,345
"318",0,0,1,0,0,0,0,0,0,0,0,0,0,1,0,0,0,0,0,2021,46.8,31.3,9.3,14.3,28.9,36.9,0.03,0,321
"319",0,0,1,0,0,0,0,0,0,0,0,0,0,0,0,0,0,1,0,2021,39.9,29.5,9.5,6.2,12,999.9,0.16,0,287
"320",0,0,1,0,0,0,0,0,0,0,0,0,0,0,0,0,0,0,1,2021,39.3,28.8,10,12,20,28,0.04,0,283
"321",0,0,1,0,0,0,0,0,0,0,0,0,0,0,0,0,1,0,0,2021,41.5,31.3,10,5.1,11.1,999.9,0,0,301
"322",0,0,1,0,0,0,0,0,0,0,0,0,1,0,0,0,0,0,0,2021,53.4,50.9,3.8,12.6,24.1,33,0.06,1,307
"323",0,0,1,0,0,0,0,0,0,0,0,0,0,0,1,0,0,0,0,2021,50.9,36.1,8.4,17.7,28.9,42,0.44,0,266
"324",0,0,1,0,0,0,0,0,0,0,0,0,0,0,0,1,0,0,0,2021,47.9,33.5,10,14.1,19,27,0.04,0,302
"325",0,0,1,0,0,0,0,0,0,0,0,0,0,1,0,0,0,0,0,2021,48.9,32.1,10,12.2,18.1,24.1,0,0,322
"326",0,0,1,0,0,0,0,0,0,0,0,0,0,0,0,0,0,1,0,2021,42.2,29.5,10,7.9,17.1,999.9,0,0,285
"327",0,0,1,0,0,0,0,0,0,0,0,0,0,0,0,0,0,0,1,2021,52.9,47.8,7.5,14.6,19,25.1,0,0,317
"328",0,0,1,0,0,0,0,0,0,0,0,0,0,0,0,0,1,0,0,2021,55.3,44.5,8.7,14.6,19,25.1,0,0,305
"329",0,0,1,0,0,0,0,0,0,0,0,0,1,0,0,0,0,0,0,2021,46.5,34.7,9.7,7.7,13,999.9,0,0,331
"330",0,0,1,0,0,0,0,0,0,0,0,0,0,0,1,0,0,0,0,2021,45.6,41.7,7.8,14.4,25.1,35,0.01,1,291
"331",0,0,1,0,0,0,0,0,0,0,0,0,0,0,0,1,0,0,0,2021,35.8,24.2,10,11.9,22,32.1,0,0,292
"332",0,0,1,0,0,0,0,0,0,0,0,0,0,1,0,0,0,0,0,2021,43.5,31.2,10,12.2,21,27,0,0,256
"333",0,0,1,0,0,0,0,0,0,0,0,0,0,0,0,0,0,1,0,2021,50,44.7,8.9,10.8,22,28,0,0,278
"334",0,0,1,0,0,0,0,0,0,0,0,0,0,0,0,0,0,0,1,2021,35,14.6,10,14.5,21,32.1,0.22,0,302
"335",0,0,1,0,0,0,0,0,0,0,0,0,0,0,0,0,1,0,0,2021,31.5,18.3,8.5,5.8,12,999.9,0,0,281
"336",0,0,1,0,0,0,0,0,0,0,0,0,0,0,0,1,0,0,0,2021,38,28.4,10,12.4,19,26,0.03,0,207
"337",0,0,1,0,0,0,0,0,0,0,0,0,0,1,0,0,0,0,0,2021,43.1,38.3,9.1,7.5,14,999.9,0.05,0,221
"338",0,0,1,0,0,0,0,0,0,0,0,0,0,0,0,0,0,0,1,2021,47.4,42.1,9.9,5.4,9.9,999.9,0,0,223
"339",0,0,1,0,0,0,0,0,0,0,0,0,0,0,0,0,1,0,0,2021,48.3,44.9,8.5,3.4,8,999.9,0,0,232
"340",0,0,0,0,1,0,0,0,0,0,0,0,1,0,0,0,0,0,0,2022,50.4,47.4,7,5.9,11.1,999.9,0.02,1,283
"341",0,0,0,0,1,0,0,0,0,0,0,0,0,0,0,1,0,0,0,2022,39.7,32.8,8.1,15.9,25.1,31.1,0.29,1,208
"342",0,0,0,0,1,0,0,0,0,0,0,0,0,1,0,0,0,0,0,2022,30.2,20.6,8.4,14.4,27,35,0.05,0,255
"343",0,0,0,0,1,0,0,0,0,0,0,0,0,0,0,0,0,1,0,2022,45.9,38.5,9.7,17,22.9,32.1,0,0,306
"344",0,0,0,0,1,0,0,0,0,0,0,0,0,0,0,0,0,0,1,2022,45.9,37.8,8.2,10.8,17.1,24.1,0.68,0,233
"345",0,0,0,0,1,0,0,0,0,0,0,0,0,0,0,0,1,0,0,2022,36.2,28.4,8.2,12,22,31.1,0.13,0,296
"346",0,0,0,0,1,0,0,0,0,0,0,0,1,0,0,0,0,0,0,2022,26.6,15.2,10,13,20,32.1,0.17,0,236
"347",0,0,0,0,1,0,0,0,0,0,0,0,0,0,1,0,0,0,0,2022,41.5,32.3,9.6,15.6,25.1,34,0,0,234
"348",0,0,0,0,1,0,0,0,0,0,0,0,0,0,0,1,0,0,0,2022,38.4,24.4,9.5,14.6,22,28.9,0.04,0,265
"349",0,0,0,0,1,0,0,0,0,0,0,0,0,1,0,0,0,0,0,2022,22.2,5,10,16.4,24.1,35.9,0.02,0,257
"350",0,0,0,0,1,0,0,0,0,0,0,0,0,0,0,0,0,1,0,2022,30,18.8,9.4,13.9,25.1,29.9,0,0,250
"351",0,0,0,0,1,0,0,0,0,0,0,0,0,0,0,0,0,0,1,2022,39.7,31.3,10,6,15,999.9,0,0,268
"352",0,0,0,0,1,0,0,0,0,0,0,0,0,0,0,0,1,0,0,2022,45,41.8,7.2,17.2,40,52.1,0.06,0,289
"353",0,0,0,0,1,0,0,0,0,0,0,0,1,0,0,0,0,0,0,2022,24.2,11.7,8.8,23,33,54,0.39,0,236
"354",0,0,0,0,1,0,0,0,0,0,0,0,0,0,1,0,0,0,0,2022,25.2,14.5,10,9,17.1,22,0,0,266
"355",0,0,0,0,1,0,0,0,0,0,0,0,0,0,0,1,0,0,0,2022,45.7,38.4,6.5,22.7,35.9,48,0.41,0,203
"356",0,0,0,0,1,0,0,0,0,0,0,0,0,1,0,0,0,0,0,2022,36.2,19.8,9.8,19.7,26,35,0.6,0,258
"357",0,0,0,0,1,0,0,0,0,0,0,0,0,0,0,0,0,1,0,2022,35.5,20.7,9.6,11.4,18.1,27,0,0,255
"358",0,0,0,0,1,0,0,0,0,0,0,0,0,0,0,0,0,0,1,2022,42.7,36.8,7.8,10.5,15.9,21,0,0,246
"359",0,0,0,0,1,0,0,0,0,0,0,0,0,0,0,0,1,0,0,2022,30.7,19.7,9.8,17.5,21,27,0.02,0,288
"360",0,0,0,0,1,0,0,0,0,0,0,0,1,0,0,0,0,0,0,2022,31.2,20.6,8.6,13.5,19,24.1,0,1,267
"361",0,0,0,0,1,0,0,0,0,0,0,0,0,0,1,0,0,0,0,2022,33.6,22.7,10,10.8,18.1,21,0,0,229
"362",0,0,0,0,1,0,0,0,0,0,0,0,0,0,0,1,0,0,0,2022,34.5,23.8,9.7,7.4,12,999.9,0,0,238
"363",0,0,0,0,1,0,0,0,0,0,0,0,0,1,0,0,0,0,0,2022,41.6,31.8,10,9.6,15,19,0,0,235
"364",0,0,0,0,1,0,0,0,0,0,0,0,0,0,0,0,0,1,0,2022,31.3,15.1,10,13,17.1,22.9,0,0,266
"365",0,0,0,0,1,0,0,0,0,0,0,0,0,0,0,0,0,0,1,2022,25.5,12.9,10,9.8,17.1,25.1,0,0,272
"366",0,0,0,0,1,0,0,0,0,0,0,0,0,0,0,0,1,0,0,2022,36.6,24.5,10,9.6,15.9,999.9,0,0,283
"367",0,0,0,0,1,0,0,0,0,0,0,0,1,0,0,0,0,0,0,2022,34.4,30.6,3.7,28.1,46,61,0.53,1,276
"368",0,0,0,0,1,0,0,0,0,0,0,0,0,0,1,0,0,0,0,2022,20.8,9.5,8.7,16.5,25.1,39,0.41,0,224
"369",0,0,0,0,1,0,0,0,0,0,0,0,0,0,0,1,0,0,0,2022,22.9,6.6,10,5.9,11.1,999.9,0,0,312
"370",0,0,0,1,0,0,0,0,0,0,0,0,0,1,0,0,0,0,0,2022,33.8,23.3,10,9.2,13,17.1,0,0,274
"371",0,0,0,1,0,0,0,0,0,0,0,0,0,0,0,0,0,1,0,2022,41.5,36.7,7.7,6.8,11.1,999.9,0,0,268
"372",0,0,0,1,0,0,0,0,0,0,0,0,0,0,0,0,0,0,1,2022,44.3,42.8,0.8,5.9,11.1,999.9,0.05,1,248
"373",0,0,0,1,0,0,0,0,0,0,0,0,0,0,0,0,1,0,0,2022,47.7,45.8,3.8,13.8,25.1,32.1,0.15,1,288
"374",0,0,0,1,0,0,0,0,0,0,0,0,1,0,0,0,0,0,0,2022,32,25,7.6,16.5,20,27,1.17,0,295
"375",0,0,0,1,0,0,0,0,0,0,0,0,0,0,1,0,0,0,0,2022,27.3,13.5,10,9.8,15.9,27,0.01,0,270
"376",0,0,0,1,0,0,0,0,0,0,0,0,0,0,0,1,0,0,0,2022,41.9,34.4,10,10.2,14,999.9,0,0,276
"377",0,0,0,1,0,0,0,0,0,0,0,0,0,1,0,0,0,0,0,2022,45.7,43.2,5.8,11.9,15.9,21,0.73,1,279
"378",0,0,0,1,0,0,0,0,0,0,0,0,0,0,0,0,0,1,0,2022,36.3,24.3,10,13,21,28,0.01,0,272
"379",0,0,0,1,0,0,0,0,0,0,0,0,0,0,0,0,0,0,1,2022,42.3,37.9,10,10.1,18.1,999.9,0,0,302
"380",0,0,0,1,0,0,0,0,0,0,0,0,0,0,0,0,1,0,0,2022,44.3,35.6,10,8,12,999.9,0,0,319
"381",0,0,0,1,0,0,0,0,0,0,0,0,1,0,0,0,0,0,0,2022,47.7,41.5,9.3,12,15.9,999.9,0,0,237
"382",0,0,0,1,0,0,0,0,0,0,0,0,0,0,1,0,0,0,0,2022,40.3,31.1,9.6,11.6,15.9,19,0,0,229
"383",0,0,0,1,0,0,0,0,0,0,0,0,0,0,0,1,0,0,0,2022,29.7,22.4,5.4,16.2,21,29.9,0.1,0,305
"384",0,0,0,1,0,0,0,0,0,0,0,0,0,1,0,0,0,0,0,2022,20.4,1,10,11.6,18.1,22.9,0.01,0,289
"385",0,0,0,1,0,0,0,0,0,0,0,0,0,0,0,0,0,1,0,2022,30.5,18,10,9.9,20,26,0,0,278
"386",0,0,0,1,0,0,0,0,0,0,0,0,0,0,0,0,0,0,1,2022,48.9,44.9,7.5,16.9,21,28.9,0,0,267
"387",0,0,0,1,0,0,0,0,0,0,0,0,0,0,0,0,1,0,0,2022,50.6,45,4.9,21,32.1,44.1,0.17,0,279
"388",0,0,0,1,0,0,0,0,0,0,0,0,1,0,0,0,0,0,0,2022,34.1,21.3,9.4,12.2,27,34,0.19,0,237
"389",0,0,0,1,0,0,0,0,0,0,0,0,0,0,1,0,0,0,0,2022,27.9,9.1,10,16.5,27,41,0,0,245
"390",0,0,0,1,0,0,0,0,0,0,0,0,0,1,0,0,0,0,0,2022,44.9,42.6,7.7,8.3,18.1,999.9,0,1,244
"391",0,0,0,1,0,0,0,0,0,0,0,0,0,0,0,0,0,1,0,2022,49.5,47,4.9,16.6,22,29.9,0.3,0,253
"392",0,0,0,1,0,0,0,0,0,0,0,0,0,0,0,0,0,0,1,2022,36,21.8,10,12.6,18.1,24.1,0.06,0,223
"393",0,0,0,1,0,0,0,0,0,0,0,0,0,0,0,0,1,0,0,2022,36.6,30.9,6.5,11.3,17.1,28,0.19,0,251
"394",0,0,0,1,0,0,0,0,0,0,0,0,1,0,0,0,0,0,0,2022,30.5,23.3,9.4,12.7,21,28,0.55,0,247
"395",0,0,0,1,0,0,0,0,0,0,0,0,0,0,1,0,0,0,0,2022,34.9,20.8,10,13.2,24.1,31.1,0,0,244
"396",0,0,0,1,0,0,0,0,0,0,0,0,0,0,0,1,0,0,0,2022,31,9.9,10,14.4,22.9,31.1,0,0,278
"397",0,0,0,0,0,0,0,1,0,0,0,0,0,1,0,0,0,0,0,2022,31.7,13.7,10,8.3,19,22.9,0,0,248
"398",0,0,0,0,0,0,0,1,0,0,0,0,0,0,0,0,0,1,0,2022,44.1,34.3,9.4,11.1,18.1,26,0.07,0,246
"399",0,0,0,0,0,0,0,1,0,0,0,0,0,0,0,0,0,0,1,2022,40.8,29.5,9.3,11.1,20,28.9,0.11,0,318
"400",0,0,0,0,0,0,0,1,0,0,0,0,0,0,0,0,1,0,0,2022,28.2,10.2,10,13.7,22,35,0.01,0,328
"401",0,0,0,0,0,0,0,1,0,0,0,0,1,0,0,0,0,0,0,2022,34.5,16,10,9.6,15.9,20,0,0,259
"402",0,0,0,0,0,0,0,1,0,0,0,0,0,0,1,0,0,0,0,2022,46.4,42.9,5,13.6,21,28,0.01,1,237
"403",0,0,0,0,0,0,0,1,0,0,0,0,0,0,0,1,0,0,0,2022,49.4,46.9,3.6,15.5,22,28,0.04,1,329
"404",0,0,0,0,0,0,0,1,0,0,0,0,0,1,0,0,0,0,0,2022,46.5,30,8.5,18.1,29.9,36.9,0,0,259
"405",0,0,0,0,0,0,0,1,0,0,0,0,0,0,0,0,0,1,0,2022,38.5,29.4,8.3,6.9,13,20,0,0,286
"406",0,0,0,0,0,0,0,1,0,0,0,0,0,0,0,0,0,0,1,2022,40.3,35.6,9,8.4,14,18.1,0.24,0,268
"407",0,0,0,0,0,0,0,1,0,0,0,0,0,0,0,0,1,0,0,2022,39.8,34.6,9.6,5.2,11.1,999.9,0,0,329
"408",0,0,0,0,0,0,0,1,0,0,0,0,1,0,0,0,0,0,0,2022,47.2,45.5,4.1,12.4,27,38.1,0.12,1,253
"409",0,0,0,0,0,0,0,1,0,0,0,0,0,0,1,0,0,0,0,2022,30.7,15,8.6,22,29.9,44.1,0.89,0,274
"410",0,0,0,0,0,0,0,1,0,0,0,0,0,0,0,1,0,0,0,2022,40.7,28.9,10,13.2,22,31.1,0,0,311
"411",0,0,0,0,0,0,0,1,0,0,0,0,0,1,0,0,0,0,0,2022,45.2,40.2,10,9.7,15.9,999.9,0,0,295
"412",0,0,0,0,0,0,0,1,0,0,0,0,0,0,0,0,0,1,0,2022,45.7,39.5,9.5,7.7,14,999.9,0,1,311
"413",0,0,0,0,0,0,0,1,0,0,0,0,0,0,0,0,0,0,1,2022,46.1,43.7,6.2,9.5,14,999.9,0,0,279
"414",0,0,0,0,0,0,0,1,0,0,0,0,0,0,0,0,1,0,0,2022,50,47.8,3.6,8.1,13,999.9,0.15,1,362
"415",0,0,0,0,0,0,0,1,0,0,0,0,1,0,0,0,0,0,0,2022,48.9,47.8,0.7,10.6,17.1,24.1,0,1,287
"416",0,0,0,0,0,0,0,1,0,0,0,0,0,0,1,0,0,0,0,2022,51.8,48.1,4.4,9.8,18.1,25.1,0.14,1,259
"417",0,0,0,0,0,0,0,1,0,0,0,0,0,0,0,1,0,0,0,2022,48.7,36.2,10,14.9,22.9,29.9,0.02,0,292
"418",0,0,0,0,0,0,0,1,0,0,0,0,0,1,0,0,0,0,0,2022,46.2,24.9,10,12.7,18.1,26,0,0,290
"419",0,0,0,0,0,0,0,1,0,0,0,0,0,0,0,0,0,1,0,2022,41,24.3,10,9.2,18.1,25.1,0,0,273
"420",0,0,0,0,0,0,0,1,0,0,0,0,0,0,0,0,0,0,1,2022,43.7,39.1,5.3,16.4,28.9,36.9,0.52,1,266
"421",0,0,0,0,0,0,0,1,0,0,0,0,0,0,0,0,1,0,0,2022,48.4,46.2,4.9,10.8,19,26,0.51,1,307
"422",0,0,0,0,0,0,0,1,0,0,0,0,1,0,0,0,0,0,0,2022,47.1,41.2,9.8,10,14,999.9,0.04,0,288
"423",0,0,0,0,0,0,0,1,0,0,0,0,0,0,1,0,0,0,0,2022,45.5,37.3,10,15.8,21,28.9,0.02,0,267
"424",0,0,0,0,0,0,0,1,0,0,0,0,0,0,0,1,0,0,0,2022,34.1,13.6,10,15.1,21,31.1,0.01,0,299
"425",0,0,0,0,0,0,0,1,0,0,0,0,0,1,0,0,0,0,0,2022,30.5,9,10,13.8,17.1,25.1,0,0,272
"426",0,0,0,0,0,0,0,1,0,0,0,0,0,0,0,0,0,1,0,2022,38.1,14.3,10,14.7,20,27,0,0,285
"427",0,0,0,0,0,0,0,1,0,0,0,0,0,0,0,0,0,0,1,2022,49.2,42.6,8.3,14.6,22.9,32.1,0,0,281
"428",1,0,0,0,0,0,0,0,0,0,0,0,0,0,0,0,1,0,0,2022,53.1,49.4,4.9,18.5,28,39,0.33,1,290
"429",1,0,0,0,0,0,0,0,0,0,0,0,1,0,0,0,0,0,0,2022,45.2,28.3,10,16.5,25.1,31.1,0.13,0,277
"430",1,0,0,0,0,0,0,0,0,0,0,0,0,0,1,0,0,0,0,2022,44.5,38.3,9.8,8.3,13,999.9,0,0,257
"431",1,0,0,0,0,0,0,0,0,0,0,0,0,0,0,1,0,0,0,2022,45,35.8,10,12.3,18.1,22.9,0.17,0,289
"432",1,0,0,0,0,0,0,0,0,0,0,0,0,1,0,0,0,0,0,2022,46.8,36.3,10,8.3,13,999.9,0,0,252
"433",1,0,0,0,0,0,0,0,0,0,0,0,0,0,0,0,0,1,0,2022,46.9,44.3,6.8,12.5,20,28,0.31,0,253
"434",1,0,0,0,0,0,0,0,0,0,0,0,0,0,0,0,0,0,1,2022,49.3,41,10,14.3,20,32.1,0.2,0,283
"435",1,0,0,0,0,0,0,0,0,0,0,0,0,0,0,0,1,0,0,2022,50.5,46.7,5.8,18.7,26,36.9,0.08,1,343
"436",1,0,0,0,0,0,0,0,0,0,0,0,1,0,0,0,0,0,0,2022,48.8,44.2,8.9,9.3,18.1,999.9,0,1,293
"437",1,0,0,0,0,0,0,0,0,0,0,0,0,0,1,0,0,0,0,2022,49.1,37.9,10,12.4,20,28.9,0,0,285
"438",1,0,0,0,0,0,0,0,0,0,0,0,0,0,0,1,0,0,0,2022,48.6,33.1,10,13.6,17.1,27,0,0,283
"439",1,0,0,0,0,0,0,0,0,0,0,0,0,1,0,0,0,0,0,2022,50.8,44.3,9.9,10.6,15.9,18.1,0,0,312
"440",1,0,0,0,0,0,0,0,0,0,0,0,0,0,0,0,0,1,0,2022,52,43.3,10,7.1,13,999.9,0.03,0,296
"441",1,0,0,0,0,0,0,0,0,0,0,0,0,0,0,0,0,0,1,2022,54.3,50.6,6.8,7.6,14,999.9,0,1,331
"442",1,0,0,0,0,0,0,0,0,0,0,0,0,0,0,0,1,0,0,2022,52.3,42.6,9.5,11.4,15.9,18.1,0.07,0,292
"443",1,0,0,0,0,0,0,0,0,0,0,0,1,0,0,0,0,0,0,2022,53,45.4,10,15.2,19,24.1,0,0,282
"444",1,0,0,0,0,0,0,0,0,0,0,0,0,0,1,0,0,0,0,2022,48.8,39.8,9.6,11.9,22,28.9,0.21,0,241
"445",1,0,0,0,0,0,0,0,0,0,0,0,0,0,0,1,0,0,0,2022,47,31.5,10,10.6,15.9,20,0,0,239
"446",1,0,0,0,0,0,0,0,0,0,0,0,0,1,0,0,0,0,0,2022,49.6,43.5,7.3,25.4,41,54,0.64,0,256
"447",1,0,0,0,0,0,0,0,0,0,0,0,0,0,0,0,0,1,0,2022,49.7,34.5,10,18.4,22.9,29.9,0,0,282
"448",1,0,0,0,0,0,0,0,0,0,0,0,0,0,0,0,0,0,1,2022,47.7,41.6,9.8,9.5,15.9,999.9,0,0,237
"449",1,0,0,0,0,0,0,0,0,0,0,0,0,0,0,0,1,0,0,2022,55.7,44.1,10,11.8,15,19,0,0,276
"450",1,0,0,0,0,0,0,0,0,0,0,0,1,0,0,0,0,0,0,2022,49.6,34.7,10,6.8,11.1,999.9,0,0,285
"451",1,0,0,0,0,0,0,0,0,0,0,0,0,0,1,0,0,0,0,2022,48.7,35,10,9.7,17.1,22.9,0,0,271
"452",1,0,0,0,0,0,0,0,0,0,0,0,0,0,0,1,0,0,0,2022,47.8,34.1,10,5.5,11.1,15.9,0,0,256
"453",1,0,0,0,0,0,0,0,0,0,0,0,0,1,0,0,0,0,0,2022,49,43.3,10,10.1,15,999.9,0,0,244
"454",1,0,0,0,0,0,0,0,0,0,0,0,0,0,0,0,0,1,0,2022,55.2,47.3,9.3,12.9,20,28.9,0.01,0,314
"455",1,0,0,0,0,0,0,0,0,0,0,0,0,0,0,0,0,0,1,2022,48.5,28,10,15.6,21,28.9,0,0,348
"456",1,0,0,0,0,0,0,0,0,0,0,0,0,0,0,0,1,0,0,2022,49.1,22.6,10,15.2,21,27,0,0,361
"457",1,0,0,0,0,0,0,0,0,0,0,0,1,0,0,0,0,0,0,2022,48.7,32.7,10,11.4,19,25.1,0,0,321
"458",0,0,0,0,0,0,0,0,1,0,0,0,0,0,1,0,0,0,0,2022,52.2,40.4,10,7.8,11.1,999.9,0,0,278
"459",0,0,0,0,0,0,0,0,1,0,0,0,0,0,0,1,0,0,0,2022,49.2,43.3,9.5,10.9,17.1,21,0,0,282
"460",0,0,0,0,0,0,0,0,1,0,0,0,0,1,0,0,0,0,0,2022,51.3,45.7,8.3,12.4,17.1,22.9,0.56,0,282
"461",0,0,0,0,0,0,0,0,1,0,0,0,0,0,0,0,0,1,0,2022,52.1,49,7.1,8.2,17.1,999.9,0.01,1,251
"462",0,0,0,0,0,0,0,0,1,0,0,0,0,0,0,0,0,0,1,2022,55.6,48.8,8.3,9.6,15,19,1.58,1,351
"463",0,0,0,0,0,0,0,0,1,0,0,0,0,0,0,0,1,0,0,2022,53,47.6,9.8,5.9,9.9,999.9,0,0,365
"464",0,0,0,0,0,0,0,0,1,0,0,0,1,0,0,0,0,0,0,2022,50.1,46.4,8.9,12.6,25.1,34,0.43,0,293
"465",0,0,0,0,0,0,0,0,1,0,0,0,0,0,1,0,0,0,0,2022,48.6,37.7,9.9,21.5,29.9,40,0.07,0,260
"466",0,0,0,0,0,0,0,0,1,0,0,0,0,0,0,1,0,0,0,2022,49,34,10,24.1,31.1,42.9,0,0,295
"467",0,0,0,0,0,0,0,0,1,0,0,0,0,1,0,0,0,0,0,2022,50,38.5,9.5,23,28.9,38.1,0,0,296
"468",0,0,0,0,0,0,0,0,1,0,0,0,0,0,0,0,0,1,0,2022,49.1,45.8,5.9,20.3,25.1,31.1,0.16,1,300
"469",0,0,0,0,0,0,0,0,1,0,0,0,0,0,0,0,0,0,1,2022,53,50.5,4.3,11,20,25.1,0.03,1,308
"470",0,0,0,0,0,0,0,0,1,0,0,0,0,0,0,0,1,0,0,2022,58.6,56.4,2.4,6.5,11.1,999.9,0,1,332
"471",0,0,0,0,0,0,0,0,1,0,0,0,1,0,0,0,0,0,0,2022,60.3,58.6,1,7.7,11.1,999.9,0,1,277
"472",0,0,0,0,0,0,0,0,1,0,0,0,0,0,1,0,0,0,0,2022,57.9,56.4,2.4,6.5,11.1,999.9,0.34,1,306
"473",0,0,0,0,0,0,0,0,1,0,0,0,0,0,0,1,0,0,0,2022,55.8,54.3,0.9,8.8,13,999.9,0.31,1,298
"474",0,0,0,0,0,0,0,0,1,0,0,0,0,1,0,0,0,0,0,2022,59.1,53.2,8.4,13.6,19,24.1,0.06,1,315
"475",0,0,0,0,0,0,0,0,1,0,0,0,0,0,0,0,0,1,0,2022,59.2,45.4,10,11.5,15.9,21,0,0,336
"476",0,0,0,0,0,0,0,0,1,0,0,0,0,0,0,0,0,0,1,2022,53.9,50.7,8,9.9,15.9,22.9,0,0,321
"477",0,0,0,0,0,0,0,0,1,0,0,0,0,0,0,0,1,0,0,2022,54.7,52.6,6.6,7.5,13,999.9,0.27,1,324
"478",0,0,0,0,0,0,0,0,1,0,0,0,1,0,0,0,0,0,0,2022,60.4,57.5,5.8,11.3,24.1,31.1,0.5,1,349
"479",0,0,0,0,0,0,0,0,1,0,0,0,0,0,1,0,0,0,0,2022,60.7,57.1,6.5,7.8,11.1,999.9,0.48,0,319
"480",0,0,0,0,0,0,0,0,1,0,0,0,0,0,0,1,0,0,0,2022,61.2,53.5,6.6,13,21,27,0,1,334
"481",0,0,0,0,0,0,0,0,1,0,0,0,0,1,0,0,0,0,0,2022,56.3,46.5,10,9.1,14,20,0,0,278
"482",0,0,0,0,0,0,0,0,1,0,0,0,0,0,0,0,0,1,0,2022,53.6,41.6,10,7.7,13,999.9,0,0,304
"483",0,0,0,0,0,0,0,0,1,0,0,0,0,0,0,0,0,0,1,2022,54.7,47.7,10,7.7,11.1,999.9,0,0,310
"484",0,0,0,0,0,0,0,0,1,0,0,0,0,0,0,0,1,0,0,2022,61,58.3,6.9,12.3,17.1,999.9,0,1,315
"485",0,0,0,0,0,0,0,0,1,0,0,0,1,0,0,0,0,0,0,2022,61.8,60.5,1.6,13.5,19,26,0.02,1,293
"486",0,0,0,0,0,0,0,0,1,0,0,0,0,0,1,0,0,0,0,2022,63.8,56.2,8.7,7.9,11.1,999.9,0,1,282
"487",0,0,0,0,0,0,0,0,1,0,0,0,0,0,0,1,0,0,0,2022,60.6,56.6,8.1,7.6,13,999.9,0,1,255
"488",0,0,0,0,0,0,0,0,1,0,0,0,0,1,0,0,0,0,0,2022,64.3,57.4,9.9,13.3,18.1,22,0,0,354
"489",0,0,0,0,0,0,1,0,0,0,0,0,0,0,0,0,0,1,0,2022,57.9,50.6,10,5.9,11.1,999.9,0.04,0,312
"490",0,0,0,0,0,0,1,0,0,0,0,0,0,0,0,0,0,0,1,2022,60.9,55.8,9.1,7.5,11.1,999.9,0,1,317
"491",0,0,0,0,0,0,1,0,0,0,0,0,0,0,0,0,1,0,0,2022,60.4,57.2,9.5,7.8,14,999.9,0,0,320
"492",0,0,0,0,0,0,1,0,0,0,0,0,1,0,0,0,0,0,0,2022,59,55.7,6.5,8.1,12,999.9,0.01,1,300
"493",0,0,0,0,0,0,1,0,0,0,0,0,0,0,1,0,0,0,0,2022,62.6,51.2,8.7,8.7,15,999.9,0,1,299
"494",0,0,0,0,0,0,1,0,0,0,0,0,0,0,0,1,0,0,0,2022,63.2,52.3,10,6.1,9.9,999.9,0,0,311
"495",0,0,0,0,0,0,1,0,0,0,0,0,0,1,0,0,0,0,0,2022,62.7,57.9,9.2,8.2,12,999.9,0,0,307
"496",0,0,0,0,0,0,1,0,0,0,0,0,0,0,0,0,0,1,0,2022,63.9,61.4,5.9,13.6,19,26,0.12,1,311
"497",0,0,0,0,0,0,1,0,0,0,0,0,0,0,0,0,0,0,1,2022,64.7,63.6,0.9,10.9,21,28,0.7,1,317
"498",0,0,0,0,0,0,1,0,0,0,0,0,0,0,0,0,1,0,0,2022,65.1,58.4,9.6,9.2,15.9,20,0.08,0,366
"499",0,0,0,0,0,0,1,0,0,0,0,0,1,0,0,0,0,0,0,2022,66.5,60.3,9.4,6.5,13,999.9,0,0,308
"500",0,0,0,0,0,0,1,0,0,0,0,0,0,0,1,0,0,0,0,2022,65,63.2,6.9,7.2,12,999.9,0.01,1,275
"501",0,0,0,0,0,0,1,0,0,0,0,0,0,0,0,1,0,0,0,2022,67.4,64.3,7.7,9.5,14,20,0.77,1,319
"502",0,0,0,0,0,0,1,0,0,0,0,0,0,1,0,0,0,0,0,2022,69.7,59.6,8.8,8.7,13,999.9,0.08,1,315
"503",0,0,0,0,0,0,1,0,0,0,0,0,0,0,0,0,0,1,0,2022,66,57.5,10,10.8,17.1,999.9,0,0,361
"504",0,0,0,0,0,0,1,0,0,0,0,0,0,0,0,0,0,0,1,2022,60.9,55.5,10,6.6,13,999.9,0,0,302
"505",0,0,0,0,0,0,1,0,0,0,0,0,0,0,0,0,1,0,0,2022,65.9,63.8,5.3,12.9,17.1,22.9,0.03,1,369
"506",0,0,0,0,0,0,1,0,0,0,0,0,1,0,0,0,0,0,0,2022,66.7,58.8,8,7.7,15.9,22.9,0.06,1,317
"507",0,0,0,0,0,0,1,0,0,0,0,0,0,0,1,0,0,0,0,2022,58.2,50.4,9,11,17.1,22,0.5,0,305
"508",0,0,0,0,0,0,1,0,0,0,0,0,0,0,0,1,0,0,0,2022,61.9,50,10,6.9,13,999.9,0.03,0,281
"509",0,0,0,0,0,0,1,0,0,0,0,0,0,1,0,0,0,0,0,2022,61.3,54.6,10,10,15.9,999.9,0,0,317
"510",0,0,0,0,0,0,1,0,0,0,0,0,0,0,0,0,0,1,0,2022,62.5,56.6,10,11.8,17.1,22,0,0,265
"511",0,0,0,0,0,0,1,0,0,0,0,0,0,0,0,0,0,0,1,2022,64.5,57.9,10,10.3,18.1,19,0,0,298
"512",0,0,0,0,0,0,1,0,0,0,0,0,0,0,0,0,1,0,0,2022,63.1,57.4,10,6.6,12,17.1,0,0,355
"513",0,0,0,0,0,0,1,0,0,0,0,0,1,0,0,0,0,0,0,2022,68.6,64.9,8.7,7,9.9,999.9,0,0,364
"514",0,0,0,0,0,0,1,0,0,0,0,0,0,0,1,0,0,0,0,2022,67.4,65.2,4.8,5.7,9.9,999.9,0,1,343
"515",0,0,0,0,0,0,1,0,0,0,0,0,0,0,0,1,0,0,0,2022,69.2,65.6,9.6,11.1,17.1,21,0,0,303
"516",0,0,0,0,0,0,1,0,0,0,0,0,0,1,0,0,0,0,0,2022,68.2,61.4,9.8,7,13,18.1,0.06,0,295
"517",0,0,0,0,0,0,1,0,0,0,0,0,0,0,0,0,0,1,0,2022,66.8,62.2,9.1,5.1,8,999.9,0.04,1,304
"518",0,0,0,0,0,0,1,0,0,0,0,0,0,0,0,0,0,0,1,2022,70.6,60.9,9,7.4,14,19,0,1,322
"519",0,0,0,0,0,1,0,0,0,0,0,0,0,0,0,0,1,0,0,2022,69.7,66,8.7,10,15,999.9,0,1,316
"520",0,0,0,0,0,1,0,0,0,0,0,0,1,0,0,0,0,0,0,2022,70.7,69,4.8,12.7,17.1,26,0,1,276
"521",0,0,0,0,0,1,0,0,0,0,0,0,0,0,1,0,0,0,0,2022,71.3,67.3,6.6,7.3,11.1,999.9,1.65,0,250
"522",0,0,0,0,0,1,0,0,0,0,0,0,0,0,0,1,0,0,0,2022,72.1,59.1,9.9,9,15.9,999.9,0.01,0,255
"523",0,0,0,0,0,1,0,0,0,0,0,0,0,1,0,0,0,0,0,2022,69.7,65.2,10,9.7,14,999.9,0,0,283
"524",0,0,0,0,0,1,0,0,0,0,0,0,0,0,0,0,0,1,0,2022,73.2,67.1,8.8,12.3,17.1,24.1,0.03,0,290
"525",0,0,0,0,0,1,0,0,0,0,0,0,0,0,0,0,0,0,1,2022,68,60.7,9.6,6.8,13,999.9,0.04,0,285
"526",0,0,0,0,0,1,0,0,0,0,0,0,0,0,0,0,1,0,0,2022,68,62,10,7,8.9,999.9,0,0,296
"527",0,0,0,0,0,1,0,0,0,0,0,0,1,0,0,0,0,0,0,2022,71.9,63.8,10,10.3,18.1,999.9,0,0,259
"528",0,0,0,0,0,1,0,0,0,0,0,0,0,0,1,0,0,0,0,2022,67.5,56.5,10,5,8.9,999.9,0,0,250
"529",0,0,0,0,0,1,0,0,0,0,0,0,0,0,0,1,0,0,0,2022,68.1,61.2,10,8.3,12,999.9,0,0,279
"530",0,0,0,0,0,1,0,0,0,0,0,0,0,1,0,0,0,0,0,2022,71.3,66,9.9,12.1,17.1,999.9,0,0,267
"531",0,0,0,0,0,1,0,0,0,0,0,0,0,0,0,0,0,1,0,2022,75.4,69.8,7.9,8.4,15.9,999.9,0,0,307
"532",0,0,0,0,0,1,0,0,0,0,0,0,0,0,0,0,0,0,1,2022,71.8,69.1,5.1,4.6,9.9,999.9,0,1,271
"533",0,0,0,0,0,1,0,0,0,0,0,0,0,0,0,0,1,0,0,2022,73.1,67.2,7.5,5.6,11.1,999.9,0,1,312
"534",0,0,0,0,0,1,0,0,0,0,0,0,1,0,0,0,0,0,0,2022,69.9,65.8,8.1,5.6,11.1,999.9,0,1,277
"535",0,0,0,0,0,1,0,0,0,0,0,0,0,0,1,0,0,0,0,2022,73.9,70.9,7.1,6.4,13,999.9,0,1,281
"536",0,0,0,0,0,1,0,0,0,0,0,0,0,0,0,1,0,0,0,2022,73.1,72.1,1.2,6.9,12,999.9,0,1,303
"537",0,0,0,0,0,1,0,0,0,0,0,0,0,1,0,0,0,0,0,2022,76,70.7,7.3,15.3,20,29.9,0,0,292
"538",0,0,0,0,0,1,0,0,0,0,0,0,0,0,0,0,0,1,0,2022,77.1,71.4,7.4,9.4,14,999.9,0,0,290
"539",0,0,0,0,0,1,0,0,0,0,0,0,0,0,0,0,0,0,1,2022,74.5,73,1.9,9.6,15,999.9,0,1,297
"540",0,0,0,0,0,1,0,0,0,0,0,0,0,0,0,0,1,0,0,2022,78.4,72.6,6.4,6.8,9.9,999.9,0,0,334
"541",0,0,0,0,0,1,0,0,0,0,0,0,1,0,0,0,0,0,0,2022,76.7,73.7,3.9,8.3,13,999.9,0,1,305
"542",0,0,0,0,0,1,0,0,0,0,0,0,0,0,1,0,0,0,0,2022,76.5,74.6,1.9,9.5,14,999.9,0,1,265
"543",0,0,0,0,0,1,0,0,0,0,0,0,0,0,0,1,0,0,0,2022,77.2,74.5,4.9,14.5,17.1,24.1,0,0,279
"544",0,0,0,0,0,1,0,0,0,0,0,0,0,1,0,0,0,0,0,2022,76.6,70,8.4,7.5,15.9,21,0.23,0,276
"545",0,0,0,0,0,1,0,0,0,0,0,0,0,0,0,0,0,1,0,2022,74.7,64.5,10,6.8,11.1,999.9,0.04,0,287
"546",0,0,0,0,0,1,0,0,0,0,0,0,0,0,0,0,0,0,1,2022,74.5,70.5,9.8,7.6,13,999.9,0,0,298
"547",0,0,0,0,0,1,0,0,0,0,0,0,0,0,0,0,1,0,0,2022,78.8,72.8,6.2,8.5,14,999.9,0,1,310
"548",0,0,0,0,0,1,0,0,0,0,0,0,1,0,0,0,0,0,0,2022,76.5,70.2,8.3,9.3,17.1,24.1,0.54,0,306
"549",0,0,0,0,0,1,0,0,0,0,0,0,0,0,1,0,0,0,0,2022,74.8,64.8,10,6.3,9.9,999.9,0,0,288
"550",0,1,0,0,0,0,0,0,0,0,0,0,0,0,0,1,0,0,0,2022,72.7,68.6,9.3,6.1,11.1,999.9,0.03,0,294
"551",0,1,0,0,0,0,0,0,0,0,0,0,0,1,0,0,0,0,0,2022,74.8,71.6,8,7.5,13,999.9,0.13,0,293
"552",0,1,0,0,0,0,0,0,0,0,0,0,0,0,0,0,0,1,0,2022,77.7,72.5,7.9,7,14,18.1,0,0,324
"553",0,1,0,0,0,0,0,0,0,0,0,0,0,0,0,0,0,0,1,2022,75.6,74,2.9,6.6,13,999.9,0,1,299
"554",0,1,0,0,0,0,0,0,0,0,0,0,0,0,0,0,1,0,0,2022,77.9,75.4,4.2,9.5,15.9,21,0,1,323
"555",0,1,0,0,0,0,0,0,0,0,0,0,1,0,0,0,0,0,0,2022,78.3,75.9,7.2,7.2,12,999.9,0,1,313
"556",0,1,0,0,0,0,0,0,0,0,0,0,0,0,1,0,0,0,0,2022,79.1,75.7,8.6,11.9,18.1,22,0,0,267
"557",0,1,0,0,0,0,0,0,0,0,0,0,0,0,0,1,0,0,0,2022,79.6,75.5,8.5,14,19,22,0,0,318
"558",0,1,0,0,0,0,0,0,0,0,0,0,0,1,0,0,0,0,0,2022,80.4,76.3,7.9,14,17.1,24.1,0,0,284
"559",0,1,0,0,0,0,0,0,0,0,0,0,0,0,0,0,0,1,0,2022,76.5,72.6,8.4,9.6,15,999.9,0.02,0,262
"560",0,1,0,0,0,0,0,0,0,0,0,0,0,0,0,0,0,0,1,2022,71.4,68.1,9.5,4.9,13,999.9,0.01,0,287
"561",0,1,0,0,0,0,0,0,0,0,0,0,0,0,0,0,1,0,0,2022,70.7,67.6,9.6,3.9,9.9,999.9,0.19,0,351
"562",0,1,0,0,0,0,0,0,0,0,0,0,1,0,0,0,0,0,0,2022,71.3,63.8,10,10,15,21,0,0,307
"563",0,1,0,0,0,0,0,0,0,0,0,0,0,0,1,0,0,0,0,2022,70,62.1,10,4.3,8.9,999.9,0,0,305
"564",0,1,0,0,0,0,0,0,0,0,0,0,0,0,0,1,0,0,0,2022,69.7,62.5,10,6.4,11.1,999.9,0,0,241
"565",0,1,0,0,0,0,0,0,0,0,0,0,0,1,0,0,0,0,0,2022,69.2,63.1,10,9.9,17.1,21,0,0,291
"566",0,1,0,0,0,0,0,0,0,0,0,0,0,0,0,0,0,1,0,2022,70.2,62.5,10,14,19,26,0.08,0,261
"567",0,1,0,0,0,0,0,0,0,0,0,0,0,0,0,0,0,0,1,2022,72.5,62.7,10,12.7,19,22.9,0.01,0,283
"568",0,1,0,0,0,0,0,0,0,0,0,0,0,0,0,0,1,0,0,2022,75.4,68.3,9.7,10.7,14,999.9,0,0,286
"569",0,1,0,0,0,0,0,0,0,0,0,0,1,0,0,0,0,0,0,2022,74.2,70.9,8.8,6.7,11.1,999.9,0,1,310
"570",0,1,0,0,0,0,0,0,0,0,0,0,0,0,1,0,0,0,0,2022,71.3,66.9,6.2,4.9,8.9,999.9,0,1,272
"571",0,1,0,0,0,0,0,0,0,0,0,0,0,0,0,1,0,0,0,2022,71.2,69.8,6.4,8.7,13,999.9,0,1,249
"572",0,1,0,0,0,0,0,0,0,0,0,0,0,1,0,0,0,0,0,2022,74,72,8.1,5,8.9,999.9,0.49,1,273
"573",0,1,0,0,0,0,0,0,0,0,0,0,0,0,0,0,0,1,0,2022,75.2,71,7.7,9.4,15.9,20,0,0,231
"574",0,1,0,0,0,0,0,0,0,0,0,0,0,0,0,0,0,0,1,2022,76.1,72.2,8.7,5.5,9.9,999.9,0,1,277
"575",0,1,0,0,0,0,0,0,0,0,0,0,0,0,0,0,1,0,0,2022,75,72.3,5.1,6.2,11.1,999.9,0,1,297
"576",0,1,0,0,0,0,0,0,0,0,0,0,1,0,0,0,0,0,0,2022,75.2,71.2,8.3,8.9,15,20,0.15,0,306
"577",0,1,0,0,0,0,0,0,0,0,0,0,0,0,1,0,0,0,0,2022,71.4,64.2,9.9,7.4,11.1,18.1,0,0,284
"578",0,1,0,0,0,0,0,0,0,0,0,0,0,0,0,1,0,0,0,2022,70.6,66.3,10,7.2,12,999.9,0,0,259
"579",0,1,0,0,0,0,0,0,0,0,0,0,0,1,0,0,0,0,0,2022,75.2,72.9,8,8,12,999.9,0,1,283
"580",0,1,0,0,0,0,0,0,0,0,0,0,0,0,0,0,0,1,0,2022,76,72,6.6,9.2,15.9,999.9,0,1,293
"581",0,0,0,0,0,0,0,0,0,0,0,1,0,0,0,0,0,0,1,2022,75.4,63.4,10,9.3,14,21,0.03,0,302
"582",0,0,0,0,0,0,0,0,0,0,0,1,0,0,0,0,1,0,0,2022,67.2,55.3,10,7.5,12,999.9,0,0,289
"583",0,0,0,0,0,0,0,0,0,0,0,1,1,0,0,0,0,0,0,2022,65.2,53.6,10,4.7,8,999.9,0,0,299
"584",0,0,0,0,0,0,0,0,0,0,0,1,0,0,1,0,0,0,0,2022,68,60.8,10,5.8,11.1,999.9,0,0,251
"585",0,0,0,0,0,0,0,0,0,0,0,1,0,0,0,1,0,0,0,2022,70.2,62,10,7.1,11.1,999.9,0,0,254
"586",0,0,0,0,0,0,0,0,0,0,0,1,0,1,0,0,0,0,0,2022,69,65.6,10,6.8,12,999.9,0.01,0,340
"587",0,0,0,0,0,0,0,0,0,0,0,1,0,0,0,0,0,1,0,2022,70.3,63.9,10,10.5,17.1,21,0.03,0,261
"588",0,0,0,0,0,0,0,0,0,0,0,1,0,0,0,0,0,0,1,2022,68.7,61.8,10,11.1,19,25.1,0,0,301
"589",0,0,0,0,0,0,0,0,0,0,0,1,0,0,0,0,1,0,0,2022,70.8,62.5,10,10.2,15,19,0,0,364
"590",0,0,0,0,0,0,0,0,0,0,0,1,1,0,0,0,0,0,0,2022,71.7,63.7,9.9,5.4,9.9,999.9,0,0,272
"591",0,0,0,0,0,0,0,0,0,0,0,1,0,0,1,0,0,0,0,2022,72.7,63.8,9.7,4.5,11.1,999.9,0,0,260
"592",0,0,0,0,0,0,0,0,0,0,0,1,0,0,0,1,0,0,0,2022,70.8,66.8,9.6,7.7,13,999.9,0.2,0,314
"593",0,0,0,0,0,0,0,0,0,0,0,1,0,1,0,0,0,0,0,2022,72,70.4,6.8,5.2,13,999.9,0.02,1,325
"594",0,0,0,0,0,0,0,0,0,0,0,1,0,0,0,0,0,1,0,2022,73,65.4,8.8,11.8,19,26,0,0,308
"595",0,0,0,0,0,0,0,0,0,0,0,1,0,0,0,0,0,0,1,2022,69,55.3,10,10.6,19,26,0,0,333
"596",0,0,0,0,0,0,0,0,0,0,0,1,0,0,0,0,1,0,0,2022,66.2,44.7,10,10,22,26,0,0,350
"597",0,0,0,0,0,0,0,0,0,0,0,1,1,0,0,0,0,0,0,2022,62.7,48.3,10,6.4,9.9,999.9,0,0,262
"598",0,0,0,0,0,0,0,0,0,0,0,1,0,0,1,0,0,0,0,2022,71.1,63.8,10,13.6,20,25.1,0,0,295
"599",0,0,0,0,0,0,0,0,0,0,0,1,0,0,0,1,0,0,0,2022,72,68,8.7,9.2,14,999.9,0,0,294
"600",0,0,0,0,0,0,0,0,0,0,0,1,0,1,0,0,0,0,0,2022,69.9,65.8,9.6,9,14,999.9,0,0,288
"601",0,0,0,0,0,0,0,0,0,0,0,1,0,0,0,0,0,1,0,2022,64.7,59,9.8,5.7,8,999.9,0,0,335
"602",0,0,0,0,0,0,0,0,0,0,0,1,0,0,0,0,0,0,1,2022,69.2,65.5,8.7,14,21,32.1,0,0,279
"603",0,0,0,0,0,0,0,0,0,0,0,1,0,0,0,0,1,0,0,2022,60,48.7,10,16.9,24.1,33,1,0,322
"604",0,0,0,0,0,0,0,0,0,0,0,1,1,0,0,0,0,0,0,2022,59.1,41.8,10,18.8,27,35.9,0,0,287
"605",0,0,0,0,0,0,0,0,0,0,0,1,0,0,1,0,0,0,0,2022,64.5,56.9,10,9.7,15.9,999.9,0,0,284
"606",0,0,0,0,0,0,0,0,0,0,0,1,0,0,0,1,0,0,0,2022,69.7,64.3,10,12.9,17.1,999.9,0,0,260
"607",0,0,0,0,0,0,0,0,0,0,0,1,0,1,0,0,0,0,0,2022,68.9,64,9.3,8.8,11.1,999.9,0,0,228
"608",0,0,0,0,0,0,0,0,0,0,0,1,0,0,0,0,0,1,0,2022,64.8,54.1,10,9.2,15.9,21,0,0,284
"609",0,0,0,0,0,0,0,0,0,0,0,1,0,0,0,0,0,0,1,2022,62.9,54.6,10,10.9,18.1,22,0,0,315
"610",0,0,0,0,0,0,0,0,0,0,0,1,0,0,0,0,1,0,0,2022,58.6,49.8,10,9,13,19,0,0,328
"611",0,0,0,0,0,0,0,0,0,0,1,0,1,0,0,0,0,0,0,2022,61.4,58,6.5,11.1,19,28,0.08,0,328
"612",0,0,0,0,0,0,0,0,0,0,1,0,0,0,1,0,0,0,0,2022,60.7,56.3,7.6,20.3,28,39,2.44,0,246
"613",0,0,0,0,0,0,0,0,0,0,1,0,0,0,0,1,0,0,0,2022,57.2,46.1,10,18.5,22.9,34,0.03,0,324
"614",0,0,0,0,0,0,0,0,0,0,1,0,0,1,0,0,0,0,0,2022,60.1,55.8,7.1,18.6,22.9,32.1,0.05,0,270
"615",0,0,0,0,0,0,0,0,0,0,1,0,0,0,0,0,0,1,0,2022,63.2,62.1,2.7,12.6,25.1,34,0.48,1,244
"616",0,0,0,0,0,0,0,0,0,0,1,0,0,0,0,0,0,0,1,2022,61.7,60.3,5.7,10.3,15,20,0.22,1,336
"617",0,0,0,0,0,0,0,0,0,0,1,0,0,0,0,0,1,0,0,2022,61.3,59.6,5.4,6.5,12,999.9,0.01,1,323
"618",0,0,0,0,0,0,0,0,0,0,1,0,1,0,0,0,0,0,0,2022,58,48.4,10,8.2,13,15.9,0,0,305
"619",0,0,0,0,0,0,0,0,0,0,1,0,0,0,1,0,0,0,0,2022,54.6,41.5,10,10.2,19,25.1,0.02,0,243
"620",0,0,0,0,0,0,0,0,0,0,1,0,0,0,0,1,0,0,0,2022,58.5,48.7,10,7.3,14,999.9,0,0,216
"621",0,0,0,0,0,0,0,0,0,0,1,0,0,1,0,0,0,0,0,2022,58.9,53.5,9.8,5.3,9.9,999.9,0,1,278
"622",0,0,0,0,0,0,0,0,0,0,1,0,0,0,0,0,0,1,0,2022,61.8,56.8,9.9,6.7,11.1,999.9,0,0,315
"623",0,0,0,0,0,0,0,0,0,0,1,0,0,0,0,0,0,0,1,2022,64.6,59.1,10,13.4,17.1,22,0,0,304
"624",0,0,0,0,0,0,0,0,0,0,1,0,0,0,0,0,1,0,0,2022,66.7,64.7,4.6,17.1,28,42.9,1.19,1,347
"625",0,0,0,0,0,0,0,0,0,0,1,0,1,0,0,0,0,0,0,2022,62.7,57,7.1,4.2,8.9,999.9,0.08,1,275
"626",0,0,0,0,0,0,0,0,0,0,1,0,0,0,1,0,0,0,0,2022,61.2,57.7,9.3,5.4,9.9,999.9,0,1,248
"627",0,0,0,0,0,0,0,0,0,0,1,0,0,0,0,1,0,0,0,2022,61.4,57.4,9.2,7.1,14,999.9,0,0,263
"628",0,0,0,0,0,0,0,0,0,0,1,0,0,1,0,0,0,0,0,2022,64.5,60.8,8,12.8,22.9,28.9,0.14,0,250
"629",0,0,0,0,0,0,0,0,0,0,1,0,0,0,0,0,0,1,0,2022,57.1,42.9,10,10.8,20,25.1,0,0,286
"630",0,0,0,0,0,0,0,0,0,0,1,0,0,0,0,0,0,0,1,2022,57,41.3,10,14.1,21,28.9,0,0,299
"631",0,0,0,0,0,0,0,0,0,0,1,0,0,0,0,0,1,0,0,2022,59.5,45.3,10,8.4,17.1,999.9,0,0,335
"632",0,0,0,0,0,0,0,0,0,0,1,0,1,0,0,0,0,0,0,2022,54.9,47.2,10,3.5,8,999.9,0,0,326
"633",0,0,0,0,0,0,0,0,0,0,1,0,0,0,1,0,0,0,0,2022,59.7,57.2,7.8,9.1,19,26,0.01,0,241
"634",0,0,0,0,0,0,0,0,0,0,1,0,0,0,0,1,0,0,0,2022,64.9,63.6,2.5,7.5,14,999.9,0.86,1,296
"635",0,0,0,0,0,0,0,0,0,0,1,0,0,1,0,0,0,0,0,2022,68,66.1,5.6,7.1,13,999.9,0.02,1,295
"636",0,0,0,0,0,0,0,0,0,0,1,0,0,0,0,0,0,1,0,2022,68.3,67,4.1,7.2,12,999.9,0.6,1,266
"637",0,0,0,0,0,0,0,0,0,0,1,0,0,0,0,0,0,0,1,2022,65.6,59,6.6,10.9,17.1,22,2.14,1,315
"638",0,0,0,0,0,0,0,0,0,0,1,0,0,0,0,0,1,0,0,2022,55.3,44,10,17.5,22,28.9,0,0,302
"639",0,0,0,0,0,0,0,0,0,0,1,0,1,0,0,0,0,0,0,2022,55.1,46.7,10,10.3,15,22.9,0,0,308
"640",0,0,0,0,0,0,0,0,0,0,1,0,0,0,1,0,0,0,0,2022,53.5,49.4,9.6,4.9,7,999.9,0,1,290
"641",0,0,0,0,0,0,0,0,0,0,1,0,0,0,0,1,0,0,0,2022,56.6,53.8,9.5,5.2,8.9,999.9,0,0,286
"642",0,0,0,0,0,0,0,0,0,1,0,0,0,1,0,0,0,0,0,2022,62.5,60.9,6.9,8.3,12,999.9,0.17,0,279
"643",0,0,0,0,0,0,0,0,0,1,0,0,0,0,0,0,0,1,0,2022,61.1,53.1,9.8,11.7,19,24.1,0.34,0,322
"644",0,0,0,0,0,0,0,0,0,1,0,0,0,0,0,0,0,0,1,2022,54.3,47.6,9.8,4.9,9.9,999.9,0,0,318
"645",0,0,0,0,0,0,0,0,0,1,0,0,0,0,0,0,1,0,0,2022,59.7,56.5,8.1,6.6,11.1,999.9,0,1,287
"646",0,0,0,0,0,0,0,0,0,1,0,0,1,0,0,0,0,0,0,2022,65.2,62.2,9.6,10,13,999.9,0,0,294
"647",0,0,0,0,0,0,0,0,0,1,0,0,0,0,1,0,0,0,0,2022,65.9,63,8.9,11.5,14,999.9,0,0,232
"648",0,0,0,0,0,0,0,0,0,1,0,0,0,0,0,1,0,0,0,2022,66.2,63.4,9.3,12.4,15.9,999.9,0,0,280
"649",0,0,0,0,0,0,0,0,0,1,0,0,0,1,0,0,0,0,0,2022,56.5,35.8,10,17.3,22,31.1,0,0,231
"650",0,0,0,0,0,0,0,0,0,1,0,0,0,0,0,0,0,1,0,2022,49,34.3,10,10.8,18.1,27,0,0,259
"651",0,0,0,0,0,0,0,0,0,1,0,0,0,0,0,0,0,0,1,2022,57.4,50.1,10,12.2,18.1,20,0,0,266
"652",0,0,0,0,0,0,0,0,0,1,0,0,0,0,0,0,1,0,0,2022,63.5,59.6,9.8,9.1,15,999.9,0,0,310
"653",0,0,0,0,0,0,0,0,0,1,0,0,1,0,0,0,0,0,0,2022,66.3,64.1,4.7,16.7,26,35,0.85,0,270
"654",0,0,0,0,0,0,0,0,0,1,0,0,0,0,1,0,0,0,0,2022,59.3,57.1,6,7.6,19,28.9,0.09,1,237
"655",0,0,0,0,0,0,0,0,0,1,0,0,0,0,0,1,0,0,0,2022,46,30,10,13.3,20,28.9,0.42,0,264
"656",0,0,0,0,0,0,0,0,0,1,0,0,0,1,0,0,0,0,0,2022,42.6,29.7,10,4.7,8,999.9,0,0,298
"657",0,0,0,0,0,0,0,0,0,1,0,0,0,0,0,0,0,1,0,2022,54.6,49.7,7.8,15.6,28.9,38.1,0.46,0,303
"658",0,0,0,0,0,0,0,0,0,1,0,0,0,0,0,0,0,0,1,2022,46.9,34.6,9.7,11.3,19,28,0.01,0,290
"659",0,0,0,0,0,0,0,0,0,1,0,0,0,0,0,0,1,0,0,2022,43.7,27.7,10,12.5,22,28,0.08,0,285
"660",0,0,0,0,0,0,0,0,0,1,0,0,1,0,0,0,0,0,0,2022,44.6,27.9,10,13,21,29.9,0,0,319
"661",0,0,0,0,0,0,0,0,0,1,0,0,0,0,1,0,0,0,0,2022,42,23.1,10,13.3,20,29.9,0,0,249
"662",0,0,0,0,0,0,0,0,0,1,0,0,0,0,0,1,0,0,0,2022,36.9,16.5,10,16.1,22.9,35.9,0,0,306
"663",0,0,0,0,0,0,0,0,0,1,0,0,0,1,0,0,0,0,0,2022,48.7,32.1,10,14.9,28,38.1,0,0,306
"664",0,0,0,0,0,0,0,0,0,1,0,0,0,0,0,0,0,1,0,2022,50.2,33.8,10,9.4,17.1,22.9,0,0,297
"665",0,0,0,0,0,0,0,0,0,1,0,0,0,0,0,0,1,0,0,2022,52.6,47,9.3,10.3,18.1,24.1,0,0,233
"666",0,0,0,0,0,0,0,0,0,1,0,0,1,0,0,0,0,0,0,2022,47.2,32.2,10,16.2,22.9,34,0.11,0,247
"667",0,0,0,0,0,0,0,0,0,1,0,0,0,0,1,0,0,0,0,2022,54.9,45.8,9.6,11.6,15.9,22.9,0,0,238
"668",0,0,0,0,0,0,0,0,0,1,0,0,0,0,0,1,0,0,0,2022,56,48.7,9,15.7,22,28.9,0.68,0,254
"669",0,0,0,0,0,0,0,0,0,1,0,0,0,1,0,0,0,0,0,2022,46.8,36.8,10,8.4,18.1,22.9,0.01,0,240
"670",0,0,0,0,0,0,0,0,0,1,0,0,0,0,0,0,0,1,0,2022,49.4,45.6,9,10.8,24.1,32.1,0,0,279
"671",0,0,1,0,0,0,0,0,0,0,0,0,0,0,0,0,0,0,1,2022,47.1,30.6,9,16.8,24.1,34,0.85,0,291
"672",0,0,1,0,0,0,0,0,0,0,0,0,0,0,0,0,1,0,0,2022,42.3,28.4,10,8.3,17.1,25.1,0,0,298
"673",0,0,1,0,0,0,0,0,0,0,0,0,1,0,0,0,0,0,0,2022,54.7,49.5,8.8,14.7,28.9,35.9,0,0,280
"674",0,0,1,0,0,0,0,0,0,0,0,0,0,0,1,0,0,0,0,2022,45.8,31.6,9.6,11.8,20,24.1,0.12,0,255
"675",0,0,1,0,0,0,0,0,0,0,0,0,0,0,0,1,0,0,0,2022,39,29.6,10,4.6,8.9,999.9,0,0,269
"676",0,0,1,0,0,0,0,0,0,0,0,0,0,1,0,0,0,0,0,2022,49.7,45,10,9.7,15.9,999.9,0,0,318
"677",0,0,1,0,0,0,0,0,0,0,0,0,0,0,0,0,0,1,0,2022,53.6,51.3,7.3,10.5,15.9,999.9,0.15,0,298
"678",0,0,1,0,0,0,0,0,0,0,0,0,0,0,0,0,0,0,1,2022,51.4,40.1,10,16.6,22.9,31.1,0.58,1,286
"679",0,0,1,0,0,0,0,0,0,0,0,0,0,0,0,0,1,0,0,2022,45.2,30.3,10,18.9,22.9,33,0,0,305
"680",0,0,1,0,0,0,0,0,0,0,0,0,1,0,0,0,0,0,0,2022,44.4,37.1,8.8,19.3,24.1,34,0,0,253
"681",0,0,1,0,0,0,0,0,0,0,0,0,0,0,1,0,0,0,0,2022,42.4,35.3,9.8,12.3,19,26,0.02,0,234
"682",0,0,1,0,0,0,0,0,0,0,0,0,0,0,0,1,0,0,0,2022,40.7,32.5,9.9,16,22,31.1,0.01,0,282
"683",0,0,1,0,0,0,0,0,0,0,0,0,0,1,0,0,0,0,0,2022,37.7,25.7,10,12.2,17.1,27,0.01,0,302
"684",0,0,1,0,0,0,0,0,0,0,0,0,0,0,0,0,0,1,0,2022,36.1,20.7,10,18.3,28,35.9,0,0,261
"685",0,0,1,0,0,0,0,0,0,0,0,0,0,0,0,0,0,0,1,2022,43.6,36.1,9.1,13.2,24.1,29.9,0,0,335
"686",0,0,1,0,0,0,0,0,0,0,0,0,0,0,0,0,1,0,0,2022,48.6,44.3,7.6,15.8,24.1,35.9,0.28,0,373
"687",0,0,1,0,0,0,0,0,0,0,0,0,1,0,0,0,0,0,0,2022,43.8,34.7,9.8,18,26,34,0.31,1,278
"688",0,0,1,0,0,0,0,0,0,0,0,0,0,0,1,0,0,0,0,2022,40.1,27.6,10,10.1,15,24.1,0,0,241
"689",0,0,1,0,0,0,0,0,0,0,0,0,0,0,0,1,0,0,0,2022,38.9,24.3,10,14.8,20,27,0,0,277
"690",0,0,1,0,0,0,0,0,0,0,0,0,0,1,0,0,0,0,0,2022,36.9,24.9,10,14.2,19,28,0,0,266
"691",0,0,1,0,0,0,0,0,0,0,0,0,0,0,0,0,0,1,0,2022,38.1,30.1,10,5.4,9.9,999.9,0,0,268
"692",0,0,1,0,0,0,0,0,0,0,0,0,0,0,0,0,0,0,1,2022,38.6,33.2,10,7.1,18.1,24.1,0,0,290
"693",0,0,1,0,0,0,0,0,0,0,0,0,0,0,0,0,1,0,0,2022,53.7,49.5,6.2,26.1,35.9,49.9,0.03,0,311
"694",0,0,1,0,0,0,0,0,0,0,0,0,1,0,0,0,0,0,0,2022,27.5,20.1,4.5,26.4,39,51.1,0.11,0,267
"695",0,0,1,0,0,0,0,0,0,0,0,0,0,1,0,0,0,0,0,2022,36.5,24.7,10,10.9,15.9,22,0,0,213
"696",0,0,1,0,0,0,0,0,0,0,0,0,0,0,0,0,0,1,0,2022,38.3,27.4,10,6.7,15.9,999.9,0,0,221
"697",0,0,1,0,0,0,0,0,0,0,0,0,0,0,0,0,0,0,1,2022,46.2,40.6,9.9,8.1,12,999.9,0,0,203
"698",0,0,1,0,0,0,0,0,0,0,0,0,0,0,0,0,1,0,0,2022,48.3,43.9,9,8.6,11.1,999.9,0,0,299
"699",0,0,1,0,0,0,0,0,0,0,0,0,1,0,0,0,0,0,0,2022,52,50.7,2,9.9,15,999.9,0,1,249
"700",0,0,0,0,1,0,0,0,0,0,0,0,0,0,1,0,0,0,0,2023,50.3,46.4,6.2,12.4,17.1,24.1,0.63,1,275
"701",0,0,0,0,1,0,0,0,0,0,0,0,0,0,0,1,0,0,0,2023,45.8,37.9,10,7.6,13,21,0.2,0,206
"702",0,0,0,0,1,0,0,0,0,0,0,0,0,1,0,0,0,0,0,2023,45.6,43.3,5.8,7.3,17.1,22.9,0,1,225
"703",0,0,0,0,1,0,0,0,0,0,0,0,0,0,0,0,0,1,0,2023,52.4,50.6,3.4,8,13,999.9,0.23,1,251
"704",0,0,0,0,1,0,0,0,0,0,0,0,0,0,0,0,0,0,1,2023,49,48.3,2.1,10.3,17.1,999.9,0.16,1,235
"705",0,0,0,0,1,0,0,0,0,0,0,0,0,0,0,0,1,0,0,2023,46.6,45.3,3.7,9,15.9,999.9,0.1,0,234
"706",0,0,0,0,1,0,0,0,0,0,0,0,0,0,0,1,0,0,0,2023,41.1,35,9.8,8.2,14,999.9,0,0,242
"707",0,0,0,0,1,0,0,0,0,0,0,0,0,1,0,0,0,0,0,2023,39.3,27.7,10,9.7,15.9,22.9,0.02,0,252
"708",0,0,0,0,1,0,0,0,0,0,0,0,0,0,0,0,0,1,0,2023,37.5,26.5,10,6.9,28,999.9,0,0,216
"709",0,0,0,0,1,0,0,0,0,0,0,0,0,0,0,0,0,0,1,2023,39.6,34.7,10,10.4,18.1,21,0,0,280
"710",0,0,0,0,1,0,0,0,0,0,0,0,0,0,0,0,1,0,0,2023,50,48.9,4.5,14.4,20,28,0.18,1,299
"711",0,0,0,0,1,0,0,0,0,0,0,0,1,0,0,0,0,0,0,2023,42.5,41.2,5.7,15.4,24.1,32.1,0.7,1,248
"712",0,0,0,0,1,0,0,0,0,0,0,0,0,0,0,1,0,0,0,2023,36.2,33,7.8,21.2,31.1,41,0.39,0,217
"713",0,0,0,0,1,0,0,0,0,0,0,0,0,1,0,0,0,0,0,2023,37.3,30.8,10,12.3,19,22.9,0.01,0,256
"714",0,0,0,0,1,0,0,0,0,0,0,0,0,0,0,0,0,1,0,2023,44.4,38.3,9.9,11.6,15,999.9,0,0,258
"715",0,0,0,0,1,0,0,0,0,0,0,0,0,0,0,0,0,0,1,2023,40.7,34.1,9.5,8.4,15.9,20,0,0,298
"716",0,0,0,0,1,0,0,0,0,0,0,0,0,0,0,0,1,0,0,2023,41.9,40.8,5.5,11.8,19,25.1,0.82,0,235
"717",0,0,0,0,1,0,0,0,0,0,0,0,1,0,0,0,0,0,0,2023,36.7,30.7,9.5,9.9,15,19,0.03,0,230
"718",0,0,0,0,1,0,0,0,0,0,0,0,0,0,1,0,0,0,0,2023,36.2,27.7,10,6.6,15.9,999.9,0,0,243
"719",0,0,0,0,1,0,0,0,0,0,0,0,0,0,0,1,0,0,0,2023,45.2,44.4,2.9,13.2,19,26,0.67,1,254
"720",0,0,0,0,1,0,0,0,0,0,0,0,0,1,0,0,0,0,0,2023,36.3,27.4,9.8,15.2,21,28.9,0.04,0,235
"721",0,0,0,0,1,0,0,0,0,0,0,0,0,0,0,0,0,1,0,2023,36.9,27.8,10,7.3,18.1,999.9,0,0,256
"722",0,0,0,0,1,0,0,0,0,0,0,0,0,0,0,0,0,0,1,2023,47.6,43.3,5.5,22.4,29.9,40,0.85,0,256
"723",0,0,0,0,1,0,0,0,0,0,0,0,0,0,0,0,1,0,0,2023,38.4,25,9.9,10.7,22.9,32.1,0.01,0,235
"724",0,0,0,0,1,0,0,0,0,0,0,0,1,0,0,0,0,0,0,2023,39.7,31.7,10,8.1,17.1,999.9,0,0,260
"725",0,0,0,0,1,0,0,0,0,0,0,0,0,0,1,0,0,0,0,2023,43.9,39.6,9.6,9.3,17.1,999.9,0,0,215
"726",0,0,0,0,1,0,0,0,0,0,0,0,0,0,0,1,0,0,0,2023,44.6,39.2,9.4,7.9,14,26,0.02,1,232
"727",0,0,0,0,1,0,0,0,0,0,0,0,0,1,0,0,0,0,0,2023,38.2,34.6,7.6,9.5,17.1,22,0,1,261
"728",0,0,0,1,0,0,0,0,0,0,0,0,0,0,0,0,0,1,0,2023,30.8,21.4,8.4,10.3,14,22.9,0.02,0,256
"729",0,0,0,1,0,0,0,0,0,0,0,0,0,0,0,0,0,0,1,2023,28.2,17.2,10,6,13,19,0,0,263
"730",0,0,0,1,0,0,0,0,0,0,0,0,0,0,0,0,1,0,0,2023,30.4,12.1,10,20.7,31.1,45.1,0,0,307
"731",0,0,0,1,0,0,0,0,0,0,0,0,1,0,0,0,0,0,0,2023,6.2,-10.4,10,19.3,28.9,45.1,0,0,222
"732",0,0,0,1,0,0,0,0,0,0,0,0,0,0,1,0,0,0,0,2023,36.3,27.4,9.4,13.5,18.1,24.1,0,0,207
"733",0,0,0,1,0,0,0,0,0,0,0,0,0,0,0,1,0,0,0,2023,42.3,38.1,6.8,11.1,24.1,35.9,0,1,255
"734",0,0,0,1,0,0,0,0,0,0,0,0,0,1,0,0,0,0,0,2023,34.6,25.5,10,17.6,27,38.1,0,0,258
"735",0,0,0,1,0,0,0,0,0,0,0,0,0,0,0,0,0,1,0,2023,40.8,33.6,9.2,10.7,14,20,0.05,0,237
"736",0,0,0,1,0,0,0,0,0,0,0,0,0,0,0,0,0,0,1,2023,39.9,31.4,10,6.7,13,999.9,0,0,238
"737",0,0,0,1,0,0,0,0,0,0,0,0,0,0,0,0,1,0,0,2023,48.1,43.5,7.1,14.8,22,29.9,0,1,297
"738",0,0,0,1,0,0,0,0,0,0,0,0,1,0,0,0,0,0,0,2023,40.5,24.6,10,13,22,28.9,0,0,261
"739",0,0,0,1,0,0,0,0,0,0,0,0,0,0,1,0,0,0,0,2023,38.2,31.9,10,7.1,13,999.9,0,0,209
"740",0,0,0,1,0,0,0,0,0,0,0,0,0,0,0,1,0,0,0,2023,42.2,38.9,7.8,14.6,21,29.9,0.53,0,264
"741",0,0,0,1,0,0,0,0,0,0,0,0,0,1,0,0,0,0,0,2023,40.3,31.9,9.4,7.9,19,24.1,0.14,0,259
"742",0,0,0,1,0,0,0,0,0,0,0,0,0,0,0,0,0,1,0,2023,41.2,37.7,9.1,9.3,19,999.9,0,0,264
"743",0,0,0,1,0,0,0,0,0,0,0,0,0,0,0,0,0,0,1,2023,47.6,43.1,8,10.5,15,999.9,0,0,262
"744",0,0,0,1,0,0,0,0,0,0,0,0,0,0,0,0,1,0,0,2023,47.6,47.3,1.4,11.9,22,31.1,0.05,1,276
"745",0,0,0,1,0,0,0,0,0,0,0,0,1,0,0,0,0,0,0,2023,32.3,23.8,9.3,15.8,28,35.9,0.09,0,252
"746",0,0,0,1,0,0,0,0,0,0,0,0,0,0,1,0,0,0,0,2023,39.2,31.5,10,8.2,13,999.9,0,0,241
"747",0,0,0,1,0,0,0,0,0,0,0,0,0,1,0,0,0,0,0,2023,40.8,37.5,8.8,8.7,20,26,0,0,226
"748",0,0,0,1,0,0,0,0,0,0,0,0,0,0,0,0,0,1,0,2023,40.4,30.2,9.9,8.5,14,22,0.25,0,214
"749",0,0,0,1,0,0,0,0,0,0,0,0,0,0,0,0,0,0,1,2023,38.7,36.2,7.4,10.2,18.1,22.9,0.14,0,215
"750",0,0,0,1,0,0,0,0,0,0,0,0,0,0,0,0,1,0,0,2023,38.9,31,8.9,13.7,26,35.9,0.13,0,269
"751",0,0,0,1,0,0,0,0,0,0,0,0,1,0,0,0,0,0,0,2023,23.6,11,8.7,11.5,19,28.9,0,0,239
"752",0,0,0,1,0,0,0,0,0,0,0,0,0,0,1,0,0,0,0,2023,27.9,22.9,9.5,7.1,22,28,0,0,232
"753",0,0,0,1,0,0,0,0,0,0,0,0,0,0,0,1,0,0,0,2023,33.3,21.8,10,11.3,14,26,0,0,246
"754",0,0,0,1,0,0,0,0,0,0,0,0,0,1,0,0,0,0,0,2023,34.8,31.2,5.3,13.9,19,29.9,0.02,0,228
"755",0,0,0,0,0,0,0,1,0,0,0,0,0,0,0,0,0,1,0,2023,38.9,32,9.4,9.8,15,999.9,0.01,0,310
"756",0,0,0,0,0,0,0,1,0,0,0,0,0,0,0,0,0,0,1,2023,43.2,39.1,8,13.3,19,26,0.01,1,247
"757",0,0,0,0,0,0,0,1,0,0,0,0,0,0,0,0,1,0,0,2023,39.8,28.2,10,11.9,21,27,0,0,282
"758",0,0,0,0,0,0,0,1,0,0,0,0,1,0,0,0,0,0,0,2023,39.8,35.6,6.6,22.2,32.1,51.1,0.34,0,269
"759",0,0,0,0,0,0,0,1,0,0,0,0,0,0,1,0,0,0,0,2023,37.7,31,9.1,11.7,20,32.1,0.02,0,264
"760",0,0,0,0,0,0,0,1,0,0,0,0,0,0,0,1,0,0,0,2023,42,27,10,16.7,24.1,29.9,0,0,257
"761",0,0,0,0,0,0,0,1,0,0,0,0,0,1,0,0,0,0,0,2023,38.1,18.4,10,14.5,22,32.1,0,0,273
"762",0,0,0,0,0,0,0,1,0,0,0,0,0,0,0,0,0,1,0,2023,36.6,28.4,9.7,18.8,26,34,0,0,236
"763",0,0,0,0,0,0,0,1,0,0,0,0,0,0,0,0,0,0,1,2023,40.9,32.1,10,14.8,21,25.1,0,0,296
"764",0,0,0,0,0,0,0,1,0,0,0,0,0,0,0,0,1,0,0,2023,38.7,31.5,10,8.3,14,999.9,0,0,292
"765",0,0,0,0,0,0,0,1,0,0,0,0,1,0,0,0,0,0,0,2023,37.5,32.9,9,14.7,27,36.9,0.09,0,245
"766",0,0,0,0,0,0,0,1,0,0,0,0,0,0,1,0,0,0,0,2023,39.6,30.9,10,17,26,35,0.24,0,213
"767",0,0,0,0,0,0,0,1,0,0,0,0,0,0,0,1,0,0,0,2023,40,34.3,9.5,9.3,19,26,0,0,317
"768",0,0,0,0,0,0,0,1,0,0,0,0,0,1,0,0,0,0,0,2023,42.1,38.6,7.6,17.8,28,34,0.18,0,268
"769",0,0,0,0,0,0,0,1,0,0,0,0,0,0,0,0,0,1,0,2023,38.2,29.7,9.3,20.7,29.9,41,0.23,0,282
"770",0,0,0,0,0,0,0,1,0,0,0,0,0,0,0,0,0,0,1,2023,40.7,25.4,10,16.7,20,29.9,0.01,0,250
"771",0,0,0,0,0,0,0,1,0,0,0,0,0,0,0,0,1,0,0,2023,42.7,36.2,9.9,9.8,15.9,999.9,0,0,282
"772",0,0,0,0,0,0,0,1,0,0,0,0,1,0,0,0,0,0,0,2023,45.3,41.5,7.7,8.6,13,19,0.02,0,233
"773",0,0,0,0,0,0,0,1,0,0,0,0,0,0,1,0,0,0,0,2023,38,23.3,10,14.6,22,32.1,0.01,0,248
"774",0,0,0,0,0,0,0,1,0,0,0,0,0,0,0,1,0,0,0,2023,36.5,19.4,10,14.3,20,27,0,0,287
"775",0,0,0,0,0,0,0,1,0,0,0,0,0,1,0,0,0,0,0,2023,42.1,34,10,10.8,15.9,999.9,0,0,247
"776",0,0,0,0,0,0,0,1,0,0,0,0,0,0,0,0,0,1,0,2023,42.8,37.1,9.7,6.2,12,999.9,0,0,221
"777",0,0,0,0,0,0,0,1,0,0,0,0,0,0,0,0,0,0,1,2023,45.9,43.4,6.5,9.7,17.1,999.9,0.03,1,261
"778",0,0,0,0,0,0,0,1,0,0,0,0,0,0,0,0,1,0,0,2023,46.3,38.8,7.5,9.7,15.9,19,0.05,1,246
"779",0,0,0,0,0,0,0,1,0,0,0,0,1,0,0,0,0,0,0,2023,38.3,32.9,9.5,10,25.1,32.1,0,0,226
"780",0,0,0,0,0,0,0,1,0,0,0,0,0,0,1,0,0,0,0,2023,46.5,42.5,6.4,15.2,21,28.9,0.09,1,284
"781",0,0,0,0,0,0,0,1,0,0,0,0,0,0,0,1,0,0,0,2023,43.7,35.3,9.7,6.5,12,999.9,0,0,264
"782",0,0,0,0,0,0,0,1,0,0,0,0,0,1,0,0,0,0,0,2023,42.1,36.4,10,9.2,14,999.9,0.01,0,246
"783",0,0,0,0,0,0,0,1,0,0,0,0,0,0,0,0,0,1,0,2023,39.8,30.4,9.6,6.6,12,19,0,0,274
"784",0,0,0,0,0,0,0,1,0,0,0,0,0,0,0,0,0,0,1,2023,39.4,22.2,10,12.7,22,32.1,0,0,293
"785",0,0,0,0,0,0,0,1,0,0,0,0,0,0,0,0,1,0,0,2023,38.9,19.5,10,9.8,14,22.9,0,0,256
"786",1,0,0,0,0,0,0,0,0,0,0,0,1,0,0,0,0,0,0,2023,48.8,47.7,3.7,17.6,24.1,31.1,0.19,1,278
"787",1,0,0,0,0,0,0,0,0,0,0,0,0,0,1,0,0,0,0,2023,47,36.5,7.8,14.5,22.9,35.9,0.31,1,246
"788",1,0,0,0,0,0,0,0,0,0,0,0,0,0,0,1,0,0,0,2023,40.3,24.5,10,8.7,18.1,24.1,0,0,260
"789",1,0,0,0,0,0,0,0,0,0,0,0,0,1,0,0,0,0,0,2023,49.7,44.6,10,9.1,15,999.9,0,0,302
"790",1,0,0,0,0,0,0,0,0,0,0,0,0,0,0,0,0,1,0,2023,47.5,44.9,7.8,9.6,19,26,0.19,0,276
"791",1,0,0,0,0,0,0,0,0,0,0,0,0,0,0,0,0,0,1,2023,50.8,49.5,4.6,9.3,14,999.9,0.02,1,226
"792",1,0,0,0,0,0,0,0,0,0,0,0,0,0,0,0,1,0,0,2023,50,39.7,8.9,9.4,15.9,22.9,0.13,1,210
"793",1,0,0,0,0,0,0,0,0,0,0,0,1,0,0,0,0,0,0,2023,41.8,21.5,10,9.9,19,26,0.11,0,223
"794",1,0,0,0,0,0,0,0,0,0,0,0,0,0,1,0,0,0,0,2023,40.9,22.6,10,8,13,19,0,0,210
"795",1,0,0,0,0,0,0,0,0,0,0,0,0,0,0,1,0,0,0,2023,43.3,32.6,10,10.6,15.9,999.9,0,0,218
"796",1,0,0,0,0,0,0,0,0,0,0,0,0,1,0,0,0,0,0,2023,47.9,41.2,10,13.6,18.1,999.9,0,0,209
"797",1,0,0,0,0,0,0,0,0,0,0,0,0,0,0,0,0,1,0,2023,56.7,40.9,10,14.7,22,28.9,0,0,234
"798",1,0,0,0,0,0,0,0,0,0,0,0,0,0,0,0,0,0,1,2023,53.4,44,9.4,7.2,15,999.9,0,0,237
"799",1,0,0,0,0,0,0,0,0,0,0,0,0,0,0,0,1,0,0,2023,58.6,46.9,10,8.4,14,15.9,0,0,287
"800",1,0,0,0,0,0,0,0,0,0,0,0,1,0,0,0,0,0,0,2023,53.3,50.8,6.9,7.6,12,999.9,0,1,242
"801",1,0,0,0,0,0,0,0,0,0,0,0,0,0,1,0,0,0,0,2023,56.1,53.8,5,6.1,15,999.9,0.46,1,222
"802",1,0,0,0,0,0,0,0,0,0,0,0,0,0,0,1,0,0,0,2023,51.1,50.2,1.7,7.5,15,999.9,0,1,255
"803",1,0,0,0,0,0,0,0,0,0,0,0,0,1,0,0,0,0,0,2023,51.7,44.7,8.3,12.6,19,21,0,1,237
"804",1,0,0,0,0,0,0,0,0,0,0,0,0,0,0,0,0,1,0,2023,48.2,35.8,10,13.1,20,27,0,0,273
"805",1,0,0,0,0,0,0,0,0,0,0,0,0,0,0,0,0,0,1,2023,47.3,32.9,10,9.1,12,15.9,0,0,287
"806",1,0,0,0,0,0,0,0,0,0,0,0,0,0,0,0,1,0,0,2023,47.8,39,10,8.2,15.9,999.9,0,0,312
"807",1,0,0,0,0,0,0,0,0,0,0,0,1,0,0,0,0,0,0,2023,48.5,42.3,10,13.7,18.1,22.9,0,0,258
"808",1,0,0,0,0,0,0,0,0,0,0,0,0,0,1,0,0,0,0,2023,49.6,45.5,9.2,17.6,20,28,0,0,269
"809",1,0,0,0,0,0,0,0,0,0,0,0,0,0,0,1,0,0,0,2023,50.1,47.2,7.8,6.8,17.1,999.9,0.19,1,302
"810",1,0,0,0,0,0,0,0,0,0,0,0,0,1,0,0,0,0,0,2023,48.9,44.6,8.6,5,11.1,999.9,0,1,257
"811",1,0,0,0,0,0,0,0,0,0,0,0,0,0,0,0,0,1,0,2023,46.9,40.9,10,6.7,11.1,14,0,0,285
"812",1,0,0,0,0,0,0,0,0,0,0,0,0,0,0,0,0,0,1,2023,44.1,38.1,10,4.8,8.9,999.9,0,0,237
"813",1,0,0,0,0,0,0,0,0,0,0,0,0,0,0,0,1,0,0,2023,46.1,41.6,8.4,5.9,9.9,999.9,0,0,305
"814",1,0,0,0,0,0,0,0,0,0,0,0,1,0,0,0,0,0,0,2023,48.5,42.4,9.2,13.3,21,28,0,0,327
"815",1,0,0,0,0,0,0,0,0,0,0,0,0,0,1,0,0,0,0,2023,51.9,50.1,4.1,19.2,24.1,33,0.05,1,284
"816",0,0,0,0,0,0,0,0,1,0,0,0,0,0,0,1,0,0,0,2023,54.5,50.1,6.3,20,28,36.9,0.48,1,261
"817",0,0,0,0,0,0,0,0,1,0,0,0,0,1,0,0,0,0,0,2023,51.5,45.9,9.5,12.1,22,28.9,0.02,0,244
"818",0,0,0,0,0,0,0,0,1,0,0,0,0,0,0,0,0,1,0,2023,50.8,45.5,10,8.7,14,999.9,0.04,0,262
"819",0,0,0,0,0,0,0,0,1,0,0,0,0,0,0,0,0,0,1,2023,46.4,41.2,9.6,13.6,21,27,0,0,287
"820",0,0,0,0,0,0,0,0,1,0,0,0,0,0,0,0,1,0,0,2023,48.3,40.9,9.7,12.9,18.1,19,0,0,301
"821",0,0,0,0,0,0,0,0,1,0,0,0,1,0,0,0,0,0,0,2023,55.1,43.8,10,11,18.1,999.9,0,0,346
"822",0,0,0,0,0,0,0,0,1,0,0,0,0,0,1,0,0,0,0,2023,57.6,45.8,10,10.7,15,999.9,0,0,291
"823",0,0,0,0,0,0,0,0,1,0,0,0,0,0,0,1,0,0,0,2023,58.6,51.5,9.8,8.8,15.9,999.9,0.17,0,300
"824",0,0,0,0,0,0,0,0,1,0,0,0,0,1,0,0,0,0,0,2023,52.7,37.5,10,8.5,15.9,22.9,0,0,298
"825",0,0,0,0,0,0,0,0,1,0,0,0,0,0,0,0,0,1,0,2023,51.4,41.3,10,10.1,17.1,999.9,0,0,267
"826",0,0,0,0,0,0,0,0,1,0,0,0,0,0,0,0,0,0,1,2023,57.5,48.1,10,12.4,17.1,21,0,0,289
"827",0,0,0,0,0,0,0,0,1,0,0,0,0,0,0,0,1,0,0,2023,59.4,51,9.9,10.5,15.9,22,0,0,369
"828",0,0,0,0,0,0,0,0,1,0,0,0,1,0,0,0,0,0,0,2023,60.4,52.9,9.9,9.3,15,22,0,0,298
"829",0,0,0,0,0,0,0,0,1,0,0,0,0,0,1,0,0,0,0,2023,52.9,39.8,9.7,8.5,22,28,0,0,289
"830",0,0,0,0,0,0,0,0,1,0,0,0,0,0,0,1,0,0,0,2023,54.8,43.6,10,10.5,19,25.1,0,0,265
"831",0,0,0,0,0,0,0,0,1,0,0,0,0,1,0,0,0,0,0,2023,57.3,51.1,9.5,17,21,28.9,0,0,286
"832",0,0,0,0,0,0,0,0,1,0,0,0,0,0,0,0,0,1,0,2023,54.2,43.3,8.8,16.1,24.1,31.1,0,0,330
"833",0,0,0,0,0,0,0,0,1,0,0,0,0,0,0,0,0,0,1,2023,48.8,26.5,10,11.1,19,27,0,0,320
"834",0,0,0,0,0,0,0,0,1,0,0,0,0,0,0,0,1,0,0,2023,52.5,43.2,10,10.4,13,999.9,0,0,313
"835",0,0,0,0,0,0,0,0,1,0,0,0,1,0,0,0,0,0,0,2023,57.3,54.7,8.6,11.5,17.1,999.9,0,0,300
"836",0,0,0,0,0,0,0,0,1,0,0,0,0,0,1,0,0,0,0,2023,59.9,56.6,4.5,14.8,22,28.9,0.67,1,283
"837",0,0,0,0,0,0,0,0,1,0,0,0,0,0,0,1,0,0,0,2023,55.9,49.1,9.9,12.5,20,27,0.61,0,286
"838",0,0,0,0,0,0,0,0,1,0,0,0,0,1,0,0,0,0,0,2023,51.6,42.2,10,9,14,18.1,0,0,270
"839",0,0,0,0,0,0,0,0,1,0,0,0,0,0,0,0,0,1,0,2023,48.2,44.4,8.3,6.5,11.1,999.9,0,1,274
"840",0,0,0,0,0,0,0,0,1,0,0,0,0,0,0,0,0,0,1,2023,55.1,46,9.1,13.4,22,28,0,1,296
"841",0,0,0,0,0,0,0,0,1,0,0,0,0,0,0,0,1,0,0,2023,56.4,45,10,7.4,12,17.1,0,0,296
"842",0,0,0,0,0,0,0,0,1,0,0,0,1,0,0,0,0,0,0,2023,56,44.7,10,7.9,13,999.9,0,0,300
"843",0,0,0,0,0,0,0,0,1,0,0,0,0,0,1,0,0,0,0,2023,59,50.8,10,10.6,15.9,999.9,0,0,267
"844",0,0,0,0,0,0,0,0,1,0,0,0,0,0,0,1,0,0,0,2023,59.2,49.8,10,14.6,26,33,0,0,250
"845",0,0,0,0,0,0,0,0,1,0,0,0,0,1,0,0,0,0,0,2023,51.7,44.4,10,8.5,14,18.1,0,0,286
"846",0,0,0,0,0,0,0,0,1,0,0,0,0,0,0,0,0,1,0,2023,55.8,51.1,10,6.3,9.9,999.9,0,0,266
"847",0,0,0,0,0,0,1,0,0,0,0,0,0,0,0,0,0,0,1,2023,60.6,56.8,9.3,4.2,8.9,999.9,0,1,335
"848",0,0,0,0,0,0,1,0,0,0,0,0,0,0,0,0,1,0,0,2023,60.9,59.4,5.4,4.3,8,999.9,0,1,312
"849",0,0,0,0,0,0,1,0,0,0,0,0,1,0,0,0,0,0,0,2023,54.3,52.5,5.4,15.8,26,36.9,0.01,1,216
"850",0,0,0,0,0,0,1,0,0,0,0,0,0,0,1,0,0,0,0,2023,49.9,44.8,9,17.3,24.1,28.9,0.01,0,256
"851",0,0,0,0,0,0,1,0,0,0,0,0,0,0,0,1,0,0,0,2023,52.3,48.3,8.7,15.8,21,28,0.02,0,253
"852",0,0,0,0,0,0,1,0,0,0,0,0,0,1,0,0,0,0,0,2023,60.1,52.7,8.7,10,15.9,24.1,0.02,0,268
"853",0,0,0,0,0,0,1,0,0,0,0,0,0,0,0,0,0,1,0,2023,58.2,51.2,6.7,9.4,17.1,24.1,0.02,0,259
"854",0,0,0,0,0,0,1,0,0,0,0,0,0,0,0,0,0,0,1,2023,57.6,51.8,7.7,4.8,8,999.9,0,0,233
"855",0,0,0,0,0,0,1,0,0,0,0,0,0,0,0,0,1,0,0,2023,56.8,53.5,4.8,5,8,999.9,0,0,287
"856",0,0,0,0,0,0,1,0,0,0,0,0,1,0,0,0,0,0,0,2023,58.2,54.4,5.9,4.5,11.1,999.9,0,1,291
"857",0,0,0,0,0,0,1,0,0,0,0,0,0,0,1,0,0,0,0,2023,61.5,56.7,9,6.1,8.9,999.9,0.03,0,251
"858",0,0,0,0,0,0,1,0,0,0,0,0,0,0,0,1,0,0,0,2023,61.8,59.5,7.3,7.6,12,999.9,0,0,289
"859",0,0,0,0,0,0,1,0,0,0,0,0,0,1,0,0,0,0,0,2023,61.4,60.5,4.2,9,13,999.9,0.69,1,274
"860",0,0,0,0,0,0,1,0,0,0,0,0,0,0,0,0,0,1,0,2023,62.6,58.5,9.7,10,14,999.9,0,0,289
"861",0,0,0,0,0,0,1,0,0,0,0,0,0,0,0,0,0,0,1,2023,62.1,58.3,9.9,12.7,20,28,0.18,0,284
"862",0,0,0,0,0,0,1,0,0,0,0,0,0,0,0,0,1,0,0,2023,63.8,59.7,9.9,7.9,11.1,999.9,0,0,310
"863",0,0,0,0,0,0,1,0,0,0,0,0,1,0,0,0,0,0,0,2023,62.2,60.3,8.3,5.1,9.9,999.9,0.23,0,270
"864",0,0,0,0,0,0,1,0,0,0,0,0,0,0,1,0,0,0,0,2023,61.1,58,9.6,8,15,18.1,0.17,0,315
"865",0,0,0,0,0,0,1,0,0,0,0,0,0,0,0,1,0,0,0,2023,61.1,55,10,7,14,999.9,0.03,0,261
"866",0,0,0,0,0,0,1,0,0,0,0,0,0,1,0,0,0,0,0,2023,57.7,52.7,10,8.3,14,20,0,0,280
"867",0,0,0,0,0,0,1,0,0,0,0,0,0,0,0,0,0,1,0,2023,58.8,53.2,10,8.9,14,22,0,0,268
"868",0,0,0,0,0,0,1,0,0,0,0,0,0,0,0,0,0,0,1,2023,58.5,54.9,8.1,9.7,18.1,25.1,0,0,229
"869",0,0,0,0,0,0,1,0,0,0,0,0,0,0,0,0,1,0,0,2023,63.4,61.5,6.5,6.5,8.9,999.9,0.05,1,255
"870",0,0,0,0,0,0,1,0,0,0,0,0,1,0,0,0,0,0,0,2023,64.9,64.4,3.4,6.5,11.1,999.9,0.08,1,285
"871",0,0,0,0,0,0,1,0,0,0,0,0,0,0,1,0,0,0,0,2023,65.5,65.2,1.2,6.2,9.9,999.9,0.13,1,288
"872",0,0,0,0,0,0,1,0,0,0,0,0,0,0,0,1,0,0,0,2023,67,66.3,2.6,6.7,11.1,999.9,0,1,288
"873",0,0,0,0,0,0,1,0,0,0,0,0,0,1,0,0,0,0,0,2023,66.5,65.8,5.7,12.7,28.9,36.9,1.16,0,272
"874",0,0,0,0,0,0,1,0,0,0,0,0,0,0,0,0,0,1,0,2023,66.8,65.8,7.3,10.9,19,999.9,0.53,1,241
"875",0,0,0,0,0,0,1,0,0,0,0,0,0,0,0,0,0,0,1,2023,66.8,65.1,6.8,7.8,9.9,999.9,0.03,0,262
"876",0,0,0,0,0,0,1,0,0,0,0,0,0,0,0,0,1,0,0,2023,65.6,63.5,5.8,3,7,999.9,0,1,266
"877",0,0,0,0,0,1,0,0,0,0,0,0,1,0,0,0,0,0,0,2023,66.7,65.9,3.6,4.3,8.9,999.9,0,1,230
"878",0,0,0,0,0,1,0,0,0,0,0,0,0,0,1,0,0,0,0,2023,66.8,66.2,3.6,7.4,14,999.9,0,1,245
"879",0,0,0,0,0,1,0,0,0,0,0,0,0,0,0,1,0,0,0,2023,70.8,69.3,6.8,11.2,15.9,22,0.04,0,274
"880",0,0,0,0,0,1,0,0,0,0,0,0,0,1,0,0,0,0,0,2023,68.9,68,4.2,7.5,11.1,999.9,0.01,1,229
"881",0,0,0,0,0,1,0,0,0,0,0,0,0,0,0,0,0,1,0,2023,68.6,67.9,4.1,4.4,8.9,999.9,0,1,278
"882",0,0,0,0,0,1,0,0,0,0,0,0,0,0,0,0,0,0,1,2023,68.1,67.2,2.2,6.8,8.9,999.9,0,1,263
"883",0,0,0,0,0,1,0,0,0,0,0,0,0,0,0,0,1,0,0,2023,66.5,65.8,3.3,6.7,11.1,999.9,0,1,269
"884",0,0,0,0,0,1,0,0,0,0,0,0,1,0,0,0,0,0,0,2023,71.1,69.1,4.4,4.6,8,999.9,0,1,245
"885",0,0,0,0,0,1,0,0,0,0,0,0,0,0,1,0,0,0,0,2023,69.9,68.6,5.1,3.9,8,999.9,0,1,242
"886",0,0,0,0,0,1,0,0,0,0,0,0,0,0,0,1,0,0,0,2023,65.6,65.1,3.2,9.4,15,999.9,0,1,264
"887",0,0,0,0,0,1,0,0,0,0,0,0,0,1,0,0,0,0,0,2023,71,65.2,8,10,17.1,20,0.02,1,276
"888",0,0,0,0,0,1,0,0,0,0,0,0,0,0,0,0,0,1,0,2023,73,68.5,9.6,7.8,9.9,999.9,0,0,281
"889",0,0,0,0,0,1,0,0,0,0,0,0,0,0,0,0,0,0,1,2023,71.2,69.4,6.4,7.9,12,999.9,0,1,283
"890",0,0,0,0,0,1,0,0,0,0,0,0,0,0,0,0,1,0,0,2023,69.7,68.9,7.1,10.2,17.1,22,0,0,272
"891",0,0,0,0,0,1,0,0,0,0,0,0,1,0,0,0,0,0,0,2023,71.5,70.2,8.3,8.3,13,999.9,0.2,0,251
"892",0,0,0,0,0,1,0,0,0,0,0,0,0,0,1,0,0,0,0,2023,71.5,70.6,7,11.9,15.9,21,0.01,1,284
"893",0,0,0,0,0,1,0,0,0,0,0,0,0,0,0,1,0,0,0,2023,71.3,70.2,6.4,7.5,19,27,0.57,1,310
"894",0,0,0,0,0,1,0,0,0,0,0,0,0,1,0,0,0,0,0,2023,71.1,69.6,4.6,5.2,9.9,999.9,0.03,1,246
"895",0,0,0,0,0,1,0,0,0,0,0,0,0,0,0,0,0,1,0,2023,71.9,69.7,3.5,7.3,15,22,0.01,1,228
"896",0,0,0,0,0,1,0,0,0,0,0,0,0,0,0,0,0,0,1,2023,71.7,68.4,7.7,4.7,8,999.9,0,0,283
"897",0,0,0,0,0,1,0,0,0,0,0,0,0,0,0,0,1,0,0,2023,66.1,65.1,6,5.3,12,999.9,0,1,323
"898",0,0,0,0,0,1,0,0,0,0,0,0,1,0,0,0,0,0,0,2023,69.5,67.9,6.4,5.8,8.9,999.9,0,1,282
"899",0,0,0,0,0,1,0,0,0,0,0,0,0,0,1,0,0,0,0,2023,72.1,65.7,8.2,5.8,12,999.9,0,1,248
"900",0,0,0,0,0,1,0,0,0,0,0,0,0,0,0,1,0,0,0,2023,70.1,66.8,9.6,6.1,11.1,999.9,0,0,248
"901",0,0,0,0,0,1,0,0,0,0,0,0,0,1,0,0,0,0,0,2023,70.8,67.8,10,5.4,9.9,999.9,0,0,301
"902",0,0,0,0,0,1,0,0,0,0,0,0,0,0,0,0,0,1,0,2023,73.1,69.4,9.7,8.4,15,999.9,0,0,269
"903",0,0,0,0,0,1,0,0,0,0,0,0,0,0,0,0,0,0,1,2023,72.8,71.1,8.4,10.2,18.1,24.1,0,0,242
"904",0,0,0,0,0,1,0,0,0,0,0,0,0,0,0,0,1,0,0,2023,75.9,71.5,8.5,9.9,14,999.9,0.01,0,287
"905",0,0,0,0,0,1,0,0,0,0,0,0,1,0,0,0,0,0,0,2023,73.3,72,5.7,8.8,14,999.9,0,1,270
"906",0,0,0,0,0,1,0,0,0,0,0,0,0,0,1,0,0,0,0,2023,68.4,61.3,9.4,11.9,22,32.1,0.07,0,256
"907",0,0,0,0,0,1,0,0,0,0,0,0,0,0,0,1,0,0,0,2023,70.3,59.9,10,8.1,14,999.9,0,0,260
"908",0,1,0,0,0,0,0,0,0,0,0,0,0,1,0,0,0,0,0,2023,69.6,60.3,10,7.5,12,18.1,0,0,281
"909",0,1,0,0,0,0,0,0,0,0,0,0,0,0,0,0,0,1,0,2023,66.7,57.6,10,7.8,14,999.9,0,0,255
"910",0,1,0,0,0,0,0,0,0,0,0,0,0,0,0,0,0,0,1,2023,64.4,57.3,10,6.5,12,999.9,0,0,261
"911",0,1,0,0,0,0,0,0,0,0,0,0,0,0,0,0,1,0,0,2023,67.2,59.3,10,7.9,11.1,999.9,0,0,272
"912",0,1,0,0,0,0,0,0,0,0,0,0,1,0,0,0,0,0,0,2023,70.1,67.5,9.4,7.5,13,999.9,0.02,0,261
"913",0,1,0,0,0,0,0,0,0,0,0,0,0,0,1,0,0,0,0,2023,70.5,61.8,8.5,6.7,12,999.9,0,0,268
"914",0,1,0,0,0,0,0,0,0,0,0,0,0,0,0,1,0,0,0,2023,68.5,65.7,9.9,7.6,12,999.9,0,0,245
"915",0,1,0,0,0,0,0,0,0,0,0,0,0,1,0,0,0,0,0,2023,70.9,69.3,8.6,14.9,22,28.9,0,0,240
"916",0,1,0,0,0,0,0,0,0,0,0,0,0,0,0,0,0,1,0,2023,71.8,65.1,10,13.6,17.1,24.1,0.03,0,260
"917",0,1,0,0,0,0,0,0,0,0,0,0,0,0,0,0,0,0,1,2023,71.1,66.6,9.8,9.5,14,999.9,0,0,291
"918",0,1,0,0,0,0,0,0,0,0,0,0,0,0,0,0,1,0,0,2023,71.5,66.6,9,13.4,20,32.1,0.44,0,274
"919",0,1,0,0,0,0,0,0,0,0,0,0,1,0,0,0,0,0,0,2023,69.6,68,7.1,5.5,9.9,999.9,0.17,1,301
"920",0,1,0,0,0,0,0,0,0,0,0,0,0,0,1,0,0,0,0,2023,70.5,69.3,6.7,8.9,14,28,0.03,1,273
"921",0,1,0,0,0,0,0,0,0,0,0,0,0,0,0,1,0,0,0,2023,70.8,66.4,8.9,8.1,13,19,0.01,1,270
"922",0,1,0,0,0,0,0,0,0,0,0,0,0,1,0,0,0,0,0,2023,69.6,68.6,8.5,8.6,15.9,22,0.44,0,254
"923",0,1,0,0,0,0,0,0,0,0,0,0,0,0,0,0,0,1,0,2023,66.6,65.1,9.7,7.9,11.1,999.9,0.24,1,261
"924",0,1,0,0,0,0,0,0,0,0,0,0,0,0,0,0,0,0,1,2023,65.7,65.1,6.8,6.4,12,999.9,0.07,0,202
"925",0,1,0,0,0,0,0,0,0,0,0,0,0,0,0,0,1,0,0,2023,70.4,70,6.6,10.1,15,999.9,0.24,0,296
"926",0,1,0,0,0,0,0,0,0,0,0,0,1,0,0,0,0,0,0,2023,68.3,61.2,10,11.7,17.1,24.1,0.02,0,273
"927",0,1,0,0,0,0,0,0,0,0,0,0,0,0,1,0,0,0,0,2023,69.7,63,10,10.6,15.9,22,0,0,261
"928",0,1,0,0,0,0,0,0,0,0,0,0,0,0,0,1,0,0,0,2023,71.1,68.2,8.5,8.8,12,999.9,0,0,254
"929",0,1,0,0,0,0,0,0,0,0,0,0,0,1,0,0,0,0,0,2023,67.9,61.5,8.3,11.8,21,27,0,1,231
"930",0,1,0,0,0,0,0,0,0,0,0,0,0,0,0,0,0,1,0,2023,64.3,53.7,10,6.1,9.9,15.9,0,0,222
"931",0,1,0,0,0,0,0,0,0,0,0,0,0,0,0,0,0,0,1,2023,62.1,54.9,10,4.4,8.9,999.9,0,0,236
"932",0,1,0,0,0,0,0,0,0,0,0,0,0,0,0,0,1,0,0,2023,66.6,63.9,9.3,12.9,18.1,22.9,0,0,244
"933",0,1,0,0,0,0,0,0,0,0,0,0,1,0,0,0,0,0,0,2023,69.6,69.2,5.7,10.8,18.1,26,0,1,253
"934",0,1,0,0,0,0,0,0,0,0,0,0,0,0,1,0,0,0,0,2023,68.9,67,5.4,5.8,12,999.9,0.01,1,249
"935",0,1,0,0,0,0,0,0,0,0,0,0,0,0,0,1,0,0,0,2023,66.2,63.4,10,6.1,11.1,999.9,0,0,233
"936",0,1,0,0,0,0,0,0,0,0,0,0,0,1,0,0,0,0,0,2023,66.7,66.4,6.6,7.2,14,999.9,0,1,223
"937",0,1,0,0,0,0,0,0,0,0,0,0,0,0,0,0,0,1,0,2023,69.6,69.6,1.1,8.2,13,999.9,0.01,1,257
"938",0,1,0,0,0,0,0,0,0,0,0,0,0,0,0,0,0,0,1,2023,66.8,57.6,10,15.1,25.1,31.1,0,0,311
"939",0,0,0,0,0,0,0,0,0,0,0,1,0,0,0,0,1,0,0,2023,63.7,51.8,10,9.9,14,20,0,0,289
"940",0,0,0,0,0,0,0,0,0,0,0,1,1,0,0,0,0,0,0,2023,61.2,55.4,10,6.5,12,999.9,0,0,283
"941",0,0,0,0,0,0,0,0,0,0,0,1,0,0,1,0,0,0,0,2023,67.7,64.1,9.6,9.9,13,999.9,0,0,259
"942",0,0,0,0,0,0,0,0,0,0,0,1,0,0,0,1,0,0,0,2023,70,65.9,6.8,4.2,8.9,999.9,0,0,265
"943",0,0,0,0,0,0,0,0,0,0,0,1,0,1,0,0,0,0,0,2023,72.6,66.6,9.9,4.2,9.9,999.9,0,1,285
"944",0,0,0,0,0,0,0,0,0,0,0,1,0,0,0,0,0,1,0,2023,73.2,67.5,9.2,6.3,9.9,999.9,0,0,292
"945",0,0,0,0,0,0,0,0,0,0,0,1,0,0,0,0,0,0,1,2023,72.6,70.6,7,8.5,11.1,999.9,0,0,305
"946",0,0,0,0,0,0,0,0,0,0,0,1,0,0,0,0,1,0,0,2023,70.9,70.1,4.1,8.1,13,999.9,0,1,260
"947",0,0,0,0,0,0,0,0,0,0,0,1,1,0,0,0,0,0,0,2023,71.1,69.8,6.3,7.6,9.9,999.9,0,1,269
"948",0,0,0,0,0,0,0,0,0,0,0,1,0,0,1,0,0,0,0,2023,69,68.8,1.2,4.6,8,999.9,0,1,242
"949",0,0,0,0,0,0,0,0,0,0,0,1,0,0,0,1,0,0,0,2023,68.9,68.8,2.5,4.5,8,999.9,0,1,293
"950",0,0,0,0,0,0,0,0,0,0,0,1,0,1,0,0,0,0,0,2023,69.5,68.7,4.9,4.7,8.9,999.9,0.04,1,281
"951",0,0,0,0,0,0,0,0,0,0,0,1,0,0,0,0,0,1,0,2023,69.2,68.3,3.3,5.3,9.9,999.9,0,1,260
"952",0,0,0,0,0,0,0,0,0,0,0,1,0,0,0,0,0,0,1,2023,69.9,67.3,7.1,5.3,8,999.9,0,1,305
"953",0,0,0,0,0,0,0,0,0,0,0,1,0,0,0,0,1,0,0,2023,64.7,58.9,10,18.8,29.9,41,0.01,0,273
"954",0,0,0,0,0,0,0,0,0,0,0,1,1,0,0,0,0,0,0,2023,62.9,56,9.1,22.1,31.1,46,0,0,289
"955",0,0,0,0,0,0,0,0,0,0,0,1,0,0,1,0,0,0,0,2023,65.1,57.4,10,10.2,14,17.1,0,0,213
"956",0,0,0,0,0,0,0,0,0,0,0,1,0,0,0,1,0,0,0,2023,64.8,63.2,9.3,10.4,20,28,0,0,279
"957",0,0,0,0,0,0,0,0,0,0,0,1,0,1,0,0,0,0,0,2023,65.9,62,9.6,14.1,19,28,0.01,0,285
"958",0,0,0,0,0,0,0,0,0,0,0,1,0,0,0,0,0,1,0,2023,62.2,56.7,10,7.9,13,999.9,0,0,286
"959",0,0,0,0,0,0,0,0,0,0,0,1,0,0,0,0,0,0,1,2023,61.5,56.3,10,5.9,21,999.9,0,0,282
"960",0,0,0,0,0,0,0,0,0,0,0,1,0,0,0,0,1,0,0,2023,60.6,53.8,10,7.6,15,21,0,0,284
"961",0,0,0,0,0,0,0,0,0,0,0,1,1,0,0,0,0,0,0,2023,59.5,56.4,7.7,12.3,20,34,0,0,257
"962",0,0,0,0,0,0,0,0,0,0,0,1,0,0,1,0,0,0,0,2023,61.2,60.6,5.6,14.5,19,33,1.55,0,279
"963",0,0,0,0,0,0,0,0,0,0,0,1,0,0,0,1,0,0,0,2023,61.6,59.6,7.8,14.4,22,33,0.06,0,236
"964",0,0,0,0,0,0,0,0,0,0,0,1,0,1,0,0,0,0,0,2023,59.7,54.6,9.8,16.2,20,29.9,0.04,0,272
"965",0,0,0,0,0,0,0,0,0,0,0,1,0,0,0,0,0,1,0,2023,56.7,48.7,9.8,10.9,15.9,25.1,0,0,293
"966",0,0,0,0,0,0,0,0,0,0,0,1,0,0,0,0,0,0,1,2023,58.5,53.9,10,8.9,14,19,0,0,306
"967",0,0,0,0,0,0,0,0,0,0,0,1,0,0,0,0,1,0,0,2023,60.3,58.2,9.6,9.9,13,22,0,0,318
"968",0,0,0,0,0,0,0,0,0,0,0,1,1,0,0,0,0,0,0,2023,60.7,60.3,5,13.2,22.9,31.1,0.32,0,248
"969",0,0,0,0,0,0,0,0,0,0,1,0,0,0,1,0,0,0,0,2023,61.1,57.5,6.8,18.1,22.9,32.1,0.65,0,245
"970",0,0,0,0,0,0,0,0,0,0,1,0,0,0,0,1,0,0,0,2023,60.7,55.8,9.5,12.9,21,27,0,0,275
"971",0,0,0,0,0,0,0,0,0,0,1,0,0,1,0,0,0,0,0,2023,59.5,53.5,10,6.8,13,999.9,0,0,313
"972",0,0,0,0,0,0,0,0,0,0,1,0,0,0,0,0,0,1,0,2023,64.8,62.5,9.3,5.1,8.9,999.9,0,0,284
"973",0,0,0,0,0,0,0,0,0,0,1,0,0,0,0,0,0,0,1,2023,61.3,60.6,3.2,5.3,8.9,999.9,0,1,290
"974",0,0,0,0,0,0,0,0,0,0,1,0,0,0,0,0,1,0,0,2023,63.3,62.2,8,9.2,12,20,0,1,307
"975",0,0,0,0,0,0,0,0,0,0,1,0,1,0,0,0,0,0,0,2023,63.6,63.2,8.4,11.4,17.1,25.1,0,0,270
"976",0,0,0,0,0,0,0,0,0,0,1,0,0,0,1,0,0,0,0,2023,59.4,53.1,9.8,17.6,24.1,33,0.18,0,225
"977",0,0,0,0,0,0,0,0,0,0,1,0,0,1,0,0,0,0,0,2023,57.7,50.2,10,10.4,17.1,24.1,0.01,0,282
"978",0,0,0,0,0,0,0,0,0,0,1,0,0,0,0,0,0,1,0,2023,56.6,52.8,9.9,4.4,8,999.9,0,1,280
"979",0,0,0,0,0,0,0,0,0,0,1,0,0,0,0,0,0,0,1,2023,58.5,55.6,9.3,5.1,8,999.9,0,0,274
"980",0,0,0,0,0,0,0,0,0,0,1,0,0,0,0,0,1,0,0,2023,56.9,48,9.9,10.2,15,22.9,0,0,311
"981",0,0,0,0,0,0,0,0,0,0,1,0,1,0,0,0,0,0,0,2023,55.1,46.3,10,8.7,14,21,0,0,282
"982",0,0,0,0,0,0,0,0,0,0,1,0,0,0,1,0,0,0,0,2023,53,48,9.7,10.6,22,34,0.41,0,285
"983",0,0,0,0,0,0,0,0,0,0,1,0,0,0,0,1,0,0,0,2023,54.1,46,10,7.7,12,21,0.21,0,291
"984",0,0,0,0,0,0,0,0,0,0,1,0,0,1,0,0,0,0,0,2023,53.8,49.9,9.7,5.3,8.9,999.9,0.03,0,273
"985",0,0,0,0,0,0,0,0,0,0,1,0,0,0,0,0,0,1,0,2023,53.4,49.6,10,3.3,7,999.9,0.02,0,252
"986",0,0,0,0,0,0,0,0,0,0,1,0,0,0,0,0,0,0,1,2023,53.9,49.3,10,5.7,12,999.9,0,0,315
"987",0,0,0,0,0,0,0,0,0,0,1,0,0,0,0,0,1,0,0,2023,59.4,57.4,9.8,10.8,14,999.9,0,0,340
"988",0,0,0,0,0,0,0,0,0,0,1,0,1,0,0,0,0,0,0,2023,59.5,58.2,7.3,11,24.1,41,0.11,1,285
"989",0,0,0,0,0,0,0,0,0,0,1,0,0,0,1,0,0,0,0,2023,57.4,46.9,10,19,28,41,0.76,0,263
"990",0,0,0,0,0,0,0,0,0,0,1,0,0,0,0,1,0,0,0,2023,52.8,44.3,9.6,11.3,18.1,26,0,0,283
"991",0,0,0,0,0,0,0,0,0,0,1,0,0,1,0,0,0,0,0,2023,53.8,48.2,10,6.4,14,999.9,0,0,262
"992",0,0,0,0,0,0,0,0,0,0,1,0,0,0,0,0,0,1,0,2023,59.5,55.4,10,14,18.1,22.9,0,0,291
"993",0,0,0,0,0,0,0,0,0,0,1,0,0,0,0,0,0,0,1,2023,62,58.1,9.9,10.6,15,21,0,0,299
"994",0,0,0,0,0,0,0,0,0,0,1,0,0,0,0,0,1,0,0,2023,60,59.1,8.2,7.2,12,999.9,0,0,280
"995",0,0,0,0,0,0,0,0,0,0,1,0,1,0,0,0,0,0,0,2023,62.7,59.7,9.4,9.8,14,21,0,0,355
"996",0,0,0,0,0,0,0,0,0,0,1,0,0,0,1,0,0,0,0,2023,56.8,49.8,10,10.7,14,21,0,0,247
"997",0,0,0,0,0,0,0,0,0,0,1,0,0,0,0,1,0,0,0,2023,56,54.9,5.1,10.6,15,21,0.05,1,284
"998",0,0,0,0,0,0,0,0,0,0,1,0,0,1,0,0,0,0,0,2023,49.1,38.4,10,12.8,20,29.9,0.01,0,274
"999",0,0,0,0,0,0,0,0,0,1,0,0,0,0,0,0,0,1,0,2023,43.9,35.9,9.5,11.2,17.1,27,0.06,0,257
"1000",0,0,0,0,0,0,0,0,0,1,0,0,0,0,0,0,0,0,1,2023,42,32.6,10,7.7,11.1,20,0.06,0,232
"1001",0,0,0,0,0,0,0,0,0,1,0,0,0,0,0,0,1,0,0,2023,44,33.8,10,8.2,15,999.9,0,0,296
"1002",0,0,0,0,0,0,0,0,0,1,0,0,1,0,0,0,0,0,0,2023,56,51.5,10,11.2,18.1,22,0,0,239
"1003",0,0,0,0,0,0,0,0,0,1,0,0,0,0,1,0,0,0,0,2023,53,48,9.4,5,11.1,999.9,0,0,237
"1004",0,0,0,0,0,0,0,0,0,1,0,0,0,0,0,1,0,0,0,2023,48.4,43.7,9.9,7.9,13,19,0,0,277
"1005",0,0,0,0,0,0,0,0,0,1,0,0,0,1,0,0,0,0,0,2023,56.2,51.5,9.2,13.5,17.1,27,0,0,238
"1006",0,0,0,0,0,0,0,0,0,1,0,0,0,0,0,0,0,1,0,2023,48.1,34,10,14.8,22,31.1,0,0,267
"1007",0,0,0,0,0,0,0,0,0,1,0,0,0,0,0,0,0,0,1,2023,45.3,37.5,9.4,6.6,13,999.9,0,0,242
"1008",0,0,0,0,0,0,0,0,0,1,0,0,0,0,0,0,1,0,0,2023,49.4,39.9,10,8.2,12,20,0.01,0,217
"1009",0,0,0,0,0,0,0,0,0,1,0,0,1,0,0,0,0,0,0,2023,47.9,34.4,10,9.7,15.9,25.1,0,0,297
"1010",0,0,0,0,0,0,0,0,0,1,0,0,0,0,1,0,0,0,0,2023,41.2,29.6,10,7.1,11.1,14,0,0,233
"1011",0,0,0,0,0,0,0,0,0,1,0,0,0,0,0,1,0,0,0,2023,39.7,29.6,10,3.8,8,999.9,0,0,305
"1012",0,0,0,0,0,0,0,0,0,1,0,0,0,1,0,0,0,0,0,2023,41.8,35.1,10,7.1,15.9,26,0,0,266
"1013",0,0,0,0,0,0,0,0,0,1,0,0,0,0,0,0,0,1,0,2023,45.1,36.6,10,8.5,12,999.9,0.01,0,273
"1014",0,0,0,0,0,0,0,0,0,1,0,0,0,0,0,0,0,0,1,2023,52.5,46,9.7,13,20,27,0,0,281
"1015",0,0,0,0,0,0,0,0,0,1,0,0,0,0,0,0,1,0,0,2023,51.9,50.1,6.5,8.7,13,999.9,0,1,327
"1016",0,0,0,0,0,0,0,0,0,1,0,0,1,0,0,0,0,0,0,2023,54.5,52.7,8.9,11.9,24.1,34,0.09,0,281
"1017",0,0,0,0,0,0,0,0,0,1,0,0,0,0,1,0,0,0,0,2023,44.3,32.3,10,11,18.1,25.1,0,0,276
"1018",0,0,0,0,0,0,0,0,0,1,0,0,0,0,0,1,0,0,0,2023,41.7,27.6,10,13.5,18.1,28,0,0,316
"1019",0,0,0,0,0,0,0,0,0,1,0,0,0,1,0,0,0,0,0,2023,38.7,24.2,10,8.8,12,19,0,0,360
"1020",0,0,0,0,0,0,0,0,0,1,0,0,0,0,0,0,0,1,0,2023,48.4,45,6.2,21.8,38.1,51.1,0.26,1,295
"1021",0,0,0,0,0,0,0,0,0,1,0,0,0,0,0,0,1,0,0,2023,45.6,34.4,10,9.6,17.1,22,0,0,222
"1022",0,0,0,0,0,0,0,0,0,1,0,0,1,0,0,0,0,0,0,2023,34.5,20.9,10,11.2,18.1,32.1,0,0,211
"1023",0,0,0,0,0,0,0,0,0,1,0,0,0,0,1,0,0,0,0,2023,35.5,28.8,10,6.7,15,999.9,0,0,209
"1024",0,0,0,0,0,0,0,0,0,1,0,0,0,0,0,1,0,0,0,2023,50.8,46.8,8.7,17,29.9,44.1,0.13,0,265
"1025",0,0,0,0,0,0,0,0,0,1,0,0,0,1,0,0,0,0,0,2023,40.5,25.3,10,11.3,20,26,0.1,0,229
"1026",0,0,0,0,0,0,0,0,0,1,0,0,0,0,0,0,0,1,0,2023,34.1,17.7,10,12.7,20,31.1,0,0,239
"1027",0,0,0,0,0,0,0,0,0,1,0,0,0,0,0,0,0,0,1,2023,41.6,29.4,10,11,17.1,24.1,0,0,271
"1028",0,0,1,0,0,0,0,0,0,0,0,0,0,0,0,0,1,0,0,2023,49.2,44.4,9.9,10.6,15.9,22.9,0,0,330
"1029",0,0,1,0,0,0,0,0,0,0,0,0,1,0,0,0,0,0,0,2023,50.2,49.3,6.8,7.8,13,999.9,0.14,0,261
"1030",0,0,1,0,0,0,0,0,0,0,0,0,0,0,1,0,0,0,0,2023,46.6,46,4.4,8.3,15,22.9,0.1,1,260
"1031",0,0,1,0,0,0,0,0,0,0,0,0,0,0,0,1,0,0,0,2023,48.1,45.2,8.2,8.8,14,21,0.4,1,271
"1032",0,0,1,0,0,0,0,0,0,0,0,0,0,1,0,0,0,0,0,2023,41.4,35.5,9.7,10.3,15.9,25.1,0,0,260
"1033",0,0,1,0,0,0,0,0,0,0,0,0,0,0,0,0,0,1,0,2023,36.5,29.5,10,12,20,27,0.04,0,222
"1034",0,0,1,0,0,0,0,0,0,0,0,0,0,0,0,0,0,0,1,2023,31.6,21.7,10,9.9,15,21,0,0,269
"1035",0,0,1,0,0,0,0,0,0,0,0,0,0,0,0,0,1,0,0,2023,35,25.7,10,5,8,999.9,0,0,276
"1036",0,0,1,0,0,0,0,0,0,0,0,0,1,0,0,0,0,0,0,2023,42.3,39,10,8.2,14,999.9,0,0,273
"1037",0,0,1,0,0,0,0,0,0,0,0,0,0,0,1,0,0,0,0,2023,50.3,49.5,7.6,9.9,20,34,0,1,216
"1038",0,0,1,0,0,0,0,0,0,0,0,0,0,0,0,1,0,0,0,2023,51.6,49.7,6.2,17.9,29.9,44.1,0.33,0,295
"1039",0,0,1,0,0,0,0,0,0,0,0,0,0,1,0,0,0,0,0,2023,39.5,28,10,12.4,19,25.1,1.04,0,313
"1040",0,0,1,0,0,0,0,0,0,0,0,0,0,0,0,0,0,1,0,2023,44,32.5,10,12.7,20,24.1,0,0,264
"1041",0,0,1,0,0,0,0,0,0,0,0,0,0,0,0,0,0,0,1,2023,33.8,16.6,10,12.5,19,31.1,0,0,279
"1042",0,0,1,0,0,0,0,0,0,0,0,0,0,0,0,0,1,0,0,2023,42.4,32,10,13.4,21,28.9,0,0,309
"1043",0,0,1,0,0,0,0,0,0,0,0,0,1,0,0,0,0,0,0,2023,46.5,37.8,10,11,18.1,27,0,0,239
"1044",0,0,1,0,0,0,0,0,0,0,0,0,0,0,1,0,0,0,0,2023,46.8,42.2,9.6,12.2,17.1,27,0,0,239
"1045",0,0,1,0,0,0,0,0,0,0,0,0,0,0,0,1,0,0,0,2023,54.4,53.5,4,26.5,39,58.1,0.19,0,297
"1046",0,0,1,0,0,0,0,0,0,0,0,0,0,1,0,0,0,0,0,2023,46,38.9,8,11,22.9,35,0.29,0,271
"1047",0,0,1,0,0,0,0,0,0,0,0,0,0,0,0,0,0,1,0,2023,39.1,30.8,10,13.6,20,29.9,0,0,284
"1048",0,0,1,0,0,0,0,0,0,0,0,0,0,0,0,0,0,0,1,2023,37.1,24.8,10,19.2,22.9,35,0,0,284
"1049",0,0,1,0,0,0,0,0,0,0,0,0,0,0,0,0,1,0,0,2023,32.2,21.6,10,9.9,17.1,22,0,0,323
"1050",0,0,1,0,0,0,0,0,0,0,0,0,1,0,0,0,0,0,0,2023,31.8,24.6,10,3.8,8,999.9,0,0,218
"1051",0,0,1,0,0,0,0,0,0,0,0,0,0,0,1,0,0,0,0,2023,44.1,41.4,10,5.5,8.9,999.9,0,0,216
"1052",0,0,1,0,0,0,0,0,0,0,0,0,0,0,0,0,0,1,0,2023,45.9,45.2,5.7,4,7,999.9,0,1,234
"1053",0,0,1,0,0,0,0,0,0,0,0,0,0,0,0,0,0,0,1,2023,52.1,52,5.5,10.9,20,28,0,1,273
"1054",0,0,1,0,0,0,0,0,0,0,0,0,0,0,0,0,1,0,0,2023,45.5,45.3,5.7,10.5,22,29.9,0.36,0,263
"1055",0,0,1,0,0,0,0,0,0,0,0,0,1,0,0,0,0,0,0,2023,45.2,42.8,9.5,9.4,18.1,26,0.01,1,228
