"","day","year","mo","collision_date","temp","dewp","max","min","fog","NUM_COLLISIONS"
"975",5,2015,1,"2015-01-02",40.4,21.5,45,28,0,442
"976",6,2015,1,"2015-01-03",34.5,19.8,45,30,0,456
"978",1,2015,1,"2015-01-05",44,32.1,55,28.9,0,498
"979",2,2015,1,"2015-01-06",20.8,5.2,28,19,0,777
"980",3,2015,1,"2015-01-07",22.6,10.2,27,17.1,0,538
"981",4,2015,1,"2015-01-08",13.1,-2.4,27,6.1,0,573
"982",5,2015,1,"2015-01-09",35.2,22.5,46,26.1,0,751
"983",6,2015,1,"2015-01-10",26.9,10,30,21.9,0,481
"985",1,2015,1,"2015-01-12",40.9,35.6,52,21,1,580
"986",2,2015,1,"2015-01-13",32.6,25.6,52,26.1,0,613
"987",3,2015,1,"2015-01-14",32.1,24,37,26.1,0,506
"988",4,2015,1,"2015-01-15",35.8,33.6,37.9,28,0,548
"989",5,2015,1,"2015-01-16",34.5,23.4,39.9,28.9,0,563
"990",6,2015,1,"2015-01-17",20.2,1.9,39.9,15.1,0,495
"992",1,2015,1,"2015-01-19",41.7,36,50,30.9,0,496
"993",2,2015,1,"2015-01-20",35.7,23.4,44.1,33.1,0,500
"994",3,2015,1,"2015-01-21",32.3,17.7,39,25,0,495
"995",4,2015,1,"2015-01-22",35.5,30.5,39,25,0,508
"996",5,2015,1,"2015-01-23",31.6,20.4,39,27,0,598
"997",6,2015,1,"2015-01-24",38.5,34.8,45,27,0,428
"999",1,2015,1,"2015-01-26",31.2,20.9,43,26.1,0,484
"1001",3,2015,1,"2015-01-28",21.6,14.7,26.1,19,0,458
"1002",4,2015,1,"2015-01-29",29.2,20.9,36,19,0,519
"1003",5,2015,1,"2015-01-30",35.1,31.1,41,23,0,622
"1004",6,2015,1,"2015-01-31",24.5,12.9,34,17.1,0,526
"1006",1,2015,2,"2015-02-02",33.1,27.4,46,19.9,1,680
"1007",2,2015,2,"2015-02-03",21,11.7,46,14,0,740
"1008",3,2015,2,"2015-02-04",28.1,18.4,39.9,14,0,585
"1009",4,2015,2,"2015-02-05",34.1,28.9,39.9,15.1,1,569
"1010",5,2015,2,"2015-02-06",16.8,5,39.9,10.9,0,652
"1011",6,2015,2,"2015-02-07",27.4,16,33.1,10.9,0,449
"1013",1,2015,2,"2015-02-09",37.1,34.3,37.9,30.9,0,547
"1014",2,2015,2,"2015-02-10",36.4,32.9,37.9,35.1,0,571
"1015",3,2015,2,"2015-02-11",32.6,23.3,37,30.9,0,610
"1016",4,2015,2,"2015-02-12",31,23.6,35.1,27,0,526
"1017",5,2015,2,"2015-02-13",21.8,11,35.1,14,0,757
"1018",6,2015,2,"2015-02-14",20.6,8.9,33.1,8.1,1,436
"1019",7,2015,2,"2015-02-15",25.7,21,34,8.1,1,454
"1021",2,2015,2,"2015-02-17",21.7,11.8,28.9,17.1,0,620
"1022",3,2015,2,"2015-02-18",30.6,24.5,36,16,0,626
"1023",4,2015,2,"2015-02-19",27,19.7,36,19.9,0,515
"1024",5,2015,2,"2015-02-20",14.1,-0.8,19,8.6,0,621
"1025",6,2015,2,"2015-02-21",21.9,10.6,37,3.9,0,517
"1026",7,2015,2,"2015-02-22",36,34,41,33.1,1,519
"1027",1,2015,2,"2015-02-23",29.4,19.6,41,21,1,574
"1028",2,2015,2,"2015-02-24",14.3,0.2,33.1,8.1,0,580
"1029",3,2015,2,"2015-02-25",29.9,21.8,33.8,23,0,628
"1030",4,2015,2,"2015-02-26",28,19.6,33.1,25,1,539
"1031",5,2015,2,"2015-02-27",24.2,12.2,30.9,19.9,0,703
"1032",6,2015,2,"2015-02-28",22.2,9.9,28,16,0,538
"1033",7,2015,3,"2015-03-01",23.1,14.2,30.9,10,0,693
"1034",1,2015,3,"2015-03-02",33.4,27.2,36,30.2,0,650
"1035",2,2015,3,"2015-03-03",27,10.3,36,23,0,631
"1036",3,2015,3,"2015-03-04",36.1,33.8,41,23,1,574
"1039",6,2015,3,"2015-03-07",25,15.9,33.1,12,0,578
"1040",7,2015,3,"2015-03-08",33.8,28,39,14,0,464
"1041",1,2015,3,"2015-03-09",35.6,26.1,44.1,24.1,0,661
"1042",2,2015,3,"2015-03-10",36.5,30.3,44.1,24.1,0,584
"1043",3,2015,3,"2015-03-11",42.1,38.5,48,28,1,565
"1044",4,2015,3,"2015-03-12",38.1,21.9,48,33.1,0,586
"1045",5,2015,3,"2015-03-13",31.1,11.6,41,26.1,0,609
"1046",6,2015,3,"2015-03-14",38.7,33.3,46,26.1,1,507
"1047",7,2015,3,"2015-03-15",38.5,33.8,46,30.9,0,459
"1048",1,2015,3,"2015-03-16",32.9,18.5,43,28,0,529
"1049",2,2015,3,"2015-03-17",38.6,34.1,46.9,28,0,528
"1050",3,2015,3,"2015-03-18",31,3.9,46.9,28,0,547
"1051",4,2015,3,"2015-03-19",27.6,-1.5,35.1,21.9,0,582
"1052",5,2015,3,"2015-03-20",30.3,13.2,35.1,21.9,0,570
"1053",6,2015,3,"2015-03-21",34.2,31,41,21.9,0,507
"1054",7,2015,3,"2015-03-22",35.1,18.8,41,21,0,432
"1055",1,2015,3,"2015-03-23",27.2,1.4,37.9,21,0,586
"1056",2,2015,3,"2015-03-24",31.4,16.3,37.9,21,0,601
"1057",3,2015,3,"2015-03-25",33.6,24.1,44.1,24.1,0,538
"1058",4,2015,3,"2015-03-26",42.6,39.7,46.9,27,1,525
"1059",5,2015,3,"2015-03-27",42.4,40,48.9,37.9,1,532
"1060",6,2015,3,"2015-03-28",37.4,34.5,39,33.8,0,459
"1061",7,2015,3,"2015-03-29",34.9,23.9,39.9,28.9,0,505
"1062",1,2015,3,"2015-03-30",36.8,28.3,44.1,27,0,556
"1063",2,2015,3,"2015-03-31",39.4,31.2,46,33.1,0,628
"1064",3,2015,4,"2015-04-01",37.9,24.8,46,34,0,648
"1065",4,2015,4,"2015-04-02",37.1,27.6,46.9,24.1,0,653
"1066",5,2015,4,"2015-04-03",45,41.6,48,42.1,0,491
"1067",6,2015,4,"2015-04-04",47.3,39.1,57,41,1,507
"1069",1,2015,4,"2015-04-06",43.2,36.1,51.1,32,1,510
"1070",2,2015,4,"2015-04-07",44.2,40.5,51.1,32,0,452
"1071",3,2015,4,"2015-04-08",41.2,34.2,48,39,0,457
"1072",4,2015,4,"2015-04-09",39.4,35.5,46.9,37,0,452
"1073",5,2015,4,"2015-04-10",43.9,41.7,53.1,37,1,486
"1074",6,2015,4,"2015-04-11",47.8,40.7,57.9,39.9,1,576
"1075",7,2015,4,"2015-04-12",45,31.4,57.9,32,0,443
"1076",1,2015,4,"2015-04-13",45,38.2,54,32,0,554
"1077",2,2015,4,"2015-04-14",49.8,46.3,54,37.9,0,542
"1078",3,2015,4,"2015-04-15",50.6,35.8,62.1,37.9,1,595
"1079",4,2015,4,"2015-04-16",46.4,28.5,62.1,37.9,0,560
"1080",5,2015,4,"2015-04-17",47.5,43.2,54,39,1,679
"1081",6,2015,4,"2015-04-18",51.9,45.2,64,41,1,605
"1082",7,2015,4,"2015-04-19",46.3,37.4,64,39.9,0,471
"1083",1,2015,4,"2015-04-20",45.2,40.7,52,39.9,0,630
"1084",2,2015,4,"2015-04-21",51.5,48.6,55.9,39.9,1,645
"1085",3,2015,4,"2015-04-22",49.8,39.7,57,37.9,0,568
"1086",4,2015,4,"2015-04-23",46.9,37.6,57,37.9,0,612
"1087",5,2015,4,"2015-04-24",44,27.7,51.1,37.9,0,676
"1088",6,2015,4,"2015-04-25",43.7,27.5,51.1,37,0,592
"1089",7,2015,4,"2015-04-26",46.1,34,54,37,0,477
"1090",1,2015,4,"2015-04-27",49,37.9,57,39,0,558
"1091",2,2015,4,"2015-04-28",46,35.9,57,41,0,613
"1092",3,2015,4,"2015-04-29",49.3,38.5,55.9,39.9,0,679
"1093",4,2015,4,"2015-04-30",48.1,38.3,57,39,0,640
"1094",5,2015,5,"2015-05-01",43.8,37.2,57,39,0,642
"1095",6,2015,5,"2015-05-02",44.4,36.7,51.1,39,0,540
"1096",7,2015,5,"2015-05-03",44.5,38,53.1,32,1,555
"1097",1,2015,5,"2015-05-04",52.2,47.2,60.1,32,0,641
"1098",2,2015,5,"2015-05-05",57.1,48.6,71.1,46,0,638
"1099",3,2015,5,"2015-05-06",55.3,42.1,71.1,46.9,0,568
"1100",4,2015,5,"2015-05-07",55.9,42.3,70,42.1,0,684
"1101",5,2015,5,"2015-05-08",52.4,47.8,70,42.1,1,709
"1102",6,2015,5,"2015-05-09",54.3,50.9,64.9,46.9,1,560
"1103",7,2015,5,"2015-05-10",57,54.8,64.9,50,1,549
"1104",1,2015,5,"2015-05-11",57.9,55.9,66.9,54,1,645
"1105",2,2015,5,"2015-05-12",58.3,56.2,66.9,54,1,684
"1106",3,2015,5,"2015-05-13",59.5,47.2,66.9,53.1,0,655
"1107",4,2015,5,"2015-05-14",54,39.9,66.9,45,0,654
"1108",5,2015,5,"2015-05-15",54.4,46.4,64.9,46.9,0,723
"1109",6,2015,5,"2015-05-16",55.5,50.3,64,48,0,650
"1110",7,2015,5,"2015-05-17",63.1,56.2,78.1,50,0,543
"1111",1,2015,5,"2015-05-18",53.9,48.8,60.1,48,1,566
"1112",2,2015,5,"2015-05-19",51.4,49.9,61,46,1,606
"1113",3,2015,5,"2015-05-20",58.8,50.1,64.9,46,1,666
"1114",4,2015,5,"2015-05-21",54.8,41.1,64.9,48,0,615
"1115",5,2015,5,"2015-05-22",53.8,48,61,48,0,727
"1116",6,2015,5,"2015-05-23",54.8,33.2,61,48,0,546
"1117",7,2015,5,"2015-05-24",56.5,48.2,63,51.1,0,432
"1119",2,2015,5,"2015-05-26",61.1,56.2,66,54,0,686
"1120",3,2015,5,"2015-05-27",62.4,57.8,68,57.9,0,697
"1121",4,2015,5,"2015-05-28",62.4,57.6,68,59,0,682
"1122",5,2015,5,"2015-05-29",65.4,57.4,75.9,60.1,0,813
"1123",6,2015,5,"2015-05-30",63.3,59.9,75.9,57.9,1,622
"1124",7,2015,5,"2015-05-31",64.7,60.9,71.1,59,1,555
"1125",1,2015,6,"2015-06-01",55.9,52.8,71.1,53.1,0,691
"1126",2,2015,6,"2015-06-02",53.4,50.1,61,51.1,0,642
"1127",3,2015,6,"2015-06-03",53,44.9,57.9,50,0,658
"1128",4,2015,6,"2015-06-04",52.2,42.8,60.1,43,0,552
"1129",5,2015,6,"2015-06-05",53.1,46.6,60.1,43,0,692
"1130",6,2015,6,"2015-06-06",58,52.5,63,46.9,1,598
"1131",7,2015,6,"2015-06-07",59.5,45.8,69.1,51.1,0,559
"1132",1,2015,6,"2015-06-08",59.6,51.8,69.1,51.1,0,634
"1133",2,2015,6,"2015-06-09",64,59.9,70,53.1,0,652
"1134",3,2015,6,"2015-06-10",65.2,58.5,73,57.9,1,667
"1135",4,2015,6,"2015-06-11",64.6,59.7,73,57.9,0,666
"1136",5,2015,6,"2015-06-12",67,60.2,79,61,1,451
"1138",7,2015,6,"2015-06-14",66.9,53.5,75.9,59,0,578
"1139",1,2015,6,"2015-06-15",57.8,51.4,59,55,0,506
"1140",2,2015,6,"2015-06-16",64.2,61.9,73,55.9,1,593
"1141",3,2015,6,"2015-06-17",64.8,53.9,66.9,57,1,706
"1142",4,2015,6,"2015-06-18",59.1,47.7,66.9,48.9,0,615
"1143",5,2015,6,"2015-06-19",65.6,58,80.1,48.9,0,732
"1144",6,2015,6,"2015-06-20",62,56,80.1,55.9,0,505
"1145",7,2015,6,"2015-06-21",64.9,61.5,71.6,59,1,620
"1146",1,2015,6,"2015-06-22",67.1,62.7,77,59,1,774
"1147",2,2015,6,"2015-06-23",65.5,61.1,77,59,1,703
"1148",3,2015,6,"2015-06-24",70.8,62.5,79,59,1,778
"1149",4,2015,6,"2015-06-25",68.7,57.9,79,62.1,0,670
"1150",5,2015,6,"2015-06-26",66,60.5,77,61,0,774
"1151",6,2015,6,"2015-06-27",61.5,55.4,72,54,1,595
"1152",7,2015,6,"2015-06-28",64.4,61.6,71.1,54,1,535
"1153",1,2015,6,"2015-06-29",64.3,59.4,71.1,57,1,662
"1154",2,2015,6,"2015-06-30",67.1,61.8,73.9,57,0,622
"1155",3,2015,7,"2015-07-01",65.5,62.2,72,61,1,683
"1156",4,2015,7,"2015-07-02",68.7,62.5,77,61,0,603
"1157",5,2015,7,"2015-07-03",68.3,58.3,77,61,1,549
"1159",7,2015,7,"2015-07-05",65.8,59.5,73.9,55,0,467
"1160",1,2015,7,"2015-07-06",69.2,64.4,78.1,55,0,598
"1161",2,2015,7,"2015-07-07",68.1,64.3,78.1,62.1,0,646
"1162",3,2015,7,"2015-07-08",70.6,67.8,75.9,62.1,1,620
"1163",4,2015,7,"2015-07-09",69.1,61.2,75.9,66,0,567
"1164",5,2015,7,"2015-07-10",65.2,60.1,75,60.1,0,709
"1165",6,2015,7,"2015-07-11",71.8,62.1,81,60.1,0,597
"1166",7,2015,7,"2015-07-12",71.5,64.6,81,64.9,0,521
"1167",1,2015,7,"2015-07-13",70.9,64.9,80.1,66,0,668
"1168",2,2015,7,"2015-07-14",67.4,63,79,62.1,0,657
"1169",3,2015,7,"2015-07-15",72.3,68.8,82,62.1,1,611
"1170",4,2015,7,"2015-07-16",67.3,57.3,82,60.1,0,686
"1171",5,2015,7,"2015-07-17",64.9,57.6,73,54,0,659
"1172",6,2015,7,"2015-07-18",67.8,60.5,73.9,55,0,561
"1173",7,2015,7,"2015-07-19",71.4,67.9,77,64,1,545
"1174",1,2015,7,"2015-07-20",73.4,69.9,81,69.1,1,727
"1175",2,2015,7,"2015-07-21",72.6,69.7,82,68,1,606
"1176",3,2015,7,"2015-07-22",73.7,65,82,68,1,618
"1177",4,2015,7,"2015-07-23",71.9,60.8,80.1,63,0,623
"1178",5,2015,7,"2015-07-24",71.7,60.3,80.1,62.1,0,490
"1179",6,2015,7,"2015-07-25",68.5,60.2,80.1,60.1,0,451
"1180",7,2015,7,"2015-07-26",65.8,61.6,77,60.1,1,551
"1181",1,2015,7,"2015-07-27",71.1,66.5,75,61,0,626
"1182",2,2015,7,"2015-07-28",72.4,68.7,80.1,68,1,643
"1183",3,2015,7,"2015-07-29",76,69.9,86,68,1,629
"1184",4,2015,7,"2015-07-30",74.2,70.7,86,69.1,0,717
"1185",5,2015,7,"2015-07-31",76.7,68.5,87.1,71.1,0,753
"1186",6,2015,8,"2015-08-01",73.4,68.5,87.1,66,1,668
"1187",7,2015,8,"2015-08-02",75.9,64.8,82.9,66,0,550
"1188",1,2015,8,"2015-08-03",74,68.2,82.9,69.1,0,705
"1189",2,2015,8,"2015-08-04",75,71.7,81,70,0,666
"1190",3,2015,8,"2015-08-05",74.5,68.8,81,68,1,619
"1191",4,2015,8,"2015-08-06",73.5,59.6,81,66.9,0,630
"1192",5,2015,8,"2015-08-07",71.2,61.9,79,64,0,726
"1193",6,2015,8,"2015-08-08",69.7,61.1,78.1,64,0,545
"1194",7,2015,8,"2015-08-09",67,62.1,77,64,0,489
"1195",1,2015,8,"2015-08-10",66.9,60.8,73.9,55.9,1,611
"1196",2,2015,8,"2015-08-11",67.9,64.4,73.9,55.9,0,601
"1197",3,2015,8,"2015-08-12",71.9,67.4,77,64,1,643
"1198",4,2015,8,"2015-08-13",71.1,65.8,79,63,1,714
"1199",5,2015,8,"2015-08-14",70.4,63.5,81,62.1,0,729
"1200",6,2015,8,"2015-08-15",71.8,67,81,62.1,1,582
"1201",7,2015,8,"2015-08-16",74.3,68.8,82,70,0,552
"1202",1,2015,8,"2015-08-17",74.1,70.4,82.9,70,0,592
"1203",2,2015,8,"2015-08-18",74.5,71,82.9,70,1,623
"1204",3,2015,8,"2015-08-19",73.9,70.1,81,69.1,1,594
"1205",4,2015,8,"2015-08-20",73.4,69.4,82,68,1,600
"1206",5,2015,8,"2015-08-21",73.6,70.2,82,68,1,753
"1207",6,2015,8,"2015-08-22",73.9,71.1,82,70,1,581
"1208",7,2015,8,"2015-08-23",73.4,69.9,82,69.1,1,492
"1209",1,2015,8,"2015-08-24",71.7,69.2,81,68,1,575
"1210",2,2015,8,"2015-08-25",72.8,68.7,81,66.9,0,595
"1211",3,2015,8,"2015-08-26",73.8,68.1,81,68,0,606
"1212",4,2015,8,"2015-08-27",72.3,60.6,81,62.1,0,614
"1213",5,2015,8,"2015-08-28",71.4,59.5,80.1,62.1,0,609
"1214",6,2015,8,"2015-08-29",70.3,62.5,80.1,62.1,0,539
"1215",7,2015,8,"2015-08-30",72.6,66.8,80.1,63,0,563
"1216",1,2015,8,"2015-08-31",74.8,69.6,82,66.9,0,614
"1217",2,2015,9,"2015-09-01",74.6,64.7,82,64.9,0,626
"1218",3,2015,9,"2015-09-02",66,62.6,81,61,1,654
"1219",4,2015,9,"2015-09-03",74.5,70,81,69.1,0,665
"1220",5,2015,9,"2015-09-04",70.6,65.2,75,64,1,643
"1221",6,2015,9,"2015-09-05",66.8,55.9,73,54,0,541
"1222",7,2015,9,"2015-09-06",66.6,55.9,72,50,0,504
"1223",1,2015,9,"2015-09-07",73,66.9,79,64,0,485
"1224",2,2015,9,"2015-09-08",76.4,69.6,81,70,0,795
"1225",3,2015,9,"2015-09-09",75.8,71,81,71.6,1,740
"1226",4,2015,9,"2015-09-10",73.8,71.2,77,71.6,1,716
"1227",5,2015,9,"2015-09-11",68.6,65.6,72,64,0,765
"1228",6,2015,9,"2015-09-12",67.7,59.2,73,61,0,554
"1229",7,2015,9,"2015-09-13",68.2,65,73,63,0,478
"1230",1,2015,9,"2015-09-14",67.6,57.8,70,63,0,579
"1231",2,2015,9,"2015-09-15",70.8,58.4,79,64,0,579
"1232",3,2015,9,"2015-09-16",72.8,61.9,81,64,0,748
"1233",4,2015,9,"2015-09-17",69.3,65.6,75.9,48.9,1,744
"1234",5,2015,9,"2015-09-18",70.1,66.5,77,48.9,1,760
"1235",6,2015,9,"2015-09-19",70.4,66.2,77,63,1,655
"1236",7,2015,9,"2015-09-20",70.7,65.3,80.1,64,1,556
"1237",1,2015,9,"2015-09-21",63.9,52.9,80.1,61,0,624
"1238",2,2015,9,"2015-09-22",63.5,55.8,70,60.1,0,571
"1239",3,2015,9,"2015-09-23",62.4,55.2,70,55,0,501
"1240",4,2015,9,"2015-09-24",61.5,54.2,73,50,0,619
"1241",5,2015,9,"2015-09-25",61.2,50.2,73,50,0,585
"1242",6,2015,9,"2015-09-26",59.4,47.2,70,52,0,557
"1243",7,2015,9,"2015-09-27",59.4,50.9,70,48,0,493
"1244",1,2015,9,"2015-09-28",66.8,62,75.9,48,0,586
"1245",2,2015,9,"2015-09-29",69.3,65.6,75.9,61,0,557
"1246",3,2015,9,"2015-09-30",70.5,68.3,75,63,0,634
"1247",4,2015,10,"2015-10-01",59.7,55.3,73.9,57,0,683
"1248",5,2015,10,"2015-10-02",56,53.3,57.2,55,0,798
"1249",6,2015,10,"2015-10-03",55.5,50.4,57.9,53.6,0,556
"1250",7,2015,10,"2015-10-04",56.2,46.7,60.1,53.1,0,536
"1251",1,2015,10,"2015-10-05",58.6,52.1,64,53.1,0,597
"1252",2,2015,10,"2015-10-06",59.4,51.7,64.4,51.1,0,631
"1253",3,2015,10,"2015-10-07",57,50.5,66,48.9,0,668
"1254",4,2015,10,"2015-10-08",59.8,51.9,66,51.1,0,666
"1255",5,2015,10,"2015-10-09",58.9,52.7,68,48,0,764
"1256",6,2015,10,"2015-10-10",59.2,49.2,68,46,0,649
"1257",7,2015,10,"2015-10-11",56,46.7,64,44.1,0,559
"1258",1,2015,10,"2015-10-12",60.2,55.1,68,46,0,505
"1259",2,2015,10,"2015-10-13",64.4,61.2,73.9,50,1,724
"1260",3,2015,10,"2015-10-14",63.8,57.7,73.9,60.1,0,658
"1261",4,2015,10,"2015-10-15",57.1,42,68,52,0,683
"1262",5,2015,10,"2015-10-16",60.1,47.3,66,52,0,676
"1263",6,2015,10,"2015-10-17",52.7,39.6,66,41,0,565
"1264",7,2015,10,"2015-10-18",46.1,28,60.1,41,0,551
"1265",1,2015,10,"2015-10-19",42.8,24.8,48,39.9,0,667
"1266",2,2015,10,"2015-10-20",58.2,45.6,66,39.9,0,714
"1267",3,2015,10,"2015-10-21",62.7,52.4,70,52,0,720
"1268",4,2015,10,"2015-10-22",60.5,55.7,70,52,1,666
"1269",5,2015,10,"2015-10-23",56.2,43,66.9,48.9,0,742
"1270",6,2015,10,"2015-10-24",51.5,38.3,63,48,0,519
"1271",7,2015,10,"2015-10-25",57,51.7,62.1,48.9,0,522
"1272",1,2015,10,"2015-10-26",52.3,39.8,62.1,41,0,698
"1273",2,2015,10,"2015-10-27",46.7,36.2,57,36,0,631
"1274",3,2015,10,"2015-10-28",53.8,46.9,61,36,0,689
"1275",4,2015,10,"2015-10-29",63.2,60.9,66,46.9,1,767
"1276",5,2015,10,"2015-10-30",57.4,41.6,66,51.1,0,688
"1279",1,2015,11,"2015-11-02",58.3,49.4,64.9,50,0,613
"1280",2,2015,11,"2015-11-03",54.4,50.7,64.9,43,1,655
"1281",3,2015,11,"2015-11-04",57,49.3,64,43,0,672
"1282",4,2015,11,"2015-11-05",58.9,55.9,66.9,48.9,1,690
"1283",5,2015,11,"2015-11-06",62.3,60.4,66.9,52,1,616
"1284",6,2015,11,"2015-11-07",61.4,54.7,64.9,57,0,500
"1285",7,2015,11,"2015-11-08",53.2,35.5,64.9,46.9,0,472
"1286",1,2015,11,"2015-11-09",51.4,37.7,60.1,43,0,615
"1287",2,2015,11,"2015-11-10",55.8,50.8,61,43,0,757
"1288",3,2015,11,"2015-11-11",56.1,53.7,61,50,0,530
"1289",4,2015,11,"2015-11-12",52.5,49,59,51.1,0,637
"1290",5,2015,11,"2015-11-13",58.3,47.5,61,51.1,0,677
"1291",6,2015,11,"2015-11-14",49,29,61,43,0,613
"1292",7,2015,11,"2015-11-15",47.6,32.3,55.9,41,0,500
"1293",1,2015,11,"2015-11-16",54,41.2,60.1,41,0,618
"1294",2,2015,11,"2015-11-17",45.3,31.2,60.1,37.9,0,684
"1295",3,2015,11,"2015-11-18",42.9,33.8,51.1,30.9,0,628
"1296",4,2015,11,"2015-11-19",50.4,43.6,57,30.9,0,797
"1297",5,2015,11,"2015-11-20",57,52.8,61,46.9,0,819
"1298",6,2015,11,"2015-11-21",48.8,34.7,61,39.9,0,597
"1299",7,2015,11,"2015-11-22",50.1,45.5,57.2,39,0,431
"1300",1,2015,11,"2015-11-23",45.2,35.2,57,39.9,0,704
"1301",2,2015,11,"2015-11-24",37.5,17,48,30.9,0,733
"1302",3,2015,11,"2015-11-25",39.6,26.8,50,28.9,0,717
"1304",5,2015,11,"2015-11-27",52.6,48.4,59,45,0,480
"1305",6,2015,11,"2015-11-28",54.5,50.4,62.1,45,0,508
"1306",7,2015,11,"2015-11-29",46.1,38.8,62.1,39.9,0,453
"1307",1,2015,11,"2015-11-30",40.5,26.7,48.9,30.9,0,611
"1308",2,2015,12,"2015-12-01",40.1,32.7,50,30,0,746
"1309",3,2015,12,"2015-12-02",53.6,51.9,57,48.9,1,655
"1310",4,2015,12,"2015-12-03",53.5,47.1,57,46.9,1,623
"1311",5,2015,12,"2015-12-04",45.6,32,57,42.1,0,680
"1312",6,2015,12,"2015-12-05",45.6,34,52,35.1,0,629
"1313",7,2015,12,"2015-12-06",45.4,40.9,55,34,1,485
"1314",1,2015,12,"2015-12-07",50.8,45.5,55.9,34,0,668
"1315",2,2015,12,"2015-12-08",47.4,42.3,55.9,44.1,0,618
"1316",3,2015,12,"2015-12-09",43.7,32.9,50,34,0,575
"1317",4,2015,12,"2015-12-10",51.1,46.4,57,34,0,668
"1318",5,2015,12,"2015-12-11",52.2,50,57.9,46,1,694
"1319",6,2015,12,"2015-12-12",55,46.1,62.1,45,0,578
"1320",7,2015,12,"2015-12-13",53.6,46.9,62.1,45,0,549
"1321",1,2015,12,"2015-12-14",52.6,48.2,57,50,1,637
"1322",2,2015,12,"2015-12-15",58,51.5,61,50,1,755
"1323",3,2015,12,"2015-12-16",46.5,35.5,61,43,0,673
"1324",4,2015,12,"2015-12-17",48.9,43.7,57,42.1,0,745
"1325",5,2015,12,"2015-12-18",54.2,52.4,60.1,42.1,1,767
"1326",6,2015,12,"2015-12-19",42.1,24.9,55.9,39,0,624
"1327",7,2015,12,"2015-12-20",38.5,19.5,44.1,34,0,500
"1328",1,2015,12,"2015-12-21",49.5,40.8,55.9,34,0,612
"1329",2,2015,12,"2015-12-22",54.8,52.1,57.9,45,1,699
"1330",3,2015,12,"2015-12-23",53.5,51.2,60.1,46,1,805
"1331",4,2015,12,"2015-12-24",57.7,55.8,61,46,1,603
"1334",7,2015,12,"2015-12-27",52.9,49,57,46,1,518
"1335",1,2015,12,"2015-12-28",40.9,30,57,33.1,0,490
"1336",2,2015,12,"2015-12-29",42.8,35.9,57,33.1,1,533
"1337",3,2015,12,"2015-12-30",44.8,40.6,57,36,0,501
"1338",4,2015,12,"2015-12-31",46.5,41.8,48,45,0,527
"1341",7,2016,1,"2016-01-03",44.4,29.4,52,34,0,432
"1342",1,2016,1,"2016-01-04",38.2,27.4,52,34,0,601
"1343",2,2016,1,"2016-01-05",27.7,18.1,43,24.1,0,640
"1344",3,2016,1,"2016-01-06",33.5,19.3,45,21,0,625
"1345",4,2016,1,"2016-01-07",40.5,29.9,46.9,24.1,0,542
"1346",5,2016,1,"2016-01-08",41.3,33.1,48,30.9,0,602
"1347",6,2016,1,"2016-01-09",45.9,38.6,50,30.9,0,554
"1348",7,2016,1,"2016-01-10",51.3,49,57.9,44.1,1,462
"1349",1,2016,1,"2016-01-11",43.2,30.5,57.9,35.1,1,680
"1350",2,2016,1,"2016-01-12",33,19.1,50,19.9,0,637
"1351",3,2016,1,"2016-01-13",32.9,18.2,43,19.9,0,605
"1352",4,2016,1,"2016-01-14",28.9,14.7,37.9,27,0,597
"1353",5,2016,1,"2016-01-15",36.5,25.6,45,24.1,0,722
"1354",6,2016,1,"2016-01-16",45.7,42.5,51.1,39.9,0,563
"1355",7,2016,1,"2016-01-17",40.2,32.3,51.1,36,0,451
"1356",1,2016,1,"2016-01-18",34.4,24.9,44.1,26.1,0,481
"1357",2,2016,1,"2016-01-19",25.5,4.8,37.9,21.9,0,662
"1358",3,2016,1,"2016-01-20",29.4,11.2,37,21.9,0,623
"1359",4,2016,1,"2016-01-21",30.9,10.8,37,25,0,666
"1360",5,2016,1,"2016-01-22",28,11.8,35.1,21.9,0,702
"1362",7,2016,1,"2016-01-24",34.5,27.9,37.9,33.1,0,517
"1363",1,2016,1,"2016-01-25",33.5,21.2,37.9,30,0,658
"1364",2,2016,1,"2016-01-26",42.2,36.4,48.2,28.9,0,734
"1365",3,2016,1,"2016-01-27",43,36.7,48,36,0,670
"1366",4,2016,1,"2016-01-28",35,24.4,46,23,0,681
"1367",5,2016,1,"2016-01-29",41.3,36.8,45,23,0,645
"1368",6,2016,1,"2016-01-30",37.8,27.3,45,34,0,596
"1369",7,2016,1,"2016-01-31",45,39,50,34,0,532
"1370",1,2016,2,"2016-02-01",47.6,43.1,52,43,0,716
"1371",2,2016,2,"2016-02-02",43.2,32.2,52,34,0,711
"1372",3,2016,2,"2016-02-03",42.6,37.8,51.1,30.9,0,579
"1373",4,2016,2,"2016-02-04",51.6,49.4,54,35.1,1,609
"1374",5,2016,2,"2016-02-05",40.8,38.4,54,32,1,607
"1375",6,2016,2,"2016-02-06",32.3,23.3,45,28,0,553
"1377",1,2016,2,"2016-02-08",36.4,31.4,44.1,32,1,501
"1378",2,2016,2,"2016-02-09",33.1,27.8,42.1,30.9,0,571
"1379",3,2016,2,"2016-02-10",33.5,28,37.9,28,0,537
"1380",4,2016,2,"2016-02-11",31.5,21.3,37.9,23,0,622
"1381",5,2016,2,"2016-02-12",19.3,4.2,36,15.1,0,628
"1382",6,2016,2,"2016-02-13",23.5,11.8,27,12.9,0,480
"1385",2,2016,2,"2016-02-16",44.5,41.7,50,36,1,615
"1386",3,2016,2,"2016-02-17",41.5,35.8,50,35.1,1,525
"1387",4,2016,2,"2016-02-18",36,23.1,44.1,32,0,592
"1388",5,2016,2,"2016-02-19",34.7,21.7,39.9,32,0,532
"1389",6,2016,2,"2016-02-20",42.8,36.4,48.9,32,0,555
"1390",7,2016,2,"2016-02-21",46.8,38.5,54,39,0,481
"1391",1,2016,2,"2016-02-22",41.8,31.7,54,32,0,615
"1392",2,2016,2,"2016-02-23",36.5,26.3,45,28.9,0,623
"1393",3,2016,2,"2016-02-24",46.9,43.7,53.6,41,0,660
"1394",4,2016,2,"2016-02-25",51,47.1,57.2,45,1,663
"1395",5,2016,2,"2016-02-26",40.2,23.9,57,35.1,0,476
"1397",7,2016,2,"2016-02-28",42.8,31.7,48.9,25,0,509
"1398",1,2016,2,"2016-02-29",47.8,40.9,54,39.9,0,616
"1399",2,2016,3,"2016-03-01",43.2,29,54,39,0,662
"1400",3,2016,3,"2016-03-02",45.7,38.8,52,37,0,653
"1401",4,2016,3,"2016-03-03",29.9,11.8,36,25,0,625
"1402",5,2016,3,"2016-03-04",33.9,26.2,39,25,0,685
"1403",6,2016,3,"2016-03-05",34.8,22.6,39,30,0,601
"1404",7,2016,3,"2016-03-06",33.2,18.7,41,23,0,500
"1405",1,2016,3,"2016-03-07",36.8,26.1,46,23,0,571
"1406",2,2016,3,"2016-03-08",44.4,36.5,51.1,26.1,0,632
"1407",3,2016,3,"2016-03-09",46.4,41.8,55,37.9,0,660
"1408",4,2016,3,"2016-03-10",49.6,43.8,62.1,41,0,629
"1409",5,2016,3,"2016-03-11",46.8,42.9,62.1,39.9,1,672
"1410",6,2016,3,"2016-03-12",41.2,35.4,55,30.9,0,625
"1411",7,2016,3,"2016-03-13",50.1,35.2,57.9,30.9,0,435
"1412",1,2016,3,"2016-03-14",43.8,33.8,46,41,0,640
"1413",2,2016,3,"2016-03-15",48.3,45.7,54,41,1,608
"1414",3,2016,3,"2016-03-16",45.2,41.9,51.1,43,1,629
"1415",4,2016,3,"2016-03-17",45.4,42.5,48.9,42.8,0,612
"1416",5,2016,3,"2016-03-18",47,37,54,39,0,644
"1417",6,2016,3,"2016-03-19",40,21.4,54,35.1,0,540
"1418",7,2016,3,"2016-03-20",37.2,22.6,43,32,0,479
"1419",1,2016,3,"2016-03-21",37.4,32,43,34,0,617
"1420",2,2016,3,"2016-03-22",40.8,23.9,45,35.1,0,628
"1421",3,2016,3,"2016-03-23",48.6,40.2,53.1,43,0,621
"1422",4,2016,3,"2016-03-24",45.1,38.1,54,42.1,0,635
"1423",5,2016,3,"2016-03-25",50.8,48.5,55.9,42.1,1,546
"1424",6,2016,3,"2016-03-26",44.8,37.6,55.9,36,1,530
"1425",7,2016,3,"2016-03-27",40,32.8,46.9,37,0,459
"1426",1,2016,3,"2016-03-28",45.1,41.4,55,37,1,658
"1427",2,2016,3,"2016-03-29",48.6,34.9,55,41,1,683
"1428",3,2016,3,"2016-03-30",43.4,24.8,55,37.9,0,650
"1429",4,2016,3,"2016-03-31",51,44.6,59,37.9,0,652
"1430",5,2016,4,"2016-04-01",54.8,52.5,59,46,1,702
"1431",6,2016,4,"2016-04-02",50.4,47.7,59,46,1,597
"1432",7,2016,4,"2016-04-03",41.7,32.9,53.1,33.1,0,585
"1433",1,2016,4,"2016-04-04",36.5,22.1,46.9,30.9,0,683
"1434",2,2016,4,"2016-04-05",35.1,23.5,45,30.9,0,672
"1435",3,2016,4,"2016-04-06",37,15.3,44.1,28.9,0,628
"1436",4,2016,4,"2016-04-07",50.9,44.8,57,32,0,630
"1437",5,2016,4,"2016-04-08",49.7,43.2,57,44.1,0,696
"1438",6,2016,4,"2016-04-09",41.8,25.1,53.1,35.1,0,557
"1439",7,2016,4,"2016-04-10",40.6,23.9,48,35.1,0,499
"1440",1,2016,4,"2016-04-11",47.8,38.9,55,35.1,0,624
"1441",2,2016,4,"2016-04-12",52.5,48.6,57.9,44.1,0,638
"1442",3,2016,4,"2016-04-13",46.7,34.2,57.9,37.9,0,700
"1443",4,2016,4,"2016-04-14",44,32.4,52,35.1,0,674
"1444",5,2016,4,"2016-04-15",46.4,28.4,53.1,39.9,0,733
"1445",6,2016,4,"2016-04-16",44.3,33.2,46.9,42.8,0,679
"1446",7,2016,4,"2016-04-17",45.8,36.5,52,42.1,0,568
"1447",1,2016,4,"2016-04-18",49.5,35.9,64,37,0,687
"1448",2,2016,4,"2016-04-19",46.9,40,64,37.9,0,732
"1449",3,2016,4,"2016-04-20",47.3,33.8,55,37.9,0,697
"1450",4,2016,4,"2016-04-21",49.6,39,59,39,0,694
"1451",5,2016,4,"2016-04-22",55.4,48.4,72,44.1,1,741
"1452",6,2016,4,"2016-04-23",53.4,49.8,72,50,1,649
"1453",7,2016,4,"2016-04-24",49.1,31.2,60.1,44.1,0,448
"1454",1,2016,4,"2016-04-25",48.4,36.3,55,37,0,488
"1455",2,2016,4,"2016-04-26",46.8,42.8,55,39.9,0,479
"1456",3,2016,4,"2016-04-27",45,36.9,51.1,41,0,510
"1457",4,2016,4,"2016-04-28",47.7,34.1,54,41,0,489
"1458",5,2016,4,"2016-04-29",46.1,33.9,54,42.1,0,517
"1459",6,2016,4,"2016-04-30",47.3,33.1,54,37,0,581
"1460",7,2016,5,"2016-05-01",45.2,36.3,55,37,0,484
"1461",1,2016,5,"2016-05-02",51.3,48,55.9,37,1,589
"1462",2,2016,5,"2016-05-03",48.2,45,54,46.4,0,711
"1463",3,2016,5,"2016-05-04",47.3,43.5,50,45,0,653
"1464",4,2016,5,"2016-05-05",45.5,43.9,50,45,0,626
"1465",5,2016,5,"2016-05-06",48.5,43.5,53.1,44.1,0,728
"1466",6,2016,5,"2016-05-07",52.5,48.8,66,44.1,1,571
"1467",7,2016,5,"2016-05-08",48.5,46.1,66,45,1,591
"1468",1,2016,5,"2016-05-09",54,40.6,61,45,0,646
"1469",2,2016,5,"2016-05-10",51.9,38.2,61,39.9,0,608
"1470",3,2016,5,"2016-05-11",55.6,42.2,66,39.9,0,699
"1471",4,2016,5,"2016-05-12",55.2,45.5,68,42.1,0,744
"1472",5,2016,5,"2016-05-13",55.5,51.7,68,42.1,1,766
"1473",6,2016,5,"2016-05-14",59.4,54,70,45,1,589
"1474",7,2016,5,"2016-05-15",55.7,46.4,70,52,0,510
"1475",1,2016,5,"2016-05-16",50.8,31.4,60.1,46,0,742
"1476",2,2016,5,"2016-05-17",55,44.5,63,46,0,624
"1477",3,2016,5,"2016-05-18",55.5,45.2,63,48,0,676
"1478",4,2016,5,"2016-05-19",53.9,44.5,63,45,0,694
"1479",5,2016,5,"2016-05-20",56.4,47.9,70,46,0,782
"1480",6,2016,5,"2016-05-21",55.7,48.8,70,46,0,568
"1481",7,2016,5,"2016-05-22",56.3,52.2,62.1,46.9,0,571
"1482",1,2016,5,"2016-05-23",59.4,50.3,72,52,0,652
"1483",2,2016,5,"2016-05-24",54.6,52,72,51.1,1,695
"1484",3,2016,5,"2016-05-25",57.9,53.4,64,51.1,0,733
"1485",4,2016,5,"2016-05-26",65.7,53.9,78.1,54,0,742
"1486",5,2016,5,"2016-05-27",60,55.8,78.1,55.9,1,767
"1487",6,2016,5,"2016-05-28",62.5,57.3,68,55.9,0,627
"1488",7,2016,5,"2016-05-29",64.6,58.2,75,59,0,566
"1489",1,2016,5,"2016-05-30",62.4,60.5,75,59,1,471
"1490",2,2016,5,"2016-05-31",62.8,60.6,70,60.1,1,760
"1491",3,2016,6,"2016-06-01",64,56.4,73,57,1,772
"1492",4,2016,6,"2016-06-02",55.7,53.5,73,52,1,683
"1493",5,2016,6,"2016-06-03",58.4,55.9,64.4,55,0,710
"1494",6,2016,6,"2016-06-04",60.2,58,73.9,54,1,635
"1495",7,2016,6,"2016-06-05",58.4,56.9,73.9,54,1,466
"1496",1,2016,6,"2016-06-06",62.9,61.1,69.1,55,1,758
"1497",2,2016,6,"2016-06-07",61.2,59.8,69.1,59,1,709
"1498",3,2016,6,"2016-06-08",61.7,55.2,66.9,57.9,1,763
"1499",4,2016,6,"2016-06-09",59.9,46.7,68,54,0,686
"1500",5,2016,6,"2016-06-10",59.2,45.1,68,53.1,0,818
"1501",6,2016,6,"2016-06-11",58.1,53.3,64,53.1,0,584
"1502",7,2016,6,"2016-06-12",66,56,81,55,0,587
"1503",1,2016,6,"2016-06-13",61.5,47.2,81,54,0,646
"1504",2,2016,6,"2016-06-14",62.2,50,72,54,0,717
"1505",3,2016,6,"2016-06-15",63.7,55,73.9,55,0,739
"1506",4,2016,6,"2016-06-16",65.2,56.3,73.9,55,0,689
"1507",5,2016,6,"2016-06-17",63,51.5,73,55.9,0,748
"1508",6,2016,6,"2016-06-18",62.6,53.5,73,53.1,0,700
"1509",7,2016,6,"2016-06-19",59.9,51.5,73,53.1,0,559
"1510",1,2016,6,"2016-06-20",61.4,55.9,66.9,54,0,745
"1511",2,2016,6,"2016-06-21",63.6,59.9,69.1,57,0,681
"1512",3,2016,6,"2016-06-22",65.6,60.2,71.1,55.9,0,751
"1513",4,2016,6,"2016-06-23",63,59.4,71.1,55.9,1,643
"1514",5,2016,6,"2016-06-24",65.3,56.6,75,57,0,811
"1515",6,2016,6,"2016-06-25",62.1,52.1,75,53.1,0,688
"1516",7,2016,6,"2016-06-26",60.8,49.4,71.1,50,0,582
"1517",1,2016,6,"2016-06-27",64.3,58.3,71.1,50,0,718
"1518",2,2016,6,"2016-06-28",66.1,64,71.1,60.1,1,675
"1519",3,2016,6,"2016-06-29",67.2,64.8,72,64,1,687
"1520",4,2016,6,"2016-06-30",68.9,63.6,77,63,1,761
"1521",5,2016,7,"2016-07-01",66.9,63.6,77,61,1,752
"1522",6,2016,7,"2016-07-02",69.4,62.8,75.9,61,1,570
"1523",7,2016,7,"2016-07-03",67.2,58,75.9,55.9,0,448
"1524",1,2016,7,"2016-07-04",68.4,62.6,75.9,55.9,0,488
"1525",2,2016,7,"2016-07-05",67.1,65.3,75.9,64,1,663
"1526",3,2016,7,"2016-07-06",71.8,65.3,81,64,1,680
"1527",4,2016,7,"2016-07-07",68.7,66.7,81,64,1,603
"1528",5,2016,7,"2016-07-08",65.7,64.2,70,60.8,1,612
"1529",6,2016,7,"2016-07-09",61.7,58.6,70,59,0,498
"1530",7,2016,7,"2016-07-10",63,60.1,70,59,1,508
"1531",1,2016,7,"2016-07-11",63.1,58.4,70,55,0,618
"1532",2,2016,7,"2016-07-12",66.7,61.2,78.1,55,0,662
"1533",3,2016,7,"2016-07-13",67.2,63.3,78.1,57.9,0,607
"1534",4,2016,7,"2016-07-14",69.1,65.9,75,64,0,741
"1535",5,2016,7,"2016-07-15",70.7,67.9,75,66,1,798
"1536",6,2016,7,"2016-07-16",73.5,67.3,84.9,66.9,0,623
"1537",7,2016,7,"2016-07-17",70.6,68.7,84.9,66.9,1,574
"1538",1,2016,7,"2016-07-18",71.1,69,75.9,66,1,725
"1539",2,2016,7,"2016-07-19",73.8,65.7,81,66.9,0,699
"1540",3,2016,7,"2016-07-20",68.3,55.6,81,60.1,0,698
"1541",4,2016,7,"2016-07-21",70.4,63.4,80.1,60.1,0,731
"1542",5,2016,7,"2016-07-22",72.4,68.4,80.1,61,0,769
"1543",6,2016,7,"2016-07-23",74.3,68.6,82,68,0,650
"1544",7,2016,7,"2016-07-24",73.2,63.2,82,64.9,0,566
"1545",1,2016,7,"2016-07-25",71.5,68.8,80.1,64.9,0,698
"1546",2,2016,7,"2016-07-26",75.3,69.3,82,68,0,688
"1547",3,2016,7,"2016-07-27",75.4,66.3,82,70,0,690
"1548",4,2016,7,"2016-07-28",72.2,69,81,68,0,709
"1549",5,2016,7,"2016-07-29",70.8,68.3,78.1,66.9,1,774
"1550",6,2016,7,"2016-07-30",70.8,66.9,78.1,64.9,0,599
"1551",7,2016,7,"2016-07-31",67.5,64.8,72,64.4,1,529
"1552",1,2016,8,"2016-08-01",68.2,62.4,75,64,0,569
"1553",2,2016,8,"2016-08-02",66.9,61.9,75,61,0,602
"1554",3,2016,8,"2016-08-03",67.4,60,73.9,61,0,687
"1555",4,2016,8,"2016-08-04",64.2,57.8,73.9,55.9,0,715
"1556",5,2016,8,"2016-08-05",65.3,60.4,73.9,55,1,700
"1557",6,2016,8,"2016-08-06",71.3,67.5,75.9,55,0,578
"1558",7,2016,8,"2016-08-07",74.2,65,82,66.9,1,540
"1559",1,2016,8,"2016-08-08",71.3,61.3,82,62.1,0,632
"1560",2,2016,8,"2016-08-09",71.5,64.7,80.1,62.1,0,650
"1561",3,2016,8,"2016-08-10",70.6,67.2,80.1,64,0,618
"1562",4,2016,8,"2016-08-11",73.6,71.8,79,66.9,1,672
"1563",5,2016,8,"2016-08-12",74.3,72.2,79,71.1,1,729
"1564",6,2016,8,"2016-08-13",75.9,73.3,82.9,71.1,1,614
"1565",7,2016,8,"2016-08-14",75.3,73.3,80.1,69.8,1,521
"1566",1,2016,8,"2016-08-15",77.5,69.4,84,70,0,643
"1567",2,2016,8,"2016-08-16",73.1,69,84,66.9,0,644
"1568",3,2016,8,"2016-08-17",76.5,70,82,70,0,658
"1569",4,2016,8,"2016-08-18",71.5,65.7,82,64.9,0,635
"1570",5,2016,8,"2016-08-19",74.4,65.7,81,64.9,0,707
"1571",6,2016,8,"2016-08-20",69.1,62.1,81,63,0,579
"1572",7,2016,8,"2016-08-21",68.3,63.6,75.9,63,0,512
"1573",1,2016,8,"2016-08-22",73.8,66.7,81,63,1,669
"1574",2,2016,8,"2016-08-23",69,52.6,81,64,0,637
"1575",3,2016,8,"2016-08-24",70.1,63.3,77,63,0,635
"1576",4,2016,8,"2016-08-25",71.7,66.5,77,63,0,659
"1577",5,2016,8,"2016-08-26",73.4,70,79,68,0,756
"1578",6,2016,8,"2016-08-27",74.4,64.2,81,66.9,1,624
"1579",7,2016,8,"2016-08-28",67.7,61.7,81,57.9,1,559
"1580",1,2016,8,"2016-08-29",72.5,66.3,82.9,57.9,0,673
"1581",2,2016,8,"2016-08-30",67.7,59.2,82.9,59,0,622
"1582",3,2016,8,"2016-08-31",70.4,65.7,75.9,59,0,661
"1583",4,2016,9,"2016-09-01",71.5,67,77,66.9,0,675
"1584",5,2016,9,"2016-09-02",69.2,63.2,77,62.1,0,697
"1585",6,2016,9,"2016-09-03",63.2,57.5,75,55.9,0,498
"1586",7,2016,9,"2016-09-04",65.3,57.4,73,55.9,0,466
"1588",2,2016,9,"2016-09-06",69.9,65.8,75.9,62.1,0,626
"1589",3,2016,9,"2016-09-07",70.3,66.8,77,64.9,0,648
"1590",4,2016,9,"2016-09-08",68.5,66.8,77,66,1,717
"1591",5,2016,9,"2016-09-09",71.4,68.3,79,66,1,715
"1592",6,2016,9,"2016-09-10",71.9,67,79,68,1,598
"1593",7,2016,9,"2016-09-11",71.3,67.8,78.1,64.9,1,538
"1594",1,2016,9,"2016-09-12",65.1,52.1,78.1,55.9,0,648
"1595",2,2016,9,"2016-09-13",64.1,55.9,71.1,55.9,0,779
"1596",3,2016,9,"2016-09-14",68.4,61.8,73.9,57.9,0,779
"1597",4,2016,9,"2016-09-15",64.5,53.4,73.9,53.1,0,757
"1598",5,2016,9,"2016-09-16",57.7,47.7,66.9,48,0,780
"1599",6,2016,9,"2016-09-17",62.6,57.6,73,48,0,646
"1600",7,2016,9,"2016-09-18",70.6,67.3,75,66.9,0,535
"1601",1,2016,9,"2016-09-19",71,68.8,75,68,0,680
"1602",2,2016,9,"2016-09-20",71.1,69.3,75,66,0,619
"1603",3,2016,9,"2016-09-21",70,64.4,77,62.1,1,621
"1604",4,2016,9,"2016-09-22",67.2,57.8,79,57.9,0,660
"1605",5,2016,9,"2016-09-23",66.3,62.1,79,55.9,1,812
"1606",6,2016,9,"2016-09-24",60.7,49.5,75.9,50,0,612
"1607",7,2016,9,"2016-09-25",57.6,39.4,66,48,0,572
"1608",1,2016,9,"2016-09-26",55.2,41.1,64.9,44.1,0,623
"1609",2,2016,9,"2016-09-27",65.4,59.8,66.9,60.1,0,659
"1610",3,2016,9,"2016-09-28",63.1,60.7,66.2,60.1,0,637
"1611",4,2016,9,"2016-09-29",60,54.9,64.9,57.9,0,624
"1613",6,2016,10,"2016-10-01",62,60.2,64.9,59,1,581
"1614",7,2016,10,"2016-10-02",61.3,59.2,64.9,59,1,486
"1615",1,2016,10,"2016-10-03",60.5,56.1,66,57,0,490
"1616",2,2016,10,"2016-10-04",60.5,54.2,66,55.9,0,523
"1617",3,2016,10,"2016-10-05",58.7,53.2,62.1,55.4,0,695
"1618",4,2016,10,"2016-10-06",57.3,50.9,66,48.9,0,764
"1619",5,2016,10,"2016-10-07",55.6,49.7,70,44.1,1,754
"1620",6,2016,10,"2016-10-08",58.7,55.5,70,44.1,1,633
"1621",7,2016,10,"2016-10-09",62.2,59.7,69.1,46.9,0,480
"1622",1,2016,10,"2016-10-10",54.1,43.8,57,51.8,0,539
"1623",2,2016,10,"2016-10-11",54.3,42.2,60.1,46.9,0,739
"1624",3,2016,10,"2016-10-12",52.8,46.7,63,42.1,0,498
"1625",4,2016,10,"2016-10-13",59.6,56.6,66.9,42.1,0,757
"1626",5,2016,10,"2016-10-14",55.9,45.7,66.9,48,0,767
"1627",6,2016,10,"2016-10-15",50.5,38.8,60.1,41,0,641
"1628",7,2016,10,"2016-10-16",55.2,47.6,66,39.9,0,503
"1629",1,2016,10,"2016-10-17",64.5,59,72,60.1,0,585
"1630",2,2016,10,"2016-10-18",63.8,61.6,73.9,59,1,590
"1631",3,2016,10,"2016-10-19",65.6,62.5,71.1,59,0,676
"1632",4,2016,10,"2016-10-20",60.4,54.3,71.1,52,1,662
"1634",6,2016,10,"2016-10-22",61.3,58.9,70,50,1,629
"1635",7,2016,10,"2016-10-23",53.7,35.4,64,50,0,534
"1636",1,2016,10,"2016-10-24",57.5,41.6,61,50,0,573
"1637",2,2016,10,"2016-10-25",49.1,29.5,61,45,0,566
"1638",3,2016,10,"2016-10-26",44.7,28.1,53.1,41,0,706
"1640",5,2016,10,"2016-10-28",51.8,46.3,59,39.9,0,798
"1641",6,2016,10,"2016-10-29",51,44.8,59,46,0,614
"1642",7,2016,10,"2016-10-30",61.1,52.4,69.1,46.9,0,557
"1643",1,2016,10,"2016-10-31",48.3,41.9,52,42.1,0,655
"1644",2,2016,11,"2016-11-01",46.2,37.1,53.1,34,0,732
"1645",3,2016,11,"2016-11-02",55.9,49.9,63,34,0,665
"1646",4,2016,11,"2016-11-03",58.8,56.2,63,51.1,1,689
"1647",5,2016,11,"2016-11-04",53.6,44.3,63,48.9,0,777
"1648",6,2016,11,"2016-11-05",47.8,33.6,55.9,36,0,626
"1649",7,2016,11,"2016-11-06",49.9,42.3,55.9,36,0,532
"1650",1,2016,11,"2016-11-07",47.4,36.7,54,43,0,699
"1651",2,2016,11,"2016-11-08",47.2,38.2,57,39,0,620
"1652",3,2016,11,"2016-11-09",51.6,46.1,61,39,1,541
"1653",4,2016,11,"2016-11-10",49.4,40.5,61,44.1,0,706
"1654",5,2016,11,"2016-11-11",54.9,41,63,46.9,0,665
"1655",6,2016,11,"2016-11-12",42.1,25.4,46,39,0,603
"1656",7,2016,11,"2016-11-13",51.3,36.2,57,37.9,0,518
"1657",1,2016,11,"2016-11-14",54.4,44.6,62.1,46.9,0,668
"1658",2,2016,11,"2016-11-15",54.8,50.1,62.1,46.9,0,741
"1659",3,2016,11,"2016-11-16",54.4,49.5,59,51.1,0,705
"1660",4,2016,11,"2016-11-17",48.6,43,57,41,0,707
"1661",5,2016,11,"2016-11-18",50.9,44.1,55,41,0,776
"1662",6,2016,11,"2016-11-19",50.1,47.2,54,48,0,692
"1663",7,2016,11,"2016-11-20",47,42.3,50,41,1,529
"1664",1,2016,11,"2016-11-21",38.8,23.3,51.1,37,0,684
"1665",2,2016,11,"2016-11-22",37.7,21.4,43,34,0,765
"1666",3,2016,11,"2016-11-23",37.1,23.3,44.1,30.9,0,807
"1667",4,2016,11,"2016-11-24",42.2,34.3,48.9,30,0,428
"1668",5,2016,11,"2016-11-25",48.6,43.1,51.1,34,0,455
"1669",6,2016,11,"2016-11-26",47,45,48.9,41,1,463
"1670",7,2016,11,"2016-11-27",43.4,34.6,48.9,39.9,0,466
"1671",1,2016,11,"2016-11-28",39.5,26.7,46.9,33.1,0,647
"1672",2,2016,11,"2016-11-29",43.8,38.5,53.6,33.1,0,752
"1673",3,2016,11,"2016-11-30",52.9,51.3,57.2,48.2,1,730
"1674",4,2016,12,"2016-12-01",53.4,49.7,57,48.9,1,734
"1675",5,2016,12,"2016-12-02",46.4,32.8,57,43,0,690
"1676",6,2016,12,"2016-12-03",43.8,28.3,50,39.9,0,592
"1677",7,2016,12,"2016-12-04",38.2,24.3,48,34,0,482
"1678",1,2016,12,"2016-12-05",37.9,30.9,46.9,26.1,0,791
"1679",2,2016,12,"2016-12-06",41.7,31.3,46.9,30.9,0,711
"1680",3,2016,12,"2016-12-07",42.8,37.1,46,39,0,637
"1681",4,2016,12,"2016-12-08",42.7,35.1,46.9,37,0,635
"1682",5,2016,12,"2016-12-09",36.6,19.2,46.9,34,0,701
"1683",6,2016,12,"2016-12-10",28.2,9.9,39.9,24.1,0,555
"1684",7,2016,12,"2016-12-11",29.9,13.3,36,24.1,0,522
"1685",1,2016,12,"2016-12-12",43.6,40.4,53.1,25,0,665
"1686",2,2016,12,"2016-12-13",39.7,26.9,53.1,35.1,0,630
"1687",3,2016,12,"2016-12-14",41.2,31.1,44.1,35.1,0,689
"1688",4,2016,12,"2016-12-15",29.8,14,44.1,19.9,1,749
"1689",5,2016,12,"2016-12-16",18.2,-2.1,23,12.9,0,792
"1690",6,2016,12,"2016-12-17",36.2,31.3,52,12,0,623
"1691",7,2016,12,"2016-12-18",49.8,48,57,43,1,521
"1692",1,2016,12,"2016-12-19",35.3,22.9,57.9,30,0,722
"1693",2,2016,12,"2016-12-20",34.8,25.3,41,30,0,719
"1694",3,2016,12,"2016-12-21",38.8,29,43,30,0,676
"1695",4,2016,12,"2016-12-22",38.9,32.3,46,27,0,700
"1696",5,2016,12,"2016-12-23",39,28.8,46,27,0,692
"1697",6,2016,12,"2016-12-24",44.1,39.3,48.9,36,0,554
"1700",2,2016,12,"2016-12-27",49.8,46.9,53.1,44.1,1,569
"1701",3,2016,12,"2016-12-28",39.1,26.8,53.1,34,0,546
"1702",4,2016,12,"2016-12-29",37.3,29.4,48.9,24.1,0,542
"1703",5,2016,12,"2016-12-30",40.4,29.9,50,24.1,0,583
"1704",6,2016,12,"2016-12-31",35.8,21.1,44.1,30,0,465
"1705",7,2017,1,"2017-01-01",44.4,33.6,48,39,0,485
"1706",1,2017,1,"2017-01-02",37.4,28.7,50,26.1,0,449
"1707",2,2017,1,"2017-01-03",44.3,40.7,48.9,42.1,0,659
"1708",3,2017,1,"2017-01-04",46.5,43.7,53.1,42.1,1,590
"1709",4,2017,1,"2017-01-05",36.4,19.7,48,32,0,552
"1710",5,2017,1,"2017-01-06",31.7,25.8,41,28.9,1,600
"1713",1,2017,1,"2017-01-09",18.3,5.7,28,15.1,0,669
"1714",2,2017,1,"2017-01-10",35.6,26.3,42.1,15.1,0,597
"1715",3,2017,1,"2017-01-11",45,40.9,50,28.9,0,629
"1716",4,2017,1,"2017-01-12",47.8,45.5,53.1,42.1,0,646
"1717",5,2017,1,"2017-01-13",46.8,37.5,50,37.9,0,604
"1718",6,2017,1,"2017-01-14",29.8,13.4,50,25,0,495
"1719",7,2017,1,"2017-01-15",33.6,24.8,36,25,0,490
"1720",1,2017,1,"2017-01-16",31.6,20.7,43,21,0,477
"1721",2,2017,1,"2017-01-17",40,30.9,44.1,37,0,657
"1722",3,2017,1,"2017-01-18",41.6,38.5,44.1,36,0,549
"1723",4,2017,1,"2017-01-19",40.7,36.9,45,37,0,610
"1724",5,2017,1,"2017-01-20",39.9,32.5,45,37,0,605
"1725",6,2017,1,"2017-01-21",42.3,37.5,46,37,1,475
"1727",1,2017,1,"2017-01-23",40.9,34.4,44.1,37.4,0,667
"1728",2,2017,1,"2017-01-24",48.9,46.9,55,37.9,1,564
"1729",3,2017,1,"2017-01-25",41.1,35.1,55,37.9,0,576
"1730",4,2017,1,"2017-01-26",44.3,39.9,50,37.9,0,563
"1731",5,2017,1,"2017-01-27",42.1,29.8,45,39.9,0,583
"1732",6,2017,1,"2017-01-28",38.7,23.1,45,36,0,501
"1733",7,2017,1,"2017-01-29",38,26.4,43,34,0,428
"1734",1,2017,1,"2017-01-30",34,23.1,43,24.1,0,545
"1735",2,2017,1,"2017-01-31",28.1,14.6,39.9,21.9,1,571
"1736",3,2017,2,"2017-02-01",38.7,31.3,45,21.9,0,574
"1737",4,2017,2,"2017-02-02",37.7,24.2,45,30,0,586
"1738",5,2017,2,"2017-02-03",30.9,14,44.1,26.1,0,609
"1739",6,2017,2,"2017-02-04",28.4,10.8,33.1,24.1,0,541
"1740",7,2017,2,"2017-02-05",36.1,23.7,44.1,24.1,0,429
"1741",1,2017,2,"2017-02-06",37.5,21,44.1,30.9,0,568
"1742",2,2017,2,"2017-02-07",38.1,32.2,46.9,25,0,626
"1743",3,2017,2,"2017-02-08",46.2,43.9,50,42.1,1,673
"1744",4,2017,2,"2017-02-09",38.1,33.3,51.1,24.1,1,507
"1745",5,2017,2,"2017-02-10",21,9.1,27,16,1,708
"1746",6,2017,2,"2017-02-11",32,24.7,41,16,0,511
"1747",7,2017,2,"2017-02-12",35.6,32.1,41,23,0,439
"1748",1,2017,2,"2017-02-13",35.9,30.3,44.6,28.9,1,642
"1749",2,2017,2,"2017-02-14",30.1,19.1,33.1,26.6,0,688
"1750",3,2017,2,"2017-02-15",36.6,32.7,44.1,21.9,0,603
"1751",4,2017,2,"2017-02-16",36.1,28.8,44.1,21.9,1,652
"1752",5,2017,2,"2017-02-17",31.8,17.3,39,26.1,0,680
"1753",6,2017,2,"2017-02-18",37,26.6,46.9,24.1,0,570
"1754",7,2017,2,"2017-02-19",47.8,36.9,57,41,0,438
"1755",1,2017,2,"2017-02-20",41.9,29.5,59,36,0,428
"1756",2,2017,2,"2017-02-21",37.1,26.6,46,30,0,483
"1757",3,2017,2,"2017-02-22",40.6,35.2,46.9,32,0,477
"1758",4,2017,2,"2017-02-23",44,41.7,48.9,37,1,581
"1759",5,2017,2,"2017-02-24",47.5,44.3,54,39.9,1,657
"1760",6,2017,2,"2017-02-25",49.8,46.6,57.9,44.1,1,573
"1761",7,2017,2,"2017-02-26",43,31.2,57.9,37.9,1,462
"1762",1,2017,2,"2017-02-27",39.1,25.5,48,30,0,540
"1763",2,2017,2,"2017-02-28",44.2,39.9,48.9,30,0,591
"1764",3,2017,3,"2017-03-01",47.4,45.8,52,41,1,571
"1765",4,2017,3,"2017-03-02",47.8,36.9,52,37.9,0,653
"1766",5,2017,3,"2017-03-03",33.2,8.8,51.1,28,0,745
"1767",6,2017,3,"2017-03-04",22.9,0.1,37,18,0,536
"1768",7,2017,3,"2017-03-05",20.8,-1.7,33.1,12,0,489
"1769",1,2017,3,"2017-03-06",28.9,11.2,36,12,0,618
"1770",2,2017,3,"2017-03-07",36.7,27.5,45,24.1,0,637
"1771",3,2017,3,"2017-03-08",45.9,42.6,48.9,30,1,609
"1772",4,2017,3,"2017-03-09",45.9,34.3,52,41,0,665
"1773",5,2017,3,"2017-03-10",35.5,26.4,52,30,1,612
"1774",6,2017,3,"2017-03-11",22.5,7.2,44.1,17.1,0,548
"1775",7,2017,3,"2017-03-12",20,2.6,26.1,15.1,0,516
"1776",1,2017,3,"2017-03-13",21.9,6.4,27,15.1,0,792
"1778",3,2017,3,"2017-03-15",29.8,20.7,46.9,25,0,650
"1780",5,2017,3,"2017-03-17",33,13.4,39,23,0,756
"1781",6,2017,3,"2017-03-18",34.7,23.9,43,21.9,0,504
"1782",7,2017,3,"2017-03-19",36,32.2,43,21.9,1,550
"1783",1,2017,3,"2017-03-20",39.2,26.3,45,33.1,0,750
"1784",2,2017,3,"2017-03-21",39.9,26.4,50,34,0,636
"1785",3,2017,3,"2017-03-22",38.6,20.9,50,27,0,617
"1786",4,2017,3,"2017-03-23",26.4,1.5,46,19.9,0,703
"1787",5,2017,3,"2017-03-24",35.3,21.9,43,19.9,0,654
"1788",6,2017,3,"2017-03-25",42.9,36.8,48,37.4,0,571
"1789",7,2017,3,"2017-03-26",37,30,50,28,0,456
"1790",1,2017,3,"2017-03-27",42,38.3,46.9,28,1,629
"1791",2,2017,3,"2017-03-28",40.7,38.5,48,37,1,592
"1792",3,2017,3,"2017-03-29",41.9,37.1,48,37,0,672
"1793",4,2017,3,"2017-03-30",40,25.9,46,34,0,639
"1794",5,2017,3,"2017-03-31",37.6,30.7,45,30.9,0,753
"1795",6,2017,4,"2017-04-01",39.8,36.9,44.1,35.1,0,591
"1796",7,2017,4,"2017-04-02",39.7,33,46.9,37,0,514
"1797",1,2017,4,"2017-04-03",43,31.7,54,32,0,646
"1798",2,2017,4,"2017-04-04",42.9,38,54,32,1,598
"1799",3,2017,4,"2017-04-05",42.6,38.4,46.9,39,1,587
"1800",4,2017,4,"2017-04-06",41.9,38.5,51.8,39,1,713
"1801",5,2017,4,"2017-04-07",47.8,42.6,54,39,1,694
"1802",6,2017,4,"2017-04-08",43.9,30.6,51.1,39,0,627
"1803",7,2017,4,"2017-04-09",46.3,30.9,55,39,0,541
"1804",1,2017,4,"2017-04-10",46.9,39.6,55,39.9,0,634
"1805",2,2017,4,"2017-04-11",49.8,44,55,41,0,519
"1806",3,2017,4,"2017-04-12",49.1,45.1,55,46,0,540
"1807",4,2017,4,"2017-04-13",49.8,38.5,57,42.1,0,590
"1808",5,2017,4,"2017-04-14",47.5,34.1,57.9,37.9,0,515
"1809",6,2017,4,"2017-04-15",46.8,38,57.9,35.1,0,495
"1810",7,2017,4,"2017-04-16",51.9,46.9,57,37,1,481
"1811",1,2017,4,"2017-04-17",56.4,48.3,70,48.9,0,488
"1812",2,2017,4,"2017-04-18",47.8,39.2,53.1,41,0,516
"1813",3,2017,4,"2017-04-19",41.7,32.2,53.1,32,0,580
"1814",4,2017,4,"2017-04-20",47.5,44.1,54,32,1,632
"1815",5,2017,4,"2017-04-21",45.7,43.4,46.9,44.6,0,690
"1816",6,2017,4,"2017-04-22",46.7,44.5,48.9,44.1,0,551
"1817",7,2017,4,"2017-04-23",46.5,39.5,55.9,43,0,517
"1818",1,2017,4,"2017-04-24",46.6,42.4,55.9,42.1,0,541
"1819",2,2017,4,"2017-04-25",49.7,46.6,52,42.1,0,723
"1820",3,2017,4,"2017-04-26",53.1,51.8,55.4,50,1,630
"1821",4,2017,4,"2017-04-27",52.9,50.7,63,48,1,688
"1823",6,2017,4,"2017-04-29",54.2,51.6,64,48.2,1,661
"1824",7,2017,4,"2017-04-30",53.4,40,66.9,45,0,470
"1825",1,2017,5,"2017-05-01",49.3,45.3,57.9,44.6,1,639
"1826",2,2017,5,"2017-05-02",55.4,53.4,60.1,45,1,743
"1827",3,2017,5,"2017-05-03",54.7,44.3,60.1,48.9,0,714
"1828",4,2017,5,"2017-05-04",51.5,34.8,59,45,0,701
"1829",5,2017,5,"2017-05-05",49.4,44,57.9,45,0,776
"1830",6,2017,5,"2017-05-06",55.1,54.1,57.9,46,1,685
"1831",7,2017,5,"2017-05-07",52.5,48.9,57.9,50,1,514
"1832",1,2017,5,"2017-05-08",50,41.3,57,46,0,638
"1833",2,2017,5,"2017-05-09",48.3,34.9,55,39.9,0,651
"1834",3,2017,5,"2017-05-10",48.7,38.4,57,39.9,0,668
"1835",4,2017,5,"2017-05-11",49.5,42,57,43,0,686
"1836",5,2017,5,"2017-05-12",48.6,42.2,57,44.1,0,817
"1837",6,2017,5,"2017-05-13",47.9,41.7,54,44.1,0,683
"1838",7,2017,5,"2017-05-14",50.4,47.9,57,45,1,633
"1839",1,2017,5,"2017-05-15",51.1,43.8,57,48,0,729
"1840",2,2017,5,"2017-05-16",57.5,46.9,69.1,46.9,0,694
"1841",3,2017,5,"2017-05-17",57.9,50.2,69.1,48,0,753
"1844",6,2017,5,"2017-05-20",56.3,41.6,69.1,48,0,612
"1845",7,2017,5,"2017-05-21",52.7,37.3,63,41,0,618
"1846",1,2017,5,"2017-05-22",51.4,40.5,63,41,0,719
"1847",2,2017,5,"2017-05-23",56.8,52.3,62.1,48,1,659
"1848",3,2017,5,"2017-05-24",53.9,49.6,62.1,50,0,641
"1849",4,2017,5,"2017-05-25",53.8,51.1,59,51.1,1,742
"1850",5,2017,5,"2017-05-26",55.4,52.9,59,52,1,776
"1851",6,2017,5,"2017-05-27",57.5,48.6,63,51.1,0,475
"1852",7,2017,5,"2017-05-28",51.8,46.1,63,45,0,474
"1854",2,2017,5,"2017-05-30",53.5,49.6,61,50,0,647
"1855",3,2017,5,"2017-05-31",55.4,53.1,62.1,50,1,669
"1856",4,2017,6,"2017-06-01",55.7,53.8,61,51.8,1,654
"1857",5,2017,6,"2017-06-02",58.2,48.2,66,52,1,737
"1858",6,2017,6,"2017-06-03",56.9,47.9,66,43,0,637
"1859",7,2017,6,"2017-06-04",58,49.8,66,43,0,468
"1860",1,2017,6,"2017-06-05",56.6,54.5,66,50,0,656
"1861",2,2017,6,"2017-06-06",52.4,50.5,64.9,50,0,660
"1862",3,2017,6,"2017-06-07",54.5,47.5,61,50,0,675
"1863",4,2017,6,"2017-06-08",52.7,45.2,63,39.9,0,660
"1864",5,2017,6,"2017-06-09",57.6,52.7,66,39.9,0,770
"1865",6,2017,6,"2017-06-10",60.4,54.5,70,54,0,665
"1866",7,2017,6,"2017-06-11",61.5,55.8,70,55.9,0,702
"1867",1,2017,6,"2017-06-12",66,58.9,80.1,57.9,0,804
"1869",3,2017,6,"2017-06-14",67.1,51.6,79,57,0,754
"1870",4,2017,6,"2017-06-15",57.2,45.8,66,46.9,0,771
"1871",5,2017,6,"2017-06-16",59.8,52.9,66,46.9,0,657
"1872",6,2017,6,"2017-06-17",61.7,59.4,68,57,1,654
"1873",7,2017,6,"2017-06-18",63.8,62.5,68,59,1,593
"1874",1,2017,6,"2017-06-19",64.7,64.5,68,62.6,1,819
"1875",2,2017,6,"2017-06-20",63.4,63.4,66,60.8,1,813
"1876",3,2017,6,"2017-06-21",62.6,61.8,66.9,60.1,1,744
"1878",5,2017,6,"2017-06-23",64.9,63.4,75,55.9,1,793
"1879",6,2017,6,"2017-06-24",67.2,65.1,75,61,1,753
"1880",7,2017,6,"2017-06-25",68.8,60.1,79,59,0,590
"1881",1,2017,6,"2017-06-26",66.7,59.2,79,59,0,669
"1882",2,2017,6,"2017-06-27",64.3,61.6,75,57.9,0,757
"1883",3,2017,6,"2017-06-28",65.4,58,71.1,57.9,0,730
"1884",4,2017,6,"2017-06-29",65.6,62.6,71.1,59,0,767
"1885",5,2017,6,"2017-06-30",66.9,63.7,72,63,0,747
"1886",6,2017,7,"2017-07-01",67.7,66.3,73,63,0,595
"1887",7,2017,7,"2017-07-02",68.7,67.4,73.9,64.4,1,537
"1888",1,2017,7,"2017-07-03",70.9,66.1,82,64.9,1,617
"1890",3,2017,7,"2017-07-05",67.9,58.5,81,57.9,0,706
"1891",4,2017,7,"2017-07-06",61.7,59.9,78.1,53.1,0,611
"1892",5,2017,7,"2017-07-07",66,66,69.8,64,1,674
"1893",6,2017,7,"2017-07-08",67.3,66.8,73,64,1,585
"1894",7,2017,7,"2017-07-09",69.6,64.1,77,64,0,512
"1895",1,2017,7,"2017-07-10",68.3,66.1,77,62.1,0,667
"1896",2,2017,7,"2017-07-11",68.8,68.4,75,62.1,1,638
"1897",3,2017,7,"2017-07-12",70.8,70.2,77,64.9,1,677
"1898",4,2017,7,"2017-07-13",70.8,69.6,80.1,64,1,759
"1899",5,2017,7,"2017-07-14",63.7,61.5,80.1,62.1,0,707
"1900",6,2017,7,"2017-07-15",64.3,62.7,72,60.1,0,649
"1901",7,2017,7,"2017-07-16",69.3,67.7,78.1,60.1,1,515
"1902",1,2017,7,"2017-07-17",67.3,66.8,78.1,62.1,1,639
"1903",2,2017,7,"2017-07-18",69.4,67.9,78.1,62.1,1,706
"1904",3,2017,7,"2017-07-19",71.6,70.3,79,66,1,747
"1905",4,2017,7,"2017-07-20",74.7,70.6,84.9,66.9,1,774
"1906",5,2017,7,"2017-07-21",75.6,69.6,84.9,69.1,1,733
"1907",6,2017,7,"2017-07-22",74,67.2,84.9,68,0,648
"1908",7,2017,7,"2017-07-23",68.4,63.5,82,64,0,554
"1909",1,2017,7,"2017-07-24",63,58,75,57.9,0,620
"1910",2,2017,7,"2017-07-25",62.8,59.4,70,57.9,0,595
"1911",3,2017,7,"2017-07-26",63.6,58,72,55,0,635
"1912",4,2017,7,"2017-07-27",61.8,59.2,72,55,0,610
"1913",5,2017,7,"2017-07-28",69.2,66.9,77,55.9,0,685
"1914",6,2017,7,"2017-07-29",65.1,65,77,63,0,512
"1915",7,2017,7,"2017-07-30",67.1,57.7,73.9,62.1,0,606
"1916",1,2017,7,"2017-07-31",63.9,57.3,73.9,50,0,656
"1917",2,2017,8,"2017-08-01",68.2,64.8,75.9,50,0,705
"1918",3,2017,8,"2017-08-02",68.6,66.6,75.9,63,0,618
"1919",4,2017,8,"2017-08-03",67.5,66,75,61,1,713
"1920",5,2017,8,"2017-08-04",67.7,66.7,75.9,61,1,758
"1921",6,2017,8,"2017-08-05",67.7,67.2,75.9,64,1,573
"1922",7,2017,8,"2017-08-06",69.4,59.9,75,64,0,519
"1923",1,2017,8,"2017-08-07",67.5,64.2,75,59,0,606
"1924",2,2017,8,"2017-08-08",65.2,62.8,73.9,59,0,631
"1925",3,2017,8,"2017-08-09",67.1,63.5,75,59,1,655
"1926",4,2017,8,"2017-08-10",67.8,66,75,59,1,650
"1927",5,2017,8,"2017-08-11",67.6,65.8,77,60.1,1,655
"1928",6,2017,8,"2017-08-12",65.9,65.8,77,60.1,1,526
"1929",7,2017,8,"2017-08-13",71,69.3,80.1,62.1,1,563
"1930",1,2017,8,"2017-08-14",67.7,65.2,80.1,61,1,602
"1931",2,2017,8,"2017-08-15",67.8,66.8,79,61,1,577
"1932",3,2017,8,"2017-08-16",71.1,65.9,79,64.9,1,600
"1933",4,2017,8,"2017-08-17",68,60.8,79,62.1,0,639
"1934",5,2017,8,"2017-08-18",66.6,65.6,73.9,57.9,0,612
"1935",6,2017,8,"2017-08-19",71.8,70.9,78.1,57.9,1,638
"1936",7,2017,8,"2017-08-20",72.8,68.1,80.1,66.9,1,538
"1937",1,2017,8,"2017-08-21",69.9,65.6,81,61,0,627
"1938",2,2017,8,"2017-08-22",70.5,69.8,81,61,0,684
"1939",3,2017,8,"2017-08-23",72.3,70.9,78.1,68,0,629
"1940",4,2017,8,"2017-08-24",70,60.2,79,63,0,631
"1941",5,2017,8,"2017-08-25",66.4,60,79,57.9,0,633
"1942",6,2017,8,"2017-08-26",64.1,56.8,73.9,54,0,570
"1943",7,2017,8,"2017-08-27",62.3,53.6,73,50,0,498
"1944",1,2017,8,"2017-08-28",62.7,56.4,73,50,0,584
"1945",2,2017,8,"2017-08-29",62,58.3,71.1,54,0,614
"1946",3,2017,8,"2017-08-30",61.8,57.5,68,57,0,671
"1947",4,2017,8,"2017-08-31",66.2,60.6,75,54,0,618
"1948",5,2017,9,"2017-09-01",62.7,50,75,55,0,681
"1949",6,2017,9,"2017-09-02",58.7,45.2,66.9,50,0,562
"1950",7,2017,9,"2017-09-03",60,56.6,68,50,1,518
"1951",1,2017,9,"2017-09-04",65.4,62.2,70,53.1,0,532
"1952",2,2017,9,"2017-09-05",68.1,66.4,73,62.1,0,707
"1953",3,2017,9,"2017-09-06",69.6,68.6,75,64.9,0,608
"1954",4,2017,9,"2017-09-07",67.1,65.1,75,64,1,790
"1955",5,2017,9,"2017-09-08",65.4,60.5,70,60.1,0,740
"1956",6,2017,9,"2017-09-09",63.1,57,70,54,0,608
"1957",7,2017,9,"2017-09-10",61.1,56.3,69.1,54,0,533
"1958",1,2017,9,"2017-09-11",63.6,53.9,72,52,0,735
"1959",2,2017,9,"2017-09-12",65.3,59.7,73.9,57,0,680
"1960",3,2017,9,"2017-09-13",67.5,63.4,75,60.1,0,738
"1961",4,2017,9,"2017-09-14",67.4,67.2,75,63,1,728
"1963",6,2017,9,"2017-09-16",66.8,65.5,75.9,61,1,623
"1964",7,2017,9,"2017-09-17",64.7,64.2,75.9,60.1,1,586
"1965",1,2017,9,"2017-09-18",65.7,65.5,73,60.1,1,672
"1966",2,2017,9,"2017-09-19",65.5,65.4,71.1,63,1,661
"1967",3,2017,9,"2017-09-20",66.1,66.1,70,63,0,583
"1968",4,2017,9,"2017-09-21",63.9,63.8,68,60.1,0,535
"1969",5,2017,9,"2017-09-22",61.3,61.3,66,59,0,614
"1970",6,2017,9,"2017-09-23",62.6,62.6,64.9,61,1,631
"1971",7,2017,9,"2017-09-24",65.3,64.3,73,60.1,1,587
"1972",1,2017,9,"2017-09-25",64.2,63.7,73,59,1,726
"1973",2,2017,9,"2017-09-26",65.9,65.3,77,59,1,656
"1974",3,2017,9,"2017-09-27",68.7,68.6,77,62.1,1,696
"1975",4,2017,9,"2017-09-28",69.4,66.3,77,64,1,740
"1976",5,2017,9,"2017-09-29",59.6,48.5,72,53.1,0,757
"1977",6,2017,9,"2017-09-30",56.3,50.9,64,48,0,550
"1978",7,2017,10,"2017-10-01",55.5,46.8,63,48,0,571
"1979",1,2017,10,"2017-10-02",58,51.4,66,48,0,739
"1980",2,2017,10,"2017-10-03",54.1,47.5,62.1,46,0,687
"1981",3,2017,10,"2017-10-04",59.3,56.1,66,46,0,711
"1982",4,2017,10,"2017-10-05",63.7,62.6,69.1,54,0,657
"1983",5,2017,10,"2017-10-06",64.9,64.2,70,61,1,649
"1984",6,2017,10,"2017-10-07",63.8,63.5,71.1,61,1,570
"1985",7,2017,10,"2017-10-08",65.8,65.6,71.1,61,0,521
"1986",1,2017,10,"2017-10-09",66.3,66.2,71.1,64,0,546
"1987",2,2017,10,"2017-10-10",68.8,65.6,77,63,1,768
"1988",3,2017,10,"2017-10-11",62.1,58.7,77,55.9,0,628
"1989",4,2017,10,"2017-10-12",57.1,49.2,68,52,0,603
"1990",5,2017,10,"2017-10-13",56.4,49.4,63,51.1,0,658
"1991",6,2017,10,"2017-10-14",62.4,62,66.9,52,0,567
"1992",7,2017,10,"2017-10-15",63.3,63.3,68,57,1,496
"1993",1,2017,10,"2017-10-16",62.3,58.2,68,55,0,641
"1994",2,2017,10,"2017-10-17",51.1,39,66.9,41,0,736
"1995",3,2017,10,"2017-10-18",56.7,49,66.9,41,0,737
"1996",4,2017,10,"2017-10-19",59.7,58.3,66.9,48.9,0,766
"1997",5,2017,10,"2017-10-20",62,54.1,68,54,0,823
"1998",6,2017,10,"2017-10-21",58.8,50.3,68,46.9,0,583
"1999",7,2017,10,"2017-10-22",60.6,59.2,66.9,46.9,0,528
"2000",1,2017,10,"2017-10-23",59.5,58.7,68,52,1,669
"2001",2,2017,10,"2017-10-24",64.3,63.4,69.1,53.1,0,685
"2002",3,2017,10,"2017-10-25",65.1,65,69.1,60.1,0,648
"2003",4,2017,10,"2017-10-26",60.1,59.6,66.9,55,0,658
"2004",5,2017,10,"2017-10-27",54.1,43.5,64,48.9,0,759
"2005",6,2017,10,"2017-10-28",55.1,51.2,63,42.1,0,615
"2006",7,2017,10,"2017-10-29",60.4,59.4,64,42.1,0,613
"2008",2,2017,10,"2017-10-31",57.7,44.2,73,53.1,0,696
"2009",3,2017,11,"2017-11-01",50.6,39.9,61,37.9,0,607
"2010",4,2017,11,"2017-11-02",58.9,56.1,64,55,0,746
"2011",5,2017,11,"2017-11-03",58.7,58.5,66,52,1,776
"2012",6,2017,11,"2017-11-04",53.6,44.6,66,46.9,0,613
"2013",7,2017,11,"2017-11-05",54.5,49.5,61,46.9,0,519
"2014",1,2017,11,"2017-11-06",62.2,61.6,66,48.9,1,682
"2015",2,2017,11,"2017-11-07",53,46.7,66,48,0,710
"2016",3,2017,11,"2017-11-08",47,43.6,57,44.1,0,662
"2017",4,2017,11,"2017-11-09",48.3,39.9,54,43,0,702
"2018",5,2017,11,"2017-11-10",44.6,33.5,55,32,0,724
"2019",6,2017,11,"2017-11-11",30.2,18,36,26.1,0,623
"2020",7,2017,11,"2017-11-12",35.8,29.8,46.9,24.1,0,539
"2021",1,2017,11,"2017-11-13",48.8,44.3,52,46,0,699
"2022",2,2017,11,"2017-11-14",46.1,39,52,42.1,0,647
"2023",3,2017,11,"2017-11-15",43.9,37.1,48.9,39,0,713
"2024",4,2017,11,"2017-11-16",46.6,43.4,54,39,0,811
"2025",5,2017,11,"2017-11-17",43.8,33.2,54,42.1,0,814
"2026",6,2017,11,"2017-11-18",43.5,31.4,53.1,28,0,629
"2027",7,2017,11,"2017-11-19",54.8,50.4,59,44.1,0,573
"2028",1,2017,11,"2017-11-20",40.5,24.6,45,37.9,0,748
"2029",2,2017,11,"2017-11-21",51.1,39,57.9,37,0,790
"2030",3,2017,11,"2017-11-22",54.2,52.3,57.9,45,0,774
"2031",4,2017,11,"2017-11-23",38.7,30.1,57,34,0,469
"2032",5,2017,11,"2017-11-24",40.8,30.7,50,33.1,0,502
"2033",6,2017,11,"2017-11-25",50.1,47.2,55.9,34,0,456
"2034",7,2017,11,"2017-11-26",48.9,39.7,55.9,41,0,485
"2035",1,2017,11,"2017-11-27",43,28.8,52,39,0,635
"2036",2,2017,11,"2017-11-28",37.9,27.4,48.9,28,0,649
"2037",3,2017,11,"2017-11-29",52.2,47.6,59,46,0,701
"2038",4,2017,11,"2017-11-30",43.2,34,59,33.1,0,663
"2039",5,2017,12,"2017-12-01",48.2,44.2,52,33.1,0,772
"2040",6,2017,12,"2017-12-02",42.5,34.2,52,35.1,0,575
"2041",7,2017,12,"2017-12-03",42.6,36.3,48.9,35.1,0,448
"2042",1,2017,12,"2017-12-04",40.9,35.1,48.9,33.1,0,684
"2043",2,2017,12,"2017-12-05",42,38.5,52,28,0,704
"2044",3,2017,12,"2017-12-06",51.3,48.7,57,28,0,651
"2045",4,2017,12,"2017-12-07",43.4,28.1,57,39,0,693
"2046",5,2017,12,"2017-12-08",41,26.6,48,37.9,0,682
"2047",6,2017,12,"2017-12-09",38.7,36.7,43,37,0,538
"2048",7,2017,12,"2017-12-10",39,34.6,42.1,35.1,0,513
"2049",1,2017,12,"2017-12-11",38.4,28.3,42.1,32,0,725
"2050",2,2017,12,"2017-12-12",42.6,38.1,51.1,26.1,0,687
"2051",3,2017,12,"2017-12-13",32.8,25.1,51.1,25,0,709
"2054",6,2017,12,"2017-12-16",30.9,24.3,35.1,17.1,0,661
"2055",7,2017,12,"2017-12-17",27.6,13.8,35.1,24.1,0,547
"2056",1,2017,12,"2017-12-18",32.7,23.9,43,24.1,0,706
"2057",2,2017,12,"2017-12-19",44.9,41.8,51.1,41,0,657
"2058",3,2017,12,"2017-12-20",44.3,31.7,51.1,37,0,700
"2059",4,2017,12,"2017-12-21",32.4,19.7,36,26.1,0,742
"2060",5,2017,12,"2017-12-22",32.7,24.3,41,24.1,0,720
"2061",6,2017,12,"2017-12-23",45.6,45.4,53.1,26.1,1,565
"2062",7,2017,12,"2017-12-24",41.9,37.7,53.1,37.9,0,469
"2064",2,2017,12,"2017-12-26",29.5,12.4,50,25,0,543
"2065",3,2017,12,"2017-12-27",21.9,5,32,18,0,577
"2066",4,2017,12,"2017-12-28",15.3,-1.4,24.1,12,0,609
"2067",5,2017,12,"2017-12-29",13.7,5.4,21.9,6.1,0,598
"2068",6,2017,12,"2017-12-30",16.7,3.7,21.9,6.1,0,565
"2069",7,2017,12,"2017-12-31",21,17.9,21.9,19.9,0,462
"2070",1,2018,1,"2018-01-01",9.5,-0.5,21,5,0,453
"2071",2,2018,1,"2018-01-02",14.7,2,18,5,0,654
"2072",3,2018,1,"2018-01-03",25.6,18.3,35.1,10.9,0,645
"2073",4,2018,1,"2018-01-04",37.1,35.9,42.8,27,0,464
"2074",5,2018,1,"2018-01-05",23,13.8,42.1,15.1,0,700
"2075",6,2018,1,"2018-01-06",13.2,-0.2,27,10.9,0,599
"2076",7,2018,1,"2018-01-07",9.3,-0.5,19.9,1.9,0,475
"2077",1,2018,1,"2018-01-08",35,28,42.1,21.9,0,720
"2078",2,2018,1,"2018-01-09",38.3,32.3,43,30.9,0,684
"2079",3,2018,1,"2018-01-10",31.4,24.2,42.1,21.9,0,687
"2080",4,2018,1,"2018-01-11",38.5,38,45,21.9,0,696
"2081",5,2018,1,"2018-01-12",43.7,43.7,48,30.9,1,704
"2082",6,2018,1,"2018-01-13",45.4,43.2,52,33.1,1,603
"2083",7,2018,1,"2018-01-14",27,21.7,30.9,24.8,0,494
"2084",1,2018,1,"2018-01-15",31.6,24.5,37.9,25,0,523
"2085",2,2018,1,"2018-01-16",32.3,28.9,37.9,28,0,617
"2086",3,2018,1,"2018-01-17",36,35.2,41,28,1,611
"2087",4,2018,1,"2018-01-18",32.4,29.5,41,28.9,0,634
"2088",5,2018,1,"2018-01-19",28.9,21.4,34,24.1,0,599
"2089",6,2018,1,"2018-01-20",38.1,32.5,46.9,24.1,0,530
"2091",1,2018,1,"2018-01-22",36.4,35.9,48.9,27,0,559
"2092",2,2018,1,"2018-01-23",45.3,45.3,51.1,27,1,531
"2093",3,2018,1,"2018-01-24",41.1,36.1,51.1,34,1,615
"2094",4,2018,1,"2018-01-25",28,12.4,44.1,23,0,602
"2095",5,2018,1,"2018-01-26",25.3,7,32,21,0,677
"2096",6,2018,1,"2018-01-27",36.8,30.7,46,17.1,0,510
"2098",1,2018,1,"2018-01-29",40.3,37.7,46,37,1,531
"2099",2,2018,1,"2018-01-30",31.9,30.5,42.1,26.1,1,579
"2100",3,2018,1,"2018-01-31",25,14.8,37,19.9,0,596
"2101",4,2018,2,"2018-02-01",38.3,34.7,44.1,19.9,0,594
"2102",5,2018,2,"2018-02-02",34.2,30.8,44.1,23,0,617
"2103",6,2018,2,"2018-02-03",19.8,8.6,43,12.9,0,478
"2104",7,2018,2,"2018-02-04",37.8,34.1,46,30,0,541
"2105",1,2018,2,"2018-02-05",42.5,38.1,46.9,33.1,1,706
"2106",2,2018,2,"2018-02-06",30,20.2,46.9,19.9,0,545
"2107",3,2018,2,"2018-02-07",36.4,32.6,48.9,19.9,1,653
"2108",4,2018,2,"2018-02-08",34.6,28.2,48.9,21.9,0,616
"2109",5,2018,2,"2018-02-09",28.3,17.3,42.1,19.9,0,583
"2110",6,2018,2,"2018-02-10",41.6,39,48,21.9,0,549
"2111",7,2018,2,"2018-02-11",46.3,46.3,52,36,1,479
"2112",1,2018,2,"2018-02-12",45,44.2,52,34,1,543
"2113",2,2018,2,"2018-02-13",31.5,23,34,28,0,613
"2114",3,2018,2,"2018-02-14",36.9,34,44.1,28,0,671
"2115",4,2018,2,"2018-02-15",40.8,40.8,44.1,30.9,1,645
"2116",5,2018,2,"2018-02-16",44.8,44.6,52,37.9,1,582
"2117",6,2018,2,"2018-02-17",35.9,24.8,52,30,0,604
"2118",7,2018,2,"2018-02-18",39.4,34.8,45,33.1,0,472
"2119",1,2018,2,"2018-02-19",38.1,35.4,46.9,26.1,0,435
"2120",2,2018,2,"2018-02-20",45.6,45.5,48,44.1,1,535
"2121",3,2018,2,"2018-02-21",45.9,45.9,48.9,44.1,1,601
"2122",4,2018,2,"2018-02-22",43.1,38.6,48.9,35.1,1,550
"2123",5,2018,2,"2018-02-23",37.5,32.5,48.9,34,0,548
"2124",6,2018,2,"2018-02-24",42.3,41.5,48.9,35.1,1,540
"2125",7,2018,2,"2018-02-25",42.5,41.5,48.9,39,1,448
"2126",1,2018,2,"2018-02-26",42.1,40.1,46.9,39,1,557
"2127",2,2018,2,"2018-02-27",40.3,29.3,46.9,28,0,631
"2128",3,2018,2,"2018-02-28",42.6,38.2,48,28,0,654
"2129",4,2018,3,"2018-03-01",46.7,41,60.1,39,0,619
"2131",6,2018,3,"2018-03-03",40.2,37.5,48.9,37,0,609
"2132",7,2018,3,"2018-03-04",39.6,33.6,43,36,0,457
"2133",1,2018,3,"2018-03-05",37.8,34.5,43,33.1,0,616
"2134",2,2018,3,"2018-03-06",37.7,30.1,41,33.1,0,676
"2135",3,2018,3,"2018-03-07",38.1,35.9,43,32,0,517
"2136",4,2018,3,"2018-03-08",39.6,36.3,46,34,0,633
"2137",5,2018,3,"2018-03-09",35.5,28.2,44.1,30,1,751
"2138",6,2018,3,"2018-03-10",38.1,25.9,43,30,0,567
"2139",7,2018,3,"2018-03-11",36.3,24.8,43,30.9,0,465
"2140",1,2018,3,"2018-03-12",36.7,30.7,46,27,0,679
"2141",2,2018,3,"2018-03-13",35,33.4,46,27,1,578
"2142",3,2018,3,"2018-03-14",34.8,29,39,32,0,652
"2143",4,2018,3,"2018-03-15",36.5,28.1,39.9,33.1,0,689
"2144",5,2018,3,"2018-03-16",36.1,21.4,39.9,33.1,0,753
"2145",6,2018,3,"2018-03-17",33.3,17.6,39.9,28,0,562
"2146",7,2018,3,"2018-03-18",27.2,7.9,39.9,21,0,526
"2147",1,2018,3,"2018-03-19",30.5,6.6,37,21,0,686
"2148",2,2018,3,"2018-03-20",32.5,17.5,37,26.1,0,597
"2149",3,2018,3,"2018-03-21",36.8,32.7,39,27,0,477
"2150",4,2018,3,"2018-03-22",36.1,35.3,37.9,33.8,0,760
"2151",5,2018,3,"2018-03-23",37.5,31.9,45,30,0,732
"2152",6,2018,3,"2018-03-24",36.3,30.8,46,26.1,0,550
"2153",7,2018,3,"2018-03-25",35.8,32.8,46,26.1,0,491
"2154",1,2018,3,"2018-03-26",36.4,25,45,32,0,710
"2155",2,2018,3,"2018-03-27",37.6,28.7,45,30.9,0,627
"2156",3,2018,3,"2018-03-28",40.4,32.9,48,30.9,0,629
"2157",4,2018,3,"2018-03-29",41.6,40.3,48.9,35.1,0,613
"2158",5,2018,3,"2018-03-30",46.8,46.8,48.9,35.1,1,580
"2159",6,2018,3,"2018-03-31",43.6,33.1,48.9,39,0,589
"2161",1,2018,4,"2018-04-02",37.7,31.2,50,33.1,1,562
"2162",2,2018,4,"2018-04-03",35.3,32.5,45,24.1,0,551
"2163",3,2018,4,"2018-04-04",47.3,46.9,55.9,39.2,1,554
"2164",4,2018,4,"2018-04-05",39.9,24,57,34,0,531
"2165",5,2018,4,"2018-04-06",38,25.2,46.9,28.9,0,515
"2166",6,2018,4,"2018-04-07",43.5,37.2,50,28.9,0,487
"2167",7,2018,4,"2018-04-08",37.9,28.3,50,33.1,0,468
"2168",1,2018,4,"2018-04-09",36.3,20.4,42.1,30.9,0,625
"2169",2,2018,4,"2018-04-10",37.7,31.7,42.1,30.9,0,668
"2170",3,2018,4,"2018-04-11",37.9,33,44.1,30,0,612
"2171",4,2018,4,"2018-04-12",42.8,38.5,50,28.9,0,610
"2172",5,2018,4,"2018-04-13",47.7,45.3,51.1,37,1,755
"2173",6,2018,4,"2018-04-14",47.7,45,52,42.1,0,624
"2174",7,2018,4,"2018-04-15",39.7,31.5,55,37,0,510
"2175",1,2018,4,"2018-04-16",44.7,44.7,53.1,37,1,741
"2176",2,2018,4,"2018-04-17",45.6,41.3,53.1,39,0,600
"2177",3,2018,4,"2018-04-18",41.9,34.1,50,37,0,662
"2178",4,2018,4,"2018-04-19",41.8,40.6,46.9,37,0,706
"2179",5,2018,4,"2018-04-20",43.2,33.2,51.1,37,0,707
"2180",6,2018,4,"2018-04-21",44.6,31.9,52,37,0,584
"2181",7,2018,4,"2018-04-22",46.3,33.1,55.9,37,0,568
"2182",1,2018,4,"2018-04-23",46.4,33.6,57.9,35.1,0,675
"2183",2,2018,4,"2018-04-24",44.7,41.7,57.9,34,0,671
"2184",3,2018,4,"2018-04-25",49.2,48.2,55,35.1,0,626
"2185",4,2018,4,"2018-04-26",50,48.9,55,48,1,729
"2186",5,2018,4,"2018-04-27",48.8,46.9,55.9,39.9,1,690
"2187",6,2018,4,"2018-04-28",49.5,48.3,60.1,39.9,1,604
"2188",7,2018,4,"2018-04-29",50.5,48.7,60.1,43,0,505
"2189",1,2018,4,"2018-04-30",46.2,40.4,57.9,41,0,656
"2190",2,2018,5,"2018-05-01",48.4,43.7,57,41,0,713
"2191",3,2018,5,"2018-05-02",54.5,45.7,66,43,0,792
"2192",4,2018,5,"2018-05-03",54,48.6,66,48.9,0,790
"2193",5,2018,5,"2018-05-04",53.3,51.3,59,50,0,723
"2194",6,2018,5,"2018-05-05",58,47.5,66,51.1,0,602
"2195",7,2018,5,"2018-05-06",52.5,49.7,66,48.9,1,495
"2196",1,2018,5,"2018-05-07",53,49.7,63,46,0,695
"2197",2,2018,5,"2018-05-08",48.4,46.3,60.1,39,1,736
"2198",3,2018,5,"2018-05-09",51.2,50.1,61,46.9,1,711
"2199",4,2018,5,"2018-05-10",51,50.2,59,48,1,663
"2200",5,2018,5,"2018-05-11",56.8,48.7,69.1,48,1,805
"2201",6,2018,5,"2018-05-12",48.9,46.2,52,45,0,602
"2202",7,2018,5,"2018-05-13",49.7,48.5,54,43,0,529
"2203",1,2018,5,"2018-05-14",50.5,49.6,57,48,1,689
"2204",2,2018,5,"2018-05-15",53.9,53.4,60.1,48,1,778
"2205",3,2018,5,"2018-05-16",55.3,53.8,60.1,50,0,686
"2206",4,2018,5,"2018-05-17",54.1,54.1,62.1,50,1,732
"2207",5,2018,5,"2018-05-18",52.2,49.1,62.1,48,1,616
"2208",6,2018,5,"2018-05-19",49.6,49,55.9,46,1,583
"2209",7,2018,5,"2018-05-20",56.5,56.4,60.8,51.1,1,578
"2210",1,2018,5,"2018-05-21",60.9,51,69.1,52,0,626
"2211",2,2018,5,"2018-05-22",54.6,49.5,69.1,48,0,689
"2212",3,2018,5,"2018-05-23",57.3,55.7,68,50,1,729
"2213",4,2018,5,"2018-05-24",56.3,49.7,68,50,0,770
"2214",5,2018,5,"2018-05-25",56.5,53.6,63,50,1,799
"2215",6,2018,5,"2018-05-26",58.8,56.7,64.4,55,1,601
"2216",7,2018,5,"2018-05-27",53.7,53.4,64,51.1,0,487
"2218",2,2018,5,"2018-05-29",57.7,55.8,77,50,1,809
"2219",3,2018,5,"2018-05-30",59.2,54.2,77,50,1,708
"2220",4,2018,5,"2018-05-31",55.1,54.6,69.1,50,1,698
"2221",5,2018,6,"2018-06-01",58.6,58.4,64.9,51.1,1,751
"2222",6,2018,6,"2018-06-02",63.1,60.8,75.9,55.9,1,622
"2223",7,2018,6,"2018-06-03",52.8,48.1,57.9,46.9,0,525
"2224",1,2018,6,"2018-06-04",51,50.1,57,46.9,0,698
"2225",2,2018,6,"2018-06-05",54.5,51.3,61,48,0,688
"2226",3,2018,6,"2018-06-06",54.8,50.8,61,50,0,651
"2227",4,2018,6,"2018-06-07",51.5,48,57.9,43,0,693
"2228",5,2018,6,"2018-06-08",54.8,51.9,62.1,43,1,757
"2229",6,2018,6,"2018-06-09",62.9,55.8,77,45,0,706
"2230",7,2018,6,"2018-06-10",61.5,49.5,77,54,1,533
"2231",1,2018,6,"2018-06-11",56.2,45.3,68,51.1,0,686
"2232",2,2018,6,"2018-06-12",55.3,48.6,64,46,0,720
"2233",3,2018,6,"2018-06-13",59.4,57,66,46.9,1,706
"2235",5,2018,6,"2018-06-15",59,54,71.1,54,0,728
"2236",6,2018,6,"2018-06-16",62.8,56,75,51.1,0,677
"2237",7,2018,6,"2018-06-17",66.7,56.6,82,54,0,627
"2238",1,2018,6,"2018-06-18",62.9,60.4,82,57.9,1,808
"2239",2,2018,6,"2018-06-19",67.7,61.8,78.1,60.1,1,812
"2240",3,2018,6,"2018-06-20",62.8,58.8,78.1,52,1,698
"2241",4,2018,6,"2018-06-21",63.4,61.5,72,52,1,815
"2242",5,2018,6,"2018-06-22",61.1,56.4,69.1,55.9,1,728
"2243",6,2018,6,"2018-06-23",59.2,57,69.1,55.9,1,513
"2244",7,2018,6,"2018-06-24",62.7,61.5,68,57,1,553
"2245",1,2018,6,"2018-06-25",63.8,60.8,70,57.9,1,733
"2246",2,2018,6,"2018-06-26",60.7,55.3,71.1,50,0,762
"2247",3,2018,6,"2018-06-27",62.7,59.1,71.1,50,0,540
"2248",4,2018,6,"2018-06-28",64.1,62.6,69.1,59,0,737
"2250",6,2018,6,"2018-06-30",71.1,65.4,82,62.1,0,651
"2251",7,2018,7,"2018-07-01",70.8,66.4,86,62.1,0,563
"2252",1,2018,7,"2018-07-02",68.4,64.9,86,63,0,719
"2253",2,2018,7,"2018-07-03",66.9,66.2,73.9,61,1,678
"2255",4,2018,7,"2018-07-05",71.7,71,81,66.9,1,720
"2256",5,2018,7,"2018-07-06",70.6,69.3,77,66.9,1,654
"2257",6,2018,7,"2018-07-07",67.3,52.8,75.9,60.1,0,526
"2258",7,2018,7,"2018-07-08",61.7,52.8,73.9,51.1,0,545
"2259",1,2018,7,"2018-07-09",60.9,53.6,73.9,50,0,672
"2260",2,2018,7,"2018-07-10",67.2,64.7,73,50,0,727
"2261",3,2018,7,"2018-07-11",68.3,65.1,73.9,63,0,627
"2262",4,2018,7,"2018-07-12",68.2,59.5,77,60.1,0,642
"2263",5,2018,7,"2018-07-13",64.8,55.1,77,54,0,726
"2264",6,2018,7,"2018-07-14",64.9,59.5,73.9,54,0,577
"2265",7,2018,7,"2018-07-15",65.5,61.6,72,55.9,1,564
"2266",1,2018,7,"2018-07-16",68.7,67.9,75,61,1,719
"2267",2,2018,7,"2018-07-17",70.5,69,75.9,66,1,680
"2268",3,2018,7,"2018-07-18",71.2,66.7,77,66.9,0,688
"2269",4,2018,7,"2018-07-19",67.9,57.5,77,59,0,739
"2270",5,2018,7,"2018-07-20",64.3,56.7,77,54,0,700
"2271",6,2018,7,"2018-07-21",59.8,9999.9,73,52,1,622
"2272",7,2018,7,"2018-07-22",66.5,66.2,72,52,1,540
"2273",1,2018,7,"2018-07-23",69.9,68.1,73.9,63,0,614
"2274",2,2018,7,"2018-07-24",69.2,68.1,75,66,1,654
"2275",3,2018,7,"2018-07-25",69.8,68.7,75.9,66,1,657
"2276",4,2018,7,"2018-07-26",69.8,69.4,75.9,66,0,606
"2277",5,2018,7,"2018-07-27",70.6,70.1,75.9,68,1,753
"2278",6,2018,7,"2018-07-28",69.7,69.7,75.9,66.9,1,637
"2279",7,2018,7,"2018-07-29",72.9,69.1,80.1,66.9,1,463
"2280",1,2018,7,"2018-07-30",71.3,66.7,80.1,64.9,0,580
"2281",2,2018,7,"2018-07-31",68.9,65.8,80.1,64,1,709
"2282",3,2018,8,"2018-08-01",69.2,67.6,73.9,64,1,660
"2283",4,2018,8,"2018-08-02",73.7,72.5,78.1,64,0,722
"2284",5,2018,8,"2018-08-03",73.7,72.6,79,71.1,1,749
"2285",6,2018,8,"2018-08-04",71.8,71.2,79,69.1,1,605
"2286",7,2018,8,"2018-08-05",74.3,70.4,81,69.1,0,573
"2287",1,2018,8,"2018-08-06",74.8,73.4,81,70,0,632
"2288",2,2018,8,"2018-08-07",75.8,74.1,82,71.1,0,658
"2289",3,2018,8,"2018-08-08",74.6,73.6,82,70,1,656
"2290",4,2018,8,"2018-08-09",74.9,73.5,82.9,70,1,709
"2291",5,2018,8,"2018-08-10",76.9,68.4,86,68,0,707
"2292",6,2018,8,"2018-08-11",68.8,66.2,86,64,0,568
"2293",7,2018,8,"2018-08-12",70.9,69.7,75.9,64,0,499
"2294",1,2018,8,"2018-08-13",69.1,68.1,75.9,64.9,1,617
"2295",2,2018,8,"2018-08-14",72.8,71.4,80.1,64.9,1,701
"2296",3,2018,8,"2018-08-15",74.1,70.4,80.1,69.1,0,645
"2297",4,2018,8,"2018-08-16",77.2,71.4,87.1,70,0,647
"2298",5,2018,8,"2018-08-17",74.9,72.1,87.1,66,1,703
"2299",6,2018,8,"2018-08-18",73.9,72.4,82.9,66,1,579
"2300",7,2018,8,"2018-08-19",68.5,65.5,81,66,0,490
"2301",1,2018,8,"2018-08-20",66.7,66,72,66,0,562
"2302",2,2018,8,"2018-08-21",66.7,65.5,70,64.4,0,580
"2303",3,2018,8,"2018-08-22",68.1,67.4,75.9,62.1,1,599
"2304",4,2018,8,"2018-08-23",70,61.6,75.9,62.1,0,610
"2305",5,2018,8,"2018-08-24",67.1,61.5,75.9,55,0,681
"2306",6,2018,8,"2018-08-25",66.5,60.3,75.9,55,1,552
"2307",7,2018,8,"2018-08-26",68.2,60.3,77,57,0,528
"2308",1,2018,8,"2018-08-27",73.1,69.6,84,62.1,0,651
"2309",2,2018,8,"2018-08-28",73,71.2,84,66.9,1,715
"2310",3,2018,8,"2018-08-29",75.3,72.7,84.9,69.1,0,685
"2311",4,2018,8,"2018-08-30",76.2,72.4,90,71.1,0,736
"2312",5,2018,8,"2018-08-31",69.9,63.6,73.9,63,0,623
"2313",6,2018,9,"2018-09-01",65,59.4,75,55.9,0,529
"2314",7,2018,9,"2018-09-02",67,64,79,55.9,0,528
"2315",1,2018,9,"2018-09-03",69.9,69.1,79,59,0,533
"2316",2,2018,9,"2018-09-04",75.7,70.6,86,66,1,786
"2317",3,2018,9,"2018-09-05",69.2,64.7,86,61,1,768
"2318",4,2018,9,"2018-09-06",72.6,70.2,80.1,61,0,822
"2319",5,2018,9,"2018-09-07",71.1,64.3,80.1,66,0,671
"2320",6,2018,9,"2018-09-08",66.6,60.3,75,61,0,568
"2321",7,2018,9,"2018-09-09",62.6,50.8,73,59,0,556
"2322",1,2018,9,"2018-09-10",62.3,55.4,68,59,0,650
"2323",2,2018,9,"2018-09-11",68.9,67.5,75.9,61,1,544
"2324",3,2018,9,"2018-09-12",71,69.6,79,66,1,783
"2325",4,2018,9,"2018-09-13",66.1,63.8,79,63,1,718
"2326",5,2018,9,"2018-09-14",64.9,60.7,73.9,59,1,684
"2327",6,2018,9,"2018-09-15",65.9,61,75.9,57,1,596
"2328",7,2018,9,"2018-09-16",63.9,59.5,75.9,54,1,597
"2329",1,2018,9,"2018-09-17",65.6,62.6,75,55.9,1,673
"2330",2,2018,9,"2018-09-18",71,69.2,75.9,68,0,740
"2331",3,2018,9,"2018-09-19",66.5,63.8,70,62.1,0,519
"2332",4,2018,9,"2018-09-20",63.7,57.9,69.1,60.1,0,659
"2333",5,2018,9,"2018-09-21",60.6,54.6,69.1,53.1,0,715
"2334",6,2018,9,"2018-09-22",68.8,60.1,78.1,53.1,0,562
"2335",7,2018,9,"2018-09-23",59.8,50.2,78.1,53.1,0,475
"2336",1,2018,9,"2018-09-24",57.4,50.3,64,50,0,594
"2337",2,2018,9,"2018-09-25",60.5,55.1,64.9,51.1,0,715
"2338",3,2018,9,"2018-09-26",69.4,67.3,75,55.9,0,755
"2339",4,2018,9,"2018-09-27",66.3,62.6,75,60.1,0,672
"2340",5,2018,9,"2018-09-28",60.5,58.5,70,55.9,0,712
"2341",6,2018,9,"2018-09-29",62.3,56.3,72,53.1,0,604
"2342",7,2018,9,"2018-09-30",61,53.5,72,51.1,1,510
"2343",1,2018,10,"2018-10-01",62,56.1,70,51.1,0,583
"2344",2,2018,10,"2018-10-02",64.7,62.1,71.1,52,0,613
"2345",3,2018,10,"2018-10-03",64.4,62.3,71.1,59,0,778
"2346",4,2018,10,"2018-10-04",60,57.1,69.1,55.9,0,717
"2347",5,2018,10,"2018-10-05",62.2,57,66.9,55.9,0,796
"2348",6,2018,10,"2018-10-06",55.5,46.3,66.9,46,0,544
"2349",7,2018,10,"2018-10-07",64.4,59.6,69.1,46,0,529
"2350",1,2018,10,"2018-10-08",60.7,55.7,69.1,57.9,0,501
"2351",2,2018,10,"2018-10-09",63.1,59,70,57,0,628
"2352",3,2018,10,"2018-10-10",66.2,64.9,72,57.9,1,708
"2353",4,2018,10,"2018-10-11",67.2,65.9,72,64,1,741
"2355",6,2018,10,"2018-10-13",53.2,44.9,68,48.9,0,577
"2356",7,2018,10,"2018-10-14",52.8,37.7,57.9,46.9,0,516
"2357",1,2018,10,"2018-10-15",57.1,51.9,64.9,43,0,692
"2358",2,2018,10,"2018-10-16",57.1,44.8,69.1,43,0,688
"2359",3,2018,10,"2018-10-17",55.6,40.7,63,46.9,0,699
"2360",4,2018,10,"2018-10-18",45.6,23.6,63,41,0,735
"2361",5,2018,10,"2018-10-19",49.2,33.4,59,39.9,0,787
"2362",6,2018,10,"2018-10-20",59.5,53.2,61,57.2,0,629
"2363",7,2018,10,"2018-10-21",48.5,41.4,62.1,42.1,0,593
"2364",1,2018,10,"2018-10-22",43.3,24.9,52,36,0,650
"2365",2,2018,10,"2018-10-23",51.5,43.7,59,36,0,681
"2366",3,2018,10,"2018-10-24",48.8,41.3,59,44.1,0,719
"2367",4,2018,10,"2018-10-25",45.3,32.4,53.1,42.1,0,763
"2368",5,2018,10,"2018-10-26",39.8,25.4,50,33.1,0,747
"2369",6,2018,10,"2018-10-27",50,45.3,59,33.1,0,757
"2370",7,2018,10,"2018-10-28",56.8,52.7,61,44.1,0,556
"2371",1,2018,10,"2018-10-29",54.9,48.9,61,51.1,0,696
"2372",2,2018,10,"2018-10-30",47.9,35.4,60.1,45,0,721
"2373",3,2018,10,"2018-10-31",45.9,35.8,54,32,0,646
"2374",4,2018,11,"2018-11-01",58,54.7,62.1,54,0,696
"2375",5,2018,11,"2018-11-02",60,57.8,64,55,0,746
"2376",6,2018,11,"2018-11-03",59.7,55.6,64,54,0,656
"2377",7,2018,11,"2018-11-04",47.7,32.3,63,37,0,502
"2378",1,2018,11,"2018-11-05",47.5,41.9,53.1,37,0,759
"2379",2,2018,11,"2018-11-06",56.8,56.2,61,39,1,679
"2380",3,2018,11,"2018-11-07",57.9,52.2,62.6,55,0,696
"2381",4,2018,11,"2018-11-08",52.1,38.7,61,44.1,0,631
"2383",6,2018,11,"2018-11-10",52.2,44.9,62.1,39,0,606
"2384",7,2018,11,"2018-11-11",39.9,21.2,44.1,37,0,500
"2385",1,2018,11,"2018-11-12",41.7,24.7,48,37,0,497
"2386",2,2018,11,"2018-11-13",51.9,46.5,61,37,0,754
"2387",3,2018,11,"2018-11-14",39.3,20.6,61,33.1,0,688
"2389",5,2018,11,"2018-11-16",42.8,39.1,53.1,35.1,0,720
"2390",6,2018,11,"2018-11-17",44.5,31.4,50,41,0,559
"2391",7,2018,11,"2018-11-18",41.7,29.3,44.1,35.1,0,470
"2392",1,2018,11,"2018-11-19",46.7,41,54,37.9,0,697
"2393",2,2018,11,"2018-11-20",48.2,46.3,52,43,0,695
"2394",3,2018,11,"2018-11-21",39.9,28.6,46,34,0,732
"2396",5,2018,11,"2018-11-23",23,11.1,30.9,19,0,476
"2397",6,2018,11,"2018-11-24",41.4,31.9,50,19,0,536
"2398",7,2018,11,"2018-11-25",47.7,45.7,51.8,45,0,483
"2399",1,2018,11,"2018-11-26",45.4,42.8,48.9,42.8,0,743
"2400",2,2018,11,"2018-11-27",46.9,42.2,51.1,42.1,0,609
"2401",3,2018,11,"2018-11-28",41,30.4,51.1,36,0,573
"2402",4,2018,11,"2018-11-29",41.3,29,48.9,36,0,646
"2403",5,2018,11,"2018-11-30",38.4,30.1,48.9,33.1,0,743
"2404",6,2018,12,"2018-12-01",38.3,31.9,44.1,33.1,0,601
"2405",7,2018,12,"2018-12-02",46,44.1,53.6,33.1,1,558
"2406",1,2018,12,"2018-12-03",51,49,54,42.1,1,697
"2407",2,2018,12,"2018-12-04",40.6,28.1,54,34,0,684
"2408",3,2018,12,"2018-12-05",31.6,20.6,46.9,24.1,0,652
"2409",4,2018,12,"2018-12-06",34.9,20.5,42.1,24.1,0,681
"2410",5,2018,12,"2018-12-07",38,22.5,42.1,27,0,705
"2411",6,2018,12,"2018-12-08",27.9,7.7,41,23,0,652
"2412",7,2018,12,"2018-12-09",29.7,13.1,34,23,0,465
"2413",1,2018,12,"2018-12-10",35.5,23.8,43,25,0,651
"2414",2,2018,12,"2018-12-11",32,22.9,43,25,0,707
"2415",3,2018,12,"2018-12-12",32.3,22.3,39.9,23,0,631
"2416",4,2018,12,"2018-12-13",30.9,18.7,37.9,23,0,686
"2418",6,2018,12,"2018-12-15",46.1,44.8,51.1,26.1,1,628
"2419",7,2018,12,"2018-12-16",43.8,37.8,51.1,42.1,0,622
"2420",1,2018,12,"2018-12-17",42.2,39.7,46.4,37.4,0,689
"2421",2,2018,12,"2018-12-18",33.3,18.2,46,26.1,0,731
"2422",3,2018,12,"2018-12-19",29.8,16.2,39,21,0,749
"2423",4,2018,12,"2018-12-20",38.6,34.4,48,21,0,806
"2424",5,2018,12,"2018-12-21",50.4,49.1,57,44.1,1,782
"2425",6,2018,12,"2018-12-22",48.3,45.8,57,39,1,568
"2426",7,2018,12,"2018-12-23",36.7,23.9,51.1,32,0,505
"2427",1,2018,12,"2018-12-24",35.2,29.1,39.9,28.9,0,580
"2429",3,2018,12,"2018-12-26",31.8,12.5,39.9,27,0,514
"2430",4,2018,12,"2018-12-27",34.7,23,37.9,26.1,0,582
"2431",5,2018,12,"2018-12-28",41.8,36.7,50,26.1,0,681
"2432",6,2018,12,"2018-12-29",48.4,44,54,35.1,1,499
"2434",1,2018,12,"2018-12-31",32,23.7,43,21,0,622
