"","day","year","mo","temp","dewp","max","min","fog","NUM_COLLISIONS"
"975",7,2015,1,40.4,21.5,45,28,0,442
"976",1,2015,1,34.5,19.8,45,30,0,456
"978",3,2015,1,44,32.1,55,28.9,0,498
"979",4,2015,1,20.8,5.2,28,19,0,777
"980",5,2015,1,22.6,10.2,27,17.1,0,538
"981",6,2015,1,13.1,-2.4,27,6.1,0,573
"982",7,2015,1,35.2,22.5,46,26.1,0,751
"983",1,2015,1,26.9,10,30,21.9,0,481
"985",3,2015,1,40.9,35.6,52,21,1,580
"986",4,2015,1,32.6,25.6,52,26.1,0,613
"987",5,2015,1,32.1,24,37,26.1,0,506
"988",6,2015,1,35.8,33.6,37.9,28,0,548
"989",7,2015,1,34.5,23.4,39.9,28.9,0,563
"990",1,2015,1,20.2,1.9,39.9,15.1,0,495
"992",3,2015,1,41.7,36,50,30.9,0,496
"993",4,2015,1,35.7,23.4,44.1,33.1,0,500
"994",5,2015,1,32.3,17.7,39,25,0,495
"995",6,2015,1,35.5,30.5,39,25,0,508
"996",7,2015,1,31.6,20.4,39,27,0,598
"997",1,2015,1,38.5,34.8,45,27,0,428
"999",3,2015,1,31.2,20.9,43,26.1,0,484
"1001",5,2015,1,21.6,14.7,26.1,19,0,458
"1002",6,2015,1,29.2,20.9,36,19,0,519
"1003",7,2015,1,35.1,31.1,41,23,0,622
"1004",1,2015,1,24.5,12.9,34,17.1,0,526
"1006",3,2015,2,33.1,27.4,46,19.9,1,680
"1007",4,2015,2,21,11.7,46,14,0,740
"1008",5,2015,2,28.1,18.4,39.9,14,0,585
"1009",6,2015,2,34.1,28.9,39.9,15.1,1,569
"1010",7,2015,2,16.8,5,39.9,10.9,0,652
"1011",1,2015,2,27.4,16,33.1,10.9,0,449
"1013",3,2015,2,37.1,34.3,37.9,30.9,0,547
"1014",4,2015,2,36.4,32.9,37.9,35.1,0,571
"1015",5,2015,2,32.6,23.3,37,30.9,0,610
"1016",6,2015,2,31,23.6,35.1,27,0,526
"1017",7,2015,2,21.8,11,35.1,14,0,757
"1018",1,2015,2,20.6,8.9,33.1,8.1,1,436
"1019",2,2015,2,25.7,21,34,8.1,1,454
"1021",4,2015,2,21.7,11.8,28.9,17.1,0,620
"1022",5,2015,2,30.6,24.5,36,16,0,626
"1023",6,2015,2,27,19.7,36,19.9,0,515
"1024",7,2015,2,14.1,-0.8,19,8.6,0,621
"1025",1,2015,2,21.9,10.6,37,3.9,0,517
"1026",2,2015,2,36,34,41,33.1,1,519
"1027",3,2015,2,29.4,19.6,41,21,1,574
"1028",4,2015,2,14.3,0.2,33.1,8.1,0,580
"1029",5,2015,2,29.9,21.8,33.8,23,0,628
"1030",6,2015,2,28,19.6,33.1,25,1,539
"1031",7,2015,2,24.2,12.2,30.9,19.9,0,703
"1032",1,2015,2,22.2,9.9,28,16,0,538
"1033",2,2015,3,23.1,14.2,30.9,10,0,693
"1034",3,2015,3,33.4,27.2,36,30.2,0,650
"1035",4,2015,3,27,10.3,36,23,0,631
"1036",5,2015,3,36.1,33.8,41,23,1,574
"1039",1,2015,3,25,15.9,33.1,12,0,578
"1040",2,2015,3,33.8,28,39,14,0,464
"1041",3,2015,3,35.6,26.1,44.1,24.1,0,661
"1042",4,2015,3,36.5,30.3,44.1,24.1,0,584
"1043",5,2015,3,42.1,38.5,48,28,1,565
"1044",6,2015,3,38.1,21.9,48,33.1,0,586
"1045",7,2015,3,31.1,11.6,41,26.1,0,609
"1046",1,2015,3,38.7,33.3,46,26.1,1,507
"1047",2,2015,3,38.5,33.8,46,30.9,0,459
"1048",3,2015,3,32.9,18.5,43,28,0,529
"1049",4,2015,3,38.6,34.1,46.9,28,0,528
"1050",5,2015,3,31,3.9,46.9,28,0,547
"1051",6,2015,3,27.6,-1.5,35.1,21.9,0,582
"1052",7,2015,3,30.3,13.2,35.1,21.9,0,570
"1053",1,2015,3,34.2,31,41,21.9,0,507
"1054",2,2015,3,35.1,18.8,41,21,0,432
"1055",3,2015,3,27.2,1.4,37.9,21,0,586
"1056",4,2015,3,31.4,16.3,37.9,21,0,601
"1057",5,2015,3,33.6,24.1,44.1,24.1,0,538
"1058",6,2015,3,42.6,39.7,46.9,27,1,525
"1059",7,2015,3,42.4,40,48.9,37.9,1,532
"1060",1,2015,3,37.4,34.5,39,33.8,0,459
"1061",2,2015,3,34.9,23.9,39.9,28.9,0,505
"1062",3,2015,3,36.8,28.3,44.1,27,0,556
"1063",4,2015,3,39.4,31.2,46,33.1,0,628
"1064",5,2015,4,37.9,24.8,46,34,0,648
"1065",6,2015,4,37.1,27.6,46.9,24.1,0,653
"1066",7,2015,4,45,41.6,48,42.1,0,491
"1067",1,2015,4,47.3,39.1,57,41,1,507
"1069",3,2015,4,43.2,36.1,51.1,32,1,510
"1070",4,2015,4,44.2,40.5,51.1,32,0,452
"1071",5,2015,4,41.2,34.2,48,39,0,457
"1072",6,2015,4,39.4,35.5,46.9,37,0,452
"1073",7,2015,4,43.9,41.7,53.1,37,1,486
"1074",1,2015,4,47.8,40.7,57.9,39.9,1,576
"1075",2,2015,4,45,31.4,57.9,32,0,443
"1076",3,2015,4,45,38.2,54,32,0,554
"1077",4,2015,4,49.8,46.3,54,37.9,0,542
"1078",5,2015,4,50.6,35.8,62.1,37.9,1,595
"1079",6,2015,4,46.4,28.5,62.1,37.9,0,560
"1080",7,2015,4,47.5,43.2,54,39,1,679
"1081",1,2015,4,51.9,45.2,64,41,1,605
"1082",2,2015,4,46.3,37.4,64,39.9,0,471
"1083",3,2015,4,45.2,40.7,52,39.9,0,630
"1084",4,2015,4,51.5,48.6,55.9,39.9,1,645
"1085",5,2015,4,49.8,39.7,57,37.9,0,568
"1086",6,2015,4,46.9,37.6,57,37.9,0,612
"1087",7,2015,4,44,27.7,51.1,37.9,0,676
"1088",1,2015,4,43.7,27.5,51.1,37,0,592
"1089",2,2015,4,46.1,34,54,37,0,477
"1090",3,2015,4,49,37.9,57,39,0,558
"1091",4,2015,4,46,35.9,57,41,0,613
"1092",5,2015,4,49.3,38.5,55.9,39.9,0,679
"1093",6,2015,4,48.1,38.3,57,39,0,640
"1094",7,2015,5,43.8,37.2,57,39,0,642
"1095",1,2015,5,44.4,36.7,51.1,39,0,540
"1096",2,2015,5,44.5,38,53.1,32,1,555
"1097",3,2015,5,52.2,47.2,60.1,32,0,641
"1098",4,2015,5,57.1,48.6,71.1,46,0,638
"1099",5,2015,5,55.3,42.1,71.1,46.9,0,568
"1100",6,2015,5,55.9,42.3,70,42.1,0,684
"1101",7,2015,5,52.4,47.8,70,42.1,1,709
"1102",1,2015,5,54.3,50.9,64.9,46.9,1,560
"1103",2,2015,5,57,54.8,64.9,50,1,549
"1104",3,2015,5,57.9,55.9,66.9,54,1,645
"1105",4,2015,5,58.3,56.2,66.9,54,1,684
"1106",5,2015,5,59.5,47.2,66.9,53.1,0,655
"1107",6,2015,5,54,39.9,66.9,45,0,654
"1108",7,2015,5,54.4,46.4,64.9,46.9,0,723
"1109",1,2015,5,55.5,50.3,64,48,0,650
"1110",2,2015,5,63.1,56.2,78.1,50,0,543
"1111",3,2015,5,53.9,48.8,60.1,48,1,566
"1112",4,2015,5,51.4,49.9,61,46,1,606
"1113",5,2015,5,58.8,50.1,64.9,46,1,666
"1114",6,2015,5,54.8,41.1,64.9,48,0,615
"1115",7,2015,5,53.8,48,61,48,0,727
"1116",1,2015,5,54.8,33.2,61,48,0,546
"1117",2,2015,5,56.5,48.2,63,51.1,0,432
"1119",4,2015,5,61.1,56.2,66,54,0,686
"1120",5,2015,5,62.4,57.8,68,57.9,0,697
"1121",6,2015,5,62.4,57.6,68,59,0,682
"1122",7,2015,5,65.4,57.4,75.9,60.1,0,813
"1123",1,2015,5,63.3,59.9,75.9,57.9,1,622
"1124",2,2015,5,64.7,60.9,71.1,59,1,555
"1125",3,2015,6,55.9,52.8,71.1,53.1,0,691
"1126",4,2015,6,53.4,50.1,61,51.1,0,642
"1127",5,2015,6,53,44.9,57.9,50,0,658
"1128",6,2015,6,52.2,42.8,60.1,43,0,552
"1129",7,2015,6,53.1,46.6,60.1,43,0,692
"1130",1,2015,6,58,52.5,63,46.9,1,598
"1131",2,2015,6,59.5,45.8,69.1,51.1,0,559
"1132",3,2015,6,59.6,51.8,69.1,51.1,0,634
"1133",4,2015,6,64,59.9,70,53.1,0,652
"1134",5,2015,6,65.2,58.5,73,57.9,1,667
"1135",6,2015,6,64.6,59.7,73,57.9,0,666
"1136",7,2015,6,67,60.2,79,61,1,451
"1138",2,2015,6,66.9,53.5,75.9,59,0,578
"1139",3,2015,6,57.8,51.4,59,55,0,506
"1140",4,2015,6,64.2,61.9,73,55.9,1,593
"1141",5,2015,6,64.8,53.9,66.9,57,1,706
"1142",6,2015,6,59.1,47.7,66.9,48.9,0,615
"1143",7,2015,6,65.6,58,80.1,48.9,0,732
"1144",1,2015,6,62,56,80.1,55.9,0,505
"1145",2,2015,6,64.9,61.5,71.6,59,1,620
"1146",3,2015,6,67.1,62.7,77,59,1,774
"1147",4,2015,6,65.5,61.1,77,59,1,703
"1148",5,2015,6,70.8,62.5,79,59,1,778
"1149",6,2015,6,68.7,57.9,79,62.1,0,670
"1150",7,2015,6,66,60.5,77,61,0,774
"1151",1,2015,6,61.5,55.4,72,54,1,595
"1152",2,2015,6,64.4,61.6,71.1,54,1,535
"1153",3,2015,6,64.3,59.4,71.1,57,1,662
"1154",4,2015,6,67.1,61.8,73.9,57,0,622
"1155",5,2015,7,65.5,62.2,72,61,1,683
"1156",6,2015,7,68.7,62.5,77,61,0,603
"1157",7,2015,7,68.3,58.3,77,61,1,549
"1159",2,2015,7,65.8,59.5,73.9,55,0,467
"1160",3,2015,7,69.2,64.4,78.1,55,0,598
"1161",4,2015,7,68.1,64.3,78.1,62.1,0,646
"1162",5,2015,7,70.6,67.8,75.9,62.1,1,620
"1163",6,2015,7,69.1,61.2,75.9,66,0,567
"1164",7,2015,7,65.2,60.1,75,60.1,0,709
"1165",1,2015,7,71.8,62.1,81,60.1,0,597
"1166",2,2015,7,71.5,64.6,81,64.9,0,521
"1167",3,2015,7,70.9,64.9,80.1,66,0,668
"1168",4,2015,7,67.4,63,79,62.1,0,657
"1169",5,2015,7,72.3,68.8,82,62.1,1,611
"1170",6,2015,7,67.3,57.3,82,60.1,0,686
"1171",7,2015,7,64.9,57.6,73,54,0,659
"1172",1,2015,7,67.8,60.5,73.9,55,0,561
"1173",2,2015,7,71.4,67.9,77,64,1,545
"1174",3,2015,7,73.4,69.9,81,69.1,1,727
"1175",4,2015,7,72.6,69.7,82,68,1,606
"1176",5,2015,7,73.7,65,82,68,1,618
"1177",6,2015,7,71.9,60.8,80.1,63,0,623
"1178",7,2015,7,71.7,60.3,80.1,62.1,0,490
"1179",1,2015,7,68.5,60.2,80.1,60.1,0,451
"1180",2,2015,7,65.8,61.6,77,60.1,1,551
"1181",3,2015,7,71.1,66.5,75,61,0,626
"1182",4,2015,7,72.4,68.7,80.1,68,1,643
"1183",5,2015,7,76,69.9,86,68,1,629
"1184",6,2015,7,74.2,70.7,86,69.1,0,717
"1185",7,2015,7,76.7,68.5,87.1,71.1,0,753
"1186",1,2015,8,73.4,68.5,87.1,66,1,668
"1187",2,2015,8,75.9,64.8,82.9,66,0,550
"1188",3,2015,8,74,68.2,82.9,69.1,0,705
"1189",4,2015,8,75,71.7,81,70,0,666
"1190",5,2015,8,74.5,68.8,81,68,1,619
"1191",6,2015,8,73.5,59.6,81,66.9,0,630
"1192",7,2015,8,71.2,61.9,79,64,0,726
"1193",1,2015,8,69.7,61.1,78.1,64,0,545
"1194",2,2015,8,67,62.1,77,64,0,489
"1195",3,2015,8,66.9,60.8,73.9,55.9,1,611
"1196",4,2015,8,67.9,64.4,73.9,55.9,0,601
"1197",5,2015,8,71.9,67.4,77,64,1,643
"1198",6,2015,8,71.1,65.8,79,63,1,714
"1199",7,2015,8,70.4,63.5,81,62.1,0,729
"1200",1,2015,8,71.8,67,81,62.1,1,582
"1201",2,2015,8,74.3,68.8,82,70,0,552
"1202",3,2015,8,74.1,70.4,82.9,70,0,592
"1203",4,2015,8,74.5,71,82.9,70,1,623
"1204",5,2015,8,73.9,70.1,81,69.1,1,594
"1205",6,2015,8,73.4,69.4,82,68,1,600
"1206",7,2015,8,73.6,70.2,82,68,1,753
"1207",1,2015,8,73.9,71.1,82,70,1,581
"1208",2,2015,8,73.4,69.9,82,69.1,1,492
"1209",3,2015,8,71.7,69.2,81,68,1,575
"1210",4,2015,8,72.8,68.7,81,66.9,0,595
"1211",5,2015,8,73.8,68.1,81,68,0,606
"1212",6,2015,8,72.3,60.6,81,62.1,0,614
"1213",7,2015,8,71.4,59.5,80.1,62.1,0,609
"1214",1,2015,8,70.3,62.5,80.1,62.1,0,539
"1215",2,2015,8,72.6,66.8,80.1,63,0,563
"1216",3,2015,8,74.8,69.6,82,66.9,0,614
"1217",4,2015,9,74.6,64.7,82,64.9,0,626
"1218",5,2015,9,66,62.6,81,61,1,654
"1219",6,2015,9,74.5,70,81,69.1,0,665
"1220",7,2015,9,70.6,65.2,75,64,1,643
"1221",1,2015,9,66.8,55.9,73,54,0,541
"1222",2,2015,9,66.6,55.9,72,50,0,504
"1223",3,2015,9,73,66.9,79,64,0,485
"1224",4,2015,9,76.4,69.6,81,70,0,795
"1225",5,2015,9,75.8,71,81,71.6,1,740
"1226",6,2015,9,73.8,71.2,77,71.6,1,716
"1227",7,2015,9,68.6,65.6,72,64,0,765
"1228",1,2015,9,67.7,59.2,73,61,0,554
"1229",2,2015,9,68.2,65,73,63,0,478
"1230",3,2015,9,67.6,57.8,70,63,0,579
"1231",4,2015,9,70.8,58.4,79,64,0,579
"1232",5,2015,9,72.8,61.9,81,64,0,748
"1233",6,2015,9,69.3,65.6,75.9,48.9,1,744
"1234",7,2015,9,70.1,66.5,77,48.9,1,760
"1235",1,2015,9,70.4,66.2,77,63,1,655
"1236",2,2015,9,70.7,65.3,80.1,64,1,556
"1237",3,2015,9,63.9,52.9,80.1,61,0,624
"1238",4,2015,9,63.5,55.8,70,60.1,0,571
"1239",5,2015,9,62.4,55.2,70,55,0,501
"1240",6,2015,9,61.5,54.2,73,50,0,619
"1241",7,2015,9,61.2,50.2,73,50,0,585
"1242",1,2015,9,59.4,47.2,70,52,0,557
"1243",2,2015,9,59.4,50.9,70,48,0,493
"1244",3,2015,9,66.8,62,75.9,48,0,586
"1245",4,2015,9,69.3,65.6,75.9,61,0,557
"1246",5,2015,9,70.5,68.3,75,63,0,634
"1247",6,2015,10,59.7,55.3,73.9,57,0,683
"1248",7,2015,10,56,53.3,57.2,55,0,798
"1249",1,2015,10,55.5,50.4,57.9,53.6,0,556
"1250",2,2015,10,56.2,46.7,60.1,53.1,0,536
"1251",3,2015,10,58.6,52.1,64,53.1,0,597
"1252",4,2015,10,59.4,51.7,64.4,51.1,0,631
"1253",5,2015,10,57,50.5,66,48.9,0,668
"1254",6,2015,10,59.8,51.9,66,51.1,0,666
"1255",7,2015,10,58.9,52.7,68,48,0,764
"1256",1,2015,10,59.2,49.2,68,46,0,649
"1257",2,2015,10,56,46.7,64,44.1,0,559
"1258",3,2015,10,60.2,55.1,68,46,0,505
"1259",4,2015,10,64.4,61.2,73.9,50,1,724
"1260",5,2015,10,63.8,57.7,73.9,60.1,0,658
"1261",6,2015,10,57.1,42,68,52,0,683
"1262",7,2015,10,60.1,47.3,66,52,0,676
"1263",1,2015,10,52.7,39.6,66,41,0,565
"1264",2,2015,10,46.1,28,60.1,41,0,551
"1265",3,2015,10,42.8,24.8,48,39.9,0,667
"1266",4,2015,10,58.2,45.6,66,39.9,0,714
"1267",5,2015,10,62.7,52.4,70,52,0,720
"1268",6,2015,10,60.5,55.7,70,52,1,666
"1269",7,2015,10,56.2,43,66.9,48.9,0,742
"1270",1,2015,10,51.5,38.3,63,48,0,519
"1271",2,2015,10,57,51.7,62.1,48.9,0,522
"1272",3,2015,10,52.3,39.8,62.1,41,0,698
"1273",4,2015,10,46.7,36.2,57,36,0,631
"1274",5,2015,10,53.8,46.9,61,36,0,689
"1275",6,2015,10,63.2,60.9,66,46.9,1,767
"1276",7,2015,10,57.4,41.6,66,51.1,0,688
"1279",3,2015,11,58.3,49.4,64.9,50,0,613
"1280",4,2015,11,54.4,50.7,64.9,43,1,655
"1281",5,2015,11,57,49.3,64,43,0,672
"1282",6,2015,11,58.9,55.9,66.9,48.9,1,690
"1283",7,2015,11,62.3,60.4,66.9,52,1,616
"1284",1,2015,11,61.4,54.7,64.9,57,0,500
"1285",2,2015,11,53.2,35.5,64.9,46.9,0,472
"1286",3,2015,11,51.4,37.7,60.1,43,0,615
"1287",4,2015,11,55.8,50.8,61,43,0,757
"1288",5,2015,11,56.1,53.7,61,50,0,530
"1289",6,2015,11,52.5,49,59,51.1,0,637
"1290",7,2015,11,58.3,47.5,61,51.1,0,677
"1291",1,2015,11,49,29,61,43,0,613
"1292",2,2015,11,47.6,32.3,55.9,41,0,500
"1293",3,2015,11,54,41.2,60.1,41,0,618
"1294",4,2015,11,45.3,31.2,60.1,37.9,0,684
"1295",5,2015,11,42.9,33.8,51.1,30.9,0,628
"1296",6,2015,11,50.4,43.6,57,30.9,0,797
"1297",7,2015,11,57,52.8,61,46.9,0,819
"1298",1,2015,11,48.8,34.7,61,39.9,0,597
"1299",2,2015,11,50.1,45.5,57.2,39,0,431
"1300",3,2015,11,45.2,35.2,57,39.9,0,704
"1301",4,2015,11,37.5,17,48,30.9,0,733
"1302",5,2015,11,39.6,26.8,50,28.9,0,717
"1304",7,2015,11,52.6,48.4,59,45,0,480
"1305",1,2015,11,54.5,50.4,62.1,45,0,508
"1306",2,2015,11,46.1,38.8,62.1,39.9,0,453
"1307",3,2015,11,40.5,26.7,48.9,30.9,0,611
"1308",4,2015,12,40.1,32.7,50,30,0,746
"1309",5,2015,12,53.6,51.9,57,48.9,1,655
"1310",6,2015,12,53.5,47.1,57,46.9,1,623
"1311",7,2015,12,45.6,32,57,42.1,0,680
"1312",1,2015,12,45.6,34,52,35.1,0,629
"1313",2,2015,12,45.4,40.9,55,34,1,485
"1314",3,2015,12,50.8,45.5,55.9,34,0,668
"1315",4,2015,12,47.4,42.3,55.9,44.1,0,618
"1316",5,2015,12,43.7,32.9,50,34,0,575
"1317",6,2015,12,51.1,46.4,57,34,0,668
"1318",7,2015,12,52.2,50,57.9,46,1,694
"1319",1,2015,12,55,46.1,62.1,45,0,578
"1320",2,2015,12,53.6,46.9,62.1,45,0,549
"1321",3,2015,12,52.6,48.2,57,50,1,637
"1322",4,2015,12,58,51.5,61,50,1,755
"1323",5,2015,12,46.5,35.5,61,43,0,673
"1324",6,2015,12,48.9,43.7,57,42.1,0,745
"1325",7,2015,12,54.2,52.4,60.1,42.1,1,767
"1326",1,2015,12,42.1,24.9,55.9,39,0,624
"1327",2,2015,12,38.5,19.5,44.1,34,0,500
"1328",3,2015,12,49.5,40.8,55.9,34,0,612
"1329",4,2015,12,54.8,52.1,57.9,45,1,699
"1330",5,2015,12,53.5,51.2,60.1,46,1,805
"1331",6,2015,12,57.7,55.8,61,46,1,603
"1334",2,2015,12,52.9,49,57,46,1,518
"1335",3,2015,12,40.9,30,57,33.1,0,490
"1336",4,2015,12,42.8,35.9,57,33.1,1,533
"1337",5,2015,12,44.8,40.6,57,36,0,501
"1338",6,2015,12,46.5,41.8,48,45,0,527
"1341",2,2016,1,44.4,29.4,52,34,0,432
"1342",3,2016,1,38.2,27.4,52,34,0,601
"1343",4,2016,1,27.7,18.1,43,24.1,0,640
"1344",5,2016,1,33.5,19.3,45,21,0,625
"1345",6,2016,1,40.5,29.9,46.9,24.1,0,542
"1346",7,2016,1,41.3,33.1,48,30.9,0,602
"1347",1,2016,1,45.9,38.6,50,30.9,0,554
"1348",2,2016,1,51.3,49,57.9,44.1,1,462
"1349",3,2016,1,43.2,30.5,57.9,35.1,1,680
"1350",4,2016,1,33,19.1,50,19.9,0,637
"1351",5,2016,1,32.9,18.2,43,19.9,0,605
"1352",6,2016,1,28.9,14.7,37.9,27,0,597
"1353",7,2016,1,36.5,25.6,45,24.1,0,722
"1354",1,2016,1,45.7,42.5,51.1,39.9,0,563
"1355",2,2016,1,40.2,32.3,51.1,36,0,451
"1356",3,2016,1,34.4,24.9,44.1,26.1,0,481
"1357",4,2016,1,25.5,4.8,37.9,21.9,0,662
"1358",5,2016,1,29.4,11.2,37,21.9,0,623
"1359",6,2016,1,30.9,10.8,37,25,0,666
"1360",7,2016,1,28,11.8,35.1,21.9,0,702
"1362",2,2016,1,34.5,27.9,37.9,33.1,0,517
"1363",3,2016,1,33.5,21.2,37.9,30,0,658
"1364",4,2016,1,42.2,36.4,48.2,28.9,0,734
"1365",5,2016,1,43,36.7,48,36,0,670
"1366",6,2016,1,35,24.4,46,23,0,681
"1367",7,2016,1,41.3,36.8,45,23,0,645
"1368",1,2016,1,37.8,27.3,45,34,0,596
"1369",2,2016,1,45,39,50,34,0,532
"1370",3,2016,2,47.6,43.1,52,43,0,716
"1371",4,2016,2,43.2,32.2,52,34,0,711
"1372",5,2016,2,42.6,37.8,51.1,30.9,0,579
"1373",6,2016,2,51.6,49.4,54,35.1,1,609
"1374",7,2016,2,40.8,38.4,54,32,1,607
"1375",1,2016,2,32.3,23.3,45,28,0,553
"1377",3,2016,2,36.4,31.4,44.1,32,1,501
"1378",4,2016,2,33.1,27.8,42.1,30.9,0,571
"1379",5,2016,2,33.5,28,37.9,28,0,537
"1380",6,2016,2,31.5,21.3,37.9,23,0,622
"1381",7,2016,2,19.3,4.2,36,15.1,0,628
"1382",1,2016,2,23.5,11.8,27,12.9,0,480
"1385",4,2016,2,44.5,41.7,50,36,1,615
"1386",5,2016,2,41.5,35.8,50,35.1,1,525
"1387",6,2016,2,36,23.1,44.1,32,0,592
"1388",7,2016,2,34.7,21.7,39.9,32,0,532
"1389",1,2016,2,42.8,36.4,48.9,32,0,555
"1390",2,2016,2,46.8,38.5,54,39,0,481
"1391",3,2016,2,41.8,31.7,54,32,0,615
"1392",4,2016,2,36.5,26.3,45,28.9,0,623
"1393",5,2016,2,46.9,43.7,53.6,41,0,660
"1394",6,2016,2,51,47.1,57.2,45,1,663
"1395",7,2016,2,40.2,23.9,57,35.1,0,476
"1397",2,2016,2,42.8,31.7,48.9,25,0,509
"1398",3,2016,2,47.8,40.9,54,39.9,0,616
"1399",4,2016,3,43.2,29,54,39,0,662
"1400",5,2016,3,45.7,38.8,52,37,0,653
"1401",6,2016,3,29.9,11.8,36,25,0,625
"1402",7,2016,3,33.9,26.2,39,25,0,685
"1403",1,2016,3,34.8,22.6,39,30,0,601
"1404",2,2016,3,33.2,18.7,41,23,0,500
"1405",3,2016,3,36.8,26.1,46,23,0,571
"1406",4,2016,3,44.4,36.5,51.1,26.1,0,632
"1407",5,2016,3,46.4,41.8,55,37.9,0,660
"1408",6,2016,3,49.6,43.8,62.1,41,0,629
"1409",7,2016,3,46.8,42.9,62.1,39.9,1,672
"1410",1,2016,3,41.2,35.4,55,30.9,0,625
"1411",2,2016,3,50.1,35.2,57.9,30.9,0,435
"1412",3,2016,3,43.8,33.8,46,41,0,640
"1413",4,2016,3,48.3,45.7,54,41,1,608
"1414",5,2016,3,45.2,41.9,51.1,43,1,629
"1415",6,2016,3,45.4,42.5,48.9,42.8,0,612
"1416",7,2016,3,47,37,54,39,0,644
"1417",1,2016,3,40,21.4,54,35.1,0,540
"1418",2,2016,3,37.2,22.6,43,32,0,479
"1419",3,2016,3,37.4,32,43,34,0,617
"1420",4,2016,3,40.8,23.9,45,35.1,0,628
"1421",5,2016,3,48.6,40.2,53.1,43,0,621
"1422",6,2016,3,45.1,38.1,54,42.1,0,635
"1423",7,2016,3,50.8,48.5,55.9,42.1,1,546
"1424",1,2016,3,44.8,37.6,55.9,36,1,530
"1425",2,2016,3,40,32.8,46.9,37,0,459
"1426",3,2016,3,45.1,41.4,55,37,1,658
"1427",4,2016,3,48.6,34.9,55,41,1,683
"1428",5,2016,3,43.4,24.8,55,37.9,0,650
"1429",6,2016,3,51,44.6,59,37.9,0,652
"1430",7,2016,4,54.8,52.5,59,46,1,702
"1431",1,2016,4,50.4,47.7,59,46,1,597
"1432",2,2016,4,41.7,32.9,53.1,33.1,0,585
"1433",3,2016,4,36.5,22.1,46.9,30.9,0,683
"1434",4,2016,4,35.1,23.5,45,30.9,0,672
"1435",5,2016,4,37,15.3,44.1,28.9,0,628
"1436",6,2016,4,50.9,44.8,57,32,0,630
"1437",7,2016,4,49.7,43.2,57,44.1,0,696
"1438",1,2016,4,41.8,25.1,53.1,35.1,0,557
"1439",2,2016,4,40.6,23.9,48,35.1,0,499
"1440",3,2016,4,47.8,38.9,55,35.1,0,624
"1441",4,2016,4,52.5,48.6,57.9,44.1,0,638
"1442",5,2016,4,46.7,34.2,57.9,37.9,0,700
"1443",6,2016,4,44,32.4,52,35.1,0,674
"1444",7,2016,4,46.4,28.4,53.1,39.9,0,733
"1445",1,2016,4,44.3,33.2,46.9,42.8,0,679
"1446",2,2016,4,45.8,36.5,52,42.1,0,568
"1447",3,2016,4,49.5,35.9,64,37,0,687
"1448",4,2016,4,46.9,40,64,37.9,0,732
"1449",5,2016,4,47.3,33.8,55,37.9,0,697
"1450",6,2016,4,49.6,39,59,39,0,694
"1451",7,2016,4,55.4,48.4,72,44.1,1,741
"1452",1,2016,4,53.4,49.8,72,50,1,649
"1453",2,2016,4,49.1,31.2,60.1,44.1,0,448
"1454",3,2016,4,48.4,36.3,55,37,0,488
"1455",4,2016,4,46.8,42.8,55,39.9,0,479
"1456",5,2016,4,45,36.9,51.1,41,0,510
"1457",6,2016,4,47.7,34.1,54,41,0,489
"1458",7,2016,4,46.1,33.9,54,42.1,0,517
"1459",1,2016,4,47.3,33.1,54,37,0,581
"1460",2,2016,5,45.2,36.3,55,37,0,484
"1461",3,2016,5,51.3,48,55.9,37,1,589
"1462",4,2016,5,48.2,45,54,46.4,0,711
"1463",5,2016,5,47.3,43.5,50,45,0,653
"1464",6,2016,5,45.5,43.9,50,45,0,626
"1465",7,2016,5,48.5,43.5,53.1,44.1,0,728
"1466",1,2016,5,52.5,48.8,66,44.1,1,571
"1467",2,2016,5,48.5,46.1,66,45,1,591
"1468",3,2016,5,54,40.6,61,45,0,646
"1469",4,2016,5,51.9,38.2,61,39.9,0,608
"1470",5,2016,5,55.6,42.2,66,39.9,0,699
"1471",6,2016,5,55.2,45.5,68,42.1,0,744
"1472",7,2016,5,55.5,51.7,68,42.1,1,766
"1473",1,2016,5,59.4,54,70,45,1,589
"1474",2,2016,5,55.7,46.4,70,52,0,510
"1475",3,2016,5,50.8,31.4,60.1,46,0,742
"1476",4,2016,5,55,44.5,63,46,0,624
"1477",5,2016,5,55.5,45.2,63,48,0,676
"1478",6,2016,5,53.9,44.5,63,45,0,694
"1479",7,2016,5,56.4,47.9,70,46,0,782
"1480",1,2016,5,55.7,48.8,70,46,0,568
"1481",2,2016,5,56.3,52.2,62.1,46.9,0,571
"1482",3,2016,5,59.4,50.3,72,52,0,652
"1483",4,2016,5,54.6,52,72,51.1,1,695
"1484",5,2016,5,57.9,53.4,64,51.1,0,733
"1485",6,2016,5,65.7,53.9,78.1,54,0,742
"1486",7,2016,5,60,55.8,78.1,55.9,1,767
"1487",1,2016,5,62.5,57.3,68,55.9,0,627
"1488",2,2016,5,64.6,58.2,75,59,0,566
"1489",3,2016,5,62.4,60.5,75,59,1,471
"1490",4,2016,5,62.8,60.6,70,60.1,1,760
"1491",5,2016,6,64,56.4,73,57,1,772
"1492",6,2016,6,55.7,53.5,73,52,1,683
"1493",7,2016,6,58.4,55.9,64.4,55,0,710
"1494",1,2016,6,60.2,58,73.9,54,1,635
"1495",2,2016,6,58.4,56.9,73.9,54,1,466
"1496",3,2016,6,62.9,61.1,69.1,55,1,758
"1497",4,2016,6,61.2,59.8,69.1,59,1,709
"1498",5,2016,6,61.7,55.2,66.9,57.9,1,763
"1499",6,2016,6,59.9,46.7,68,54,0,686
"1500",7,2016,6,59.2,45.1,68,53.1,0,818
"1501",1,2016,6,58.1,53.3,64,53.1,0,584
"1502",2,2016,6,66,56,81,55,0,587
"1503",3,2016,6,61.5,47.2,81,54,0,646
"1504",4,2016,6,62.2,50,72,54,0,717
"1505",5,2016,6,63.7,55,73.9,55,0,739
"1506",6,2016,6,65.2,56.3,73.9,55,0,689
"1507",7,2016,6,63,51.5,73,55.9,0,748
"1508",1,2016,6,62.6,53.5,73,53.1,0,700
"1509",2,2016,6,59.9,51.5,73,53.1,0,559
"1510",3,2016,6,61.4,55.9,66.9,54,0,745
"1511",4,2016,6,63.6,59.9,69.1,57,0,681
"1512",5,2016,6,65.6,60.2,71.1,55.9,0,751
"1513",6,2016,6,63,59.4,71.1,55.9,1,643
"1514",7,2016,6,65.3,56.6,75,57,0,811
"1515",1,2016,6,62.1,52.1,75,53.1,0,688
"1516",2,2016,6,60.8,49.4,71.1,50,0,582
"1517",3,2016,6,64.3,58.3,71.1,50,0,718
"1518",4,2016,6,66.1,64,71.1,60.1,1,675
"1519",5,2016,6,67.2,64.8,72,64,1,687
"1520",6,2016,6,68.9,63.6,77,63,1,761
"1521",7,2016,7,66.9,63.6,77,61,1,752
"1522",1,2016,7,69.4,62.8,75.9,61,1,570
"1523",2,2016,7,67.2,58,75.9,55.9,0,448
"1524",3,2016,7,68.4,62.6,75.9,55.9,0,488
"1525",4,2016,7,67.1,65.3,75.9,64,1,663
"1526",5,2016,7,71.8,65.3,81,64,1,680
"1527",6,2016,7,68.7,66.7,81,64,1,603
"1528",7,2016,7,65.7,64.2,70,60.8,1,612
"1529",1,2016,7,61.7,58.6,70,59,0,498
"1530",2,2016,7,63,60.1,70,59,1,508
"1531",3,2016,7,63.1,58.4,70,55,0,618
"1532",4,2016,7,66.7,61.2,78.1,55,0,662
"1533",5,2016,7,67.2,63.3,78.1,57.9,0,607
"1534",6,2016,7,69.1,65.9,75,64,0,741
"1535",7,2016,7,70.7,67.9,75,66,1,798
"1536",1,2016,7,73.5,67.3,84.9,66.9,0,623
"1537",2,2016,7,70.6,68.7,84.9,66.9,1,574
"1538",3,2016,7,71.1,69,75.9,66,1,725
"1539",4,2016,7,73.8,65.7,81,66.9,0,699
"1540",5,2016,7,68.3,55.6,81,60.1,0,698
"1541",6,2016,7,70.4,63.4,80.1,60.1,0,731
"1542",7,2016,7,72.4,68.4,80.1,61,0,769
"1543",1,2016,7,74.3,68.6,82,68,0,650
"1544",2,2016,7,73.2,63.2,82,64.9,0,566
"1545",3,2016,7,71.5,68.8,80.1,64.9,0,698
"1546",4,2016,7,75.3,69.3,82,68,0,688
"1547",5,2016,7,75.4,66.3,82,70,0,690
"1548",6,2016,7,72.2,69,81,68,0,709
"1549",7,2016,7,70.8,68.3,78.1,66.9,1,774
"1550",1,2016,7,70.8,66.9,78.1,64.9,0,599
"1551",2,2016,7,67.5,64.8,72,64.4,1,529
"1552",3,2016,8,68.2,62.4,75,64,0,569
"1553",4,2016,8,66.9,61.9,75,61,0,602
"1554",5,2016,8,67.4,60,73.9,61,0,687
"1555",6,2016,8,64.2,57.8,73.9,55.9,0,715
"1556",7,2016,8,65.3,60.4,73.9,55,1,700
"1557",1,2016,8,71.3,67.5,75.9,55,0,578
"1558",2,2016,8,74.2,65,82,66.9,1,540
"1559",3,2016,8,71.3,61.3,82,62.1,0,632
"1560",4,2016,8,71.5,64.7,80.1,62.1,0,650
"1561",5,2016,8,70.6,67.2,80.1,64,0,618
"1562",6,2016,8,73.6,71.8,79,66.9,1,672
"1563",7,2016,8,74.3,72.2,79,71.1,1,729
"1564",1,2016,8,75.9,73.3,82.9,71.1,1,614
"1565",2,2016,8,75.3,73.3,80.1,69.8,1,521
"1566",3,2016,8,77.5,69.4,84,70,0,643
"1567",4,2016,8,73.1,69,84,66.9,0,644
"1568",5,2016,8,76.5,70,82,70,0,658
"1569",6,2016,8,71.5,65.7,82,64.9,0,635
"1570",7,2016,8,74.4,65.7,81,64.9,0,707
"1571",1,2016,8,69.1,62.1,81,63,0,579
"1572",2,2016,8,68.3,63.6,75.9,63,0,512
"1573",3,2016,8,73.8,66.7,81,63,1,669
"1574",4,2016,8,69,52.6,81,64,0,637
"1575",5,2016,8,70.1,63.3,77,63,0,635
"1576",6,2016,8,71.7,66.5,77,63,0,659
"1577",7,2016,8,73.4,70,79,68,0,756
"1578",1,2016,8,74.4,64.2,81,66.9,1,624
"1579",2,2016,8,67.7,61.7,81,57.9,1,559
"1580",3,2016,8,72.5,66.3,82.9,57.9,0,673
"1581",4,2016,8,67.7,59.2,82.9,59,0,622
"1582",5,2016,8,70.4,65.7,75.9,59,0,661
"1583",6,2016,9,71.5,67,77,66.9,0,675
"1584",7,2016,9,69.2,63.2,77,62.1,0,697
"1585",1,2016,9,63.2,57.5,75,55.9,0,498
"1586",2,2016,9,65.3,57.4,73,55.9,0,466
"1588",4,2016,9,69.9,65.8,75.9,62.1,0,626
"1589",5,2016,9,70.3,66.8,77,64.9,0,648
"1590",6,2016,9,68.5,66.8,77,66,1,717
"1591",7,2016,9,71.4,68.3,79,66,1,715
"1592",1,2016,9,71.9,67,79,68,1,598
"1593",2,2016,9,71.3,67.8,78.1,64.9,1,538
"1594",3,2016,9,65.1,52.1,78.1,55.9,0,648
"1595",4,2016,9,64.1,55.9,71.1,55.9,0,779
"1596",5,2016,9,68.4,61.8,73.9,57.9,0,779
"1597",6,2016,9,64.5,53.4,73.9,53.1,0,757
"1598",7,2016,9,57.7,47.7,66.9,48,0,780
"1599",1,2016,9,62.6,57.6,73,48,0,646
"1600",2,2016,9,70.6,67.3,75,66.9,0,535
"1601",3,2016,9,71,68.8,75,68,0,680
"1602",4,2016,9,71.1,69.3,75,66,0,619
"1603",5,2016,9,70,64.4,77,62.1,1,621
"1604",6,2016,9,67.2,57.8,79,57.9,0,660
"1605",7,2016,9,66.3,62.1,79,55.9,1,812
"1606",1,2016,9,60.7,49.5,75.9,50,0,612
"1607",2,2016,9,57.6,39.4,66,48,0,572
"1608",3,2016,9,55.2,41.1,64.9,44.1,0,623
"1609",4,2016,9,65.4,59.8,66.9,60.1,0,659
"1610",5,2016,9,63.1,60.7,66.2,60.1,0,637
"1611",6,2016,9,60,54.9,64.9,57.9,0,624
"1613",1,2016,10,62,60.2,64.9,59,1,581
"1614",2,2016,10,61.3,59.2,64.9,59,1,486
"1615",3,2016,10,60.5,56.1,66,57,0,490
"1616",4,2016,10,60.5,54.2,66,55.9,0,523
"1617",5,2016,10,58.7,53.2,62.1,55.4,0,695
"1618",6,2016,10,57.3,50.9,66,48.9,0,764
"1619",7,2016,10,55.6,49.7,70,44.1,1,754
"1620",1,2016,10,58.7,55.5,70,44.1,1,633
"1621",2,2016,10,62.2,59.7,69.1,46.9,0,480
"1622",3,2016,10,54.1,43.8,57,51.8,0,539
"1623",4,2016,10,54.3,42.2,60.1,46.9,0,739
"1624",5,2016,10,52.8,46.7,63,42.1,0,498
"1625",6,2016,10,59.6,56.6,66.9,42.1,0,757
"1626",7,2016,10,55.9,45.7,66.9,48,0,767
"1627",1,2016,10,50.5,38.8,60.1,41,0,641
"1628",2,2016,10,55.2,47.6,66,39.9,0,503
"1629",3,2016,10,64.5,59,72,60.1,0,585
"1630",4,2016,10,63.8,61.6,73.9,59,1,590
"1631",5,2016,10,65.6,62.5,71.1,59,0,676
"1632",6,2016,10,60.4,54.3,71.1,52,1,662
"1634",1,2016,10,61.3,58.9,70,50,1,629
"1635",2,2016,10,53.7,35.4,64,50,0,534
"1636",3,2016,10,57.5,41.6,61,50,0,573
"1637",4,2016,10,49.1,29.5,61,45,0,566
"1638",5,2016,10,44.7,28.1,53.1,41,0,706
"1640",7,2016,10,51.8,46.3,59,39.9,0,798
"1641",1,2016,10,51,44.8,59,46,0,614
"1642",2,2016,10,61.1,52.4,69.1,46.9,0,557
"1643",3,2016,10,48.3,41.9,52,42.1,0,655
"1644",4,2016,11,46.2,37.1,53.1,34,0,732
"1645",5,2016,11,55.9,49.9,63,34,0,665
"1646",6,2016,11,58.8,56.2,63,51.1,1,689
"1647",7,2016,11,53.6,44.3,63,48.9,0,777
"1648",1,2016,11,47.8,33.6,55.9,36,0,626
"1649",2,2016,11,49.9,42.3,55.9,36,0,532
"1650",3,2016,11,47.4,36.7,54,43,0,699
"1651",4,2016,11,47.2,38.2,57,39,0,620
"1652",5,2016,11,51.6,46.1,61,39,1,541
"1653",6,2016,11,49.4,40.5,61,44.1,0,706
"1654",7,2016,11,54.9,41,63,46.9,0,665
"1655",1,2016,11,42.1,25.4,46,39,0,603
"1656",2,2016,11,51.3,36.2,57,37.9,0,518
"1657",3,2016,11,54.4,44.6,62.1,46.9,0,668
"1658",4,2016,11,54.8,50.1,62.1,46.9,0,741
"1659",5,2016,11,54.4,49.5,59,51.1,0,705
"1660",6,2016,11,48.6,43,57,41,0,707
"1661",7,2016,11,50.9,44.1,55,41,0,776
"1662",1,2016,11,50.1,47.2,54,48,0,692
"1663",2,2016,11,47,42.3,50,41,1,529
"1664",3,2016,11,38.8,23.3,51.1,37,0,684
"1665",4,2016,11,37.7,21.4,43,34,0,765
"1666",5,2016,11,37.1,23.3,44.1,30.9,0,807
"1667",6,2016,11,42.2,34.3,48.9,30,0,428
"1668",7,2016,11,48.6,43.1,51.1,34,0,455
"1669",1,2016,11,47,45,48.9,41,1,463
"1670",2,2016,11,43.4,34.6,48.9,39.9,0,466
"1671",3,2016,11,39.5,26.7,46.9,33.1,0,647
"1672",4,2016,11,43.8,38.5,53.6,33.1,0,752
"1673",5,2016,11,52.9,51.3,57.2,48.2,1,730
"1674",6,2016,12,53.4,49.7,57,48.9,1,734
"1675",7,2016,12,46.4,32.8,57,43,0,690
"1676",1,2016,12,43.8,28.3,50,39.9,0,592
"1677",2,2016,12,38.2,24.3,48,34,0,482
"1678",3,2016,12,37.9,30.9,46.9,26.1,0,791
"1679",4,2016,12,41.7,31.3,46.9,30.9,0,711
"1680",5,2016,12,42.8,37.1,46,39,0,637
"1681",6,2016,12,42.7,35.1,46.9,37,0,635
"1682",7,2016,12,36.6,19.2,46.9,34,0,701
"1683",1,2016,12,28.2,9.9,39.9,24.1,0,555
"1684",2,2016,12,29.9,13.3,36,24.1,0,522
"1685",3,2016,12,43.6,40.4,53.1,25,0,665
"1686",4,2016,12,39.7,26.9,53.1,35.1,0,630
"1687",5,2016,12,41.2,31.1,44.1,35.1,0,689
"1688",6,2016,12,29.8,14,44.1,19.9,1,749
"1689",7,2016,12,18.2,-2.1,23,12.9,0,792
"1690",1,2016,12,36.2,31.3,52,12,0,623
"1691",2,2016,12,49.8,48,57,43,1,521
"1692",3,2016,12,35.3,22.9,57.9,30,0,722
"1693",4,2016,12,34.8,25.3,41,30,0,719
"1694",5,2016,12,38.8,29,43,30,0,676
"1695",6,2016,12,38.9,32.3,46,27,0,700
"1696",7,2016,12,39,28.8,46,27,0,692
"1697",1,2016,12,44.1,39.3,48.9,36,0,554
"1700",4,2016,12,49.8,46.9,53.1,44.1,1,569
"1701",5,2016,12,39.1,26.8,53.1,34,0,546
"1702",6,2016,12,37.3,29.4,48.9,24.1,0,542
"1703",7,2016,12,40.4,29.9,50,24.1,0,583
"1704",1,2016,12,35.8,21.1,44.1,30,0,465
"1705",2,2017,1,44.4,33.6,48,39,0,485
"1706",3,2017,1,37.4,28.7,50,26.1,0,449
"1707",4,2017,1,44.3,40.7,48.9,42.1,0,659
"1708",5,2017,1,46.5,43.7,53.1,42.1,1,590
"1709",6,2017,1,36.4,19.7,48,32,0,552
"1710",7,2017,1,31.7,25.8,41,28.9,1,600
"1713",3,2017,1,18.3,5.7,28,15.1,0,669
"1714",4,2017,1,35.6,26.3,42.1,15.1,0,597
"1715",5,2017,1,45,40.9,50,28.9,0,629
"1716",6,2017,1,47.8,45.5,53.1,42.1,0,646
"1717",7,2017,1,46.8,37.5,50,37.9,0,604
"1718",1,2017,1,29.8,13.4,50,25,0,495
"1719",2,2017,1,33.6,24.8,36,25,0,490
"1720",3,2017,1,31.6,20.7,43,21,0,477
"1721",4,2017,1,40,30.9,44.1,37,0,657
"1722",5,2017,1,41.6,38.5,44.1,36,0,549
"1723",6,2017,1,40.7,36.9,45,37,0,610
"1724",7,2017,1,39.9,32.5,45,37,0,605
"1725",1,2017,1,42.3,37.5,46,37,1,475
"1727",3,2017,1,40.9,34.4,44.1,37.4,0,667
"1728",4,2017,1,48.9,46.9,55,37.9,1,564
"1729",5,2017,1,41.1,35.1,55,37.9,0,576
"1730",6,2017,1,44.3,39.9,50,37.9,0,563
"1731",7,2017,1,42.1,29.8,45,39.9,0,583
"1732",1,2017,1,38.7,23.1,45,36,0,501
"1733",2,2017,1,38,26.4,43,34,0,428
"1734",3,2017,1,34,23.1,43,24.1,0,545
"1735",4,2017,1,28.1,14.6,39.9,21.9,1,571
"1736",5,2017,2,38.7,31.3,45,21.9,0,574
"1737",6,2017,2,37.7,24.2,45,30,0,586
"1738",7,2017,2,30.9,14,44.1,26.1,0,609
"1739",1,2017,2,28.4,10.8,33.1,24.1,0,541
"1740",2,2017,2,36.1,23.7,44.1,24.1,0,429
"1741",3,2017,2,37.5,21,44.1,30.9,0,568
"1742",4,2017,2,38.1,32.2,46.9,25,0,626
"1743",5,2017,2,46.2,43.9,50,42.1,1,673
"1744",6,2017,2,38.1,33.3,51.1,24.1,1,507
"1745",7,2017,2,21,9.1,27,16,1,708
"1746",1,2017,2,32,24.7,41,16,0,511
"1747",2,2017,2,35.6,32.1,41,23,0,439
"1748",3,2017,2,35.9,30.3,44.6,28.9,1,642
"1749",4,2017,2,30.1,19.1,33.1,26.6,0,688
"1750",5,2017,2,36.6,32.7,44.1,21.9,0,603
"1751",6,2017,2,36.1,28.8,44.1,21.9,1,652
"1752",7,2017,2,31.8,17.3,39,26.1,0,680
"1753",1,2017,2,37,26.6,46.9,24.1,0,570
"1754",2,2017,2,47.8,36.9,57,41,0,438
"1755",3,2017,2,41.9,29.5,59,36,0,428
"1756",4,2017,2,37.1,26.6,46,30,0,483
"1757",5,2017,2,40.6,35.2,46.9,32,0,477
"1758",6,2017,2,44,41.7,48.9,37,1,581
"1759",7,2017,2,47.5,44.3,54,39.9,1,657
"1760",1,2017,2,49.8,46.6,57.9,44.1,1,573
"1761",2,2017,2,43,31.2,57.9,37.9,1,462
"1762",3,2017,2,39.1,25.5,48,30,0,540
"1763",4,2017,2,44.2,39.9,48.9,30,0,591
"1764",5,2017,3,47.4,45.8,52,41,1,571
"1765",6,2017,3,47.8,36.9,52,37.9,0,653
"1766",7,2017,3,33.2,8.8,51.1,28,0,745
"1767",1,2017,3,22.9,0.1,37,18,0,536
"1768",2,2017,3,20.8,-1.7,33.1,12,0,489
"1769",3,2017,3,28.9,11.2,36,12,0,618
"1770",4,2017,3,36.7,27.5,45,24.1,0,637
"1771",5,2017,3,45.9,42.6,48.9,30,1,609
"1772",6,2017,3,45.9,34.3,52,41,0,665
"1773",7,2017,3,35.5,26.4,52,30,1,612
"1774",1,2017,3,22.5,7.2,44.1,17.1,0,548
"1775",2,2017,3,20,2.6,26.1,15.1,0,516
"1776",3,2017,3,21.9,6.4,27,15.1,0,792
"1778",5,2017,3,29.8,20.7,46.9,25,0,650
"1780",7,2017,3,33,13.4,39,23,0,756
"1781",1,2017,3,34.7,23.9,43,21.9,0,504
"1782",2,2017,3,36,32.2,43,21.9,1,550
"1783",3,2017,3,39.2,26.3,45,33.1,0,750
"1784",4,2017,3,39.9,26.4,50,34,0,636
"1785",5,2017,3,38.6,20.9,50,27,0,617
"1786",6,2017,3,26.4,1.5,46,19.9,0,703
"1787",7,2017,3,35.3,21.9,43,19.9,0,654
"1788",1,2017,3,42.9,36.8,48,37.4,0,571
"1789",2,2017,3,37,30,50,28,0,456
"1790",3,2017,3,42,38.3,46.9,28,1,629
"1791",4,2017,3,40.7,38.5,48,37,1,592
"1792",5,2017,3,41.9,37.1,48,37,0,672
"1793",6,2017,3,40,25.9,46,34,0,639
"1794",7,2017,3,37.6,30.7,45,30.9,0,753
"1795",1,2017,4,39.8,36.9,44.1,35.1,0,591
"1796",2,2017,4,39.7,33,46.9,37,0,514
"1797",3,2017,4,43,31.7,54,32,0,646
"1798",4,2017,4,42.9,38,54,32,1,598
"1799",5,2017,4,42.6,38.4,46.9,39,1,587
"1800",6,2017,4,41.9,38.5,51.8,39,1,713
"1801",7,2017,4,47.8,42.6,54,39,1,694
"1802",1,2017,4,43.9,30.6,51.1,39,0,627
"1803",2,2017,4,46.3,30.9,55,39,0,541
"1804",3,2017,4,46.9,39.6,55,39.9,0,634
"1805",4,2017,4,49.8,44,55,41,0,519
"1806",5,2017,4,49.1,45.1,55,46,0,540
"1807",6,2017,4,49.8,38.5,57,42.1,0,590
"1808",7,2017,4,47.5,34.1,57.9,37.9,0,515
"1809",1,2017,4,46.8,38,57.9,35.1,0,495
"1810",2,2017,4,51.9,46.9,57,37,1,481
"1811",3,2017,4,56.4,48.3,70,48.9,0,488
"1812",4,2017,4,47.8,39.2,53.1,41,0,516
"1813",5,2017,4,41.7,32.2,53.1,32,0,580
"1814",6,2017,4,47.5,44.1,54,32,1,632
"1815",7,2017,4,45.7,43.4,46.9,44.6,0,690
"1816",1,2017,4,46.7,44.5,48.9,44.1,0,551
"1817",2,2017,4,46.5,39.5,55.9,43,0,517
"1818",3,2017,4,46.6,42.4,55.9,42.1,0,541
"1819",4,2017,4,49.7,46.6,52,42.1,0,723
"1820",5,2017,4,53.1,51.8,55.4,50,1,630
"1821",6,2017,4,52.9,50.7,63,48,1,688
"1823",1,2017,4,54.2,51.6,64,48.2,1,661
"1824",2,2017,4,53.4,40,66.9,45,0,470
"1825",3,2017,5,49.3,45.3,57.9,44.6,1,639
"1826",4,2017,5,55.4,53.4,60.1,45,1,743
"1827",5,2017,5,54.7,44.3,60.1,48.9,0,714
"1828",6,2017,5,51.5,34.8,59,45,0,701
"1829",7,2017,5,49.4,44,57.9,45,0,776
"1830",1,2017,5,55.1,54.1,57.9,46,1,685
"1831",2,2017,5,52.5,48.9,57.9,50,1,514
"1832",3,2017,5,50,41.3,57,46,0,638
"1833",4,2017,5,48.3,34.9,55,39.9,0,651
"1834",5,2017,5,48.7,38.4,57,39.9,0,668
"1835",6,2017,5,49.5,42,57,43,0,686
"1836",7,2017,5,48.6,42.2,57,44.1,0,817
"1837",1,2017,5,47.9,41.7,54,44.1,0,683
"1838",2,2017,5,50.4,47.9,57,45,1,633
"1839",3,2017,5,51.1,43.8,57,48,0,729
"1840",4,2017,5,57.5,46.9,69.1,46.9,0,694
"1841",5,2017,5,57.9,50.2,69.1,48,0,753
"1844",1,2017,5,56.3,41.6,69.1,48,0,612
"1845",2,2017,5,52.7,37.3,63,41,0,618
"1846",3,2017,5,51.4,40.5,63,41,0,719
"1847",4,2017,5,56.8,52.3,62.1,48,1,659
"1848",5,2017,5,53.9,49.6,62.1,50,0,641
"1849",6,2017,5,53.8,51.1,59,51.1,1,742
"1850",7,2017,5,55.4,52.9,59,52,1,776
"1851",1,2017,5,57.5,48.6,63,51.1,0,475
"1852",2,2017,5,51.8,46.1,63,45,0,474
"1854",4,2017,5,53.5,49.6,61,50,0,647
"1855",5,2017,5,55.4,53.1,62.1,50,1,669
"1856",6,2017,6,55.7,53.8,61,51.8,1,654
"1857",7,2017,6,58.2,48.2,66,52,1,737
"1858",1,2017,6,56.9,47.9,66,43,0,637
"1859",2,2017,6,58,49.8,66,43,0,468
"1860",3,2017,6,56.6,54.5,66,50,0,656
"1861",4,2017,6,52.4,50.5,64.9,50,0,660
"1862",5,2017,6,54.5,47.5,61,50,0,675
"1863",6,2017,6,52.7,45.2,63,39.9,0,660
"1864",7,2017,6,57.6,52.7,66,39.9,0,770
"1865",1,2017,6,60.4,54.5,70,54,0,665
"1866",2,2017,6,61.5,55.8,70,55.9,0,702
"1867",3,2017,6,66,58.9,80.1,57.9,0,804
"1869",5,2017,6,67.1,51.6,79,57,0,754
"1870",6,2017,6,57.2,45.8,66,46.9,0,771
"1871",7,2017,6,59.8,52.9,66,46.9,0,657
"1872",1,2017,6,61.7,59.4,68,57,1,654
"1873",2,2017,6,63.8,62.5,68,59,1,593
"1874",3,2017,6,64.7,64.5,68,62.6,1,819
"1875",4,2017,6,63.4,63.4,66,60.8,1,813
"1876",5,2017,6,62.6,61.8,66.9,60.1,1,744
"1878",7,2017,6,64.9,63.4,75,55.9,1,793
"1879",1,2017,6,67.2,65.1,75,61,1,753
"1880",2,2017,6,68.8,60.1,79,59,0,590
"1881",3,2017,6,66.7,59.2,79,59,0,669
"1882",4,2017,6,64.3,61.6,75,57.9,0,757
"1883",5,2017,6,65.4,58,71.1,57.9,0,730
"1884",6,2017,6,65.6,62.6,71.1,59,0,767
"1885",7,2017,6,66.9,63.7,72,63,0,747
"1886",1,2017,7,67.7,66.3,73,63,0,595
"1887",2,2017,7,68.7,67.4,73.9,64.4,1,537
"1888",3,2017,7,70.9,66.1,82,64.9,1,617
"1890",5,2017,7,67.9,58.5,81,57.9,0,706
"1891",6,2017,7,61.7,59.9,78.1,53.1,0,611
"1892",7,2017,7,66,66,69.8,64,1,674
"1893",1,2017,7,67.3,66.8,73,64,1,585
"1894",2,2017,7,69.6,64.1,77,64,0,512
"1895",3,2017,7,68.3,66.1,77,62.1,0,667
"1896",4,2017,7,68.8,68.4,75,62.1,1,638
"1897",5,2017,7,70.8,70.2,77,64.9,1,677
"1898",6,2017,7,70.8,69.6,80.1,64,1,759
"1899",7,2017,7,63.7,61.5,80.1,62.1,0,707
"1900",1,2017,7,64.3,62.7,72,60.1,0,649
"1901",2,2017,7,69.3,67.7,78.1,60.1,1,515
"1902",3,2017,7,67.3,66.8,78.1,62.1,1,639
"1903",4,2017,7,69.4,67.9,78.1,62.1,1,706
"1904",5,2017,7,71.6,70.3,79,66,1,747
"1905",6,2017,7,74.7,70.6,84.9,66.9,1,774
"1906",7,2017,7,75.6,69.6,84.9,69.1,1,733
"1907",1,2017,7,74,67.2,84.9,68,0,648
"1908",2,2017,7,68.4,63.5,82,64,0,554
"1909",3,2017,7,63,58,75,57.9,0,620
"1910",4,2017,7,62.8,59.4,70,57.9,0,595
"1911",5,2017,7,63.6,58,72,55,0,635
"1912",6,2017,7,61.8,59.2,72,55,0,610
"1913",7,2017,7,69.2,66.9,77,55.9,0,685
"1914",1,2017,7,65.1,65,77,63,0,512
"1915",2,2017,7,67.1,57.7,73.9,62.1,0,606
"1916",3,2017,7,63.9,57.3,73.9,50,0,656
"1917",4,2017,8,68.2,64.8,75.9,50,0,705
"1918",5,2017,8,68.6,66.6,75.9,63,0,618
"1919",6,2017,8,67.5,66,75,61,1,713
"1920",7,2017,8,67.7,66.7,75.9,61,1,758
"1921",1,2017,8,67.7,67.2,75.9,64,1,573
"1922",2,2017,8,69.4,59.9,75,64,0,519
"1923",3,2017,8,67.5,64.2,75,59,0,606
"1924",4,2017,8,65.2,62.8,73.9,59,0,631
"1925",5,2017,8,67.1,63.5,75,59,1,655
"1926",6,2017,8,67.8,66,75,59,1,650
"1927",7,2017,8,67.6,65.8,77,60.1,1,655
"1928",1,2017,8,65.9,65.8,77,60.1,1,526
"1929",2,2017,8,71,69.3,80.1,62.1,1,563
"1930",3,2017,8,67.7,65.2,80.1,61,1,602
"1931",4,2017,8,67.8,66.8,79,61,1,577
"1932",5,2017,8,71.1,65.9,79,64.9,1,600
"1933",6,2017,8,68,60.8,79,62.1,0,639
"1934",7,2017,8,66.6,65.6,73.9,57.9,0,612
"1935",1,2017,8,71.8,70.9,78.1,57.9,1,638
"1936",2,2017,8,72.8,68.1,80.1,66.9,1,538
"1937",3,2017,8,69.9,65.6,81,61,0,627
"1938",4,2017,8,70.5,69.8,81,61,0,684
"1939",5,2017,8,72.3,70.9,78.1,68,0,629
"1940",6,2017,8,70,60.2,79,63,0,631
"1941",7,2017,8,66.4,60,79,57.9,0,633
"1942",1,2017,8,64.1,56.8,73.9,54,0,570
"1943",2,2017,8,62.3,53.6,73,50,0,498
"1944",3,2017,8,62.7,56.4,73,50,0,584
"1945",4,2017,8,62,58.3,71.1,54,0,614
"1946",5,2017,8,61.8,57.5,68,57,0,671
"1947",6,2017,8,66.2,60.6,75,54,0,618
"1948",7,2017,9,62.7,50,75,55,0,681
"1949",1,2017,9,58.7,45.2,66.9,50,0,562
"1950",2,2017,9,60,56.6,68,50,1,518
"1951",3,2017,9,65.4,62.2,70,53.1,0,532
"1952",4,2017,9,68.1,66.4,73,62.1,0,707
"1953",5,2017,9,69.6,68.6,75,64.9,0,608
"1954",6,2017,9,67.1,65.1,75,64,1,790
"1955",7,2017,9,65.4,60.5,70,60.1,0,740
"1956",1,2017,9,63.1,57,70,54,0,608
"1957",2,2017,9,61.1,56.3,69.1,54,0,533
"1958",3,2017,9,63.6,53.9,72,52,0,735
"1959",4,2017,9,65.3,59.7,73.9,57,0,680
"1960",5,2017,9,67.5,63.4,75,60.1,0,738
"1961",6,2017,9,67.4,67.2,75,63,1,728
"1963",1,2017,9,66.8,65.5,75.9,61,1,623
"1964",2,2017,9,64.7,64.2,75.9,60.1,1,586
"1965",3,2017,9,65.7,65.5,73,60.1,1,672
"1966",4,2017,9,65.5,65.4,71.1,63,1,661
"1967",5,2017,9,66.1,66.1,70,63,0,583
"1968",6,2017,9,63.9,63.8,68,60.1,0,535
"1969",7,2017,9,61.3,61.3,66,59,0,614
"1970",1,2017,9,62.6,62.6,64.9,61,1,631
"1971",2,2017,9,65.3,64.3,73,60.1,1,587
"1972",3,2017,9,64.2,63.7,73,59,1,726
"1973",4,2017,9,65.9,65.3,77,59,1,656
"1974",5,2017,9,68.7,68.6,77,62.1,1,696
"1975",6,2017,9,69.4,66.3,77,64,1,740
"1976",7,2017,9,59.6,48.5,72,53.1,0,757
"1977",1,2017,9,56.3,50.9,64,48,0,550
"1978",2,2017,10,55.5,46.8,63,48,0,571
"1979",3,2017,10,58,51.4,66,48,0,739
"1980",4,2017,10,54.1,47.5,62.1,46,0,687
"1981",5,2017,10,59.3,56.1,66,46,0,711
"1982",6,2017,10,63.7,62.6,69.1,54,0,657
"1983",7,2017,10,64.9,64.2,70,61,1,649
"1984",1,2017,10,63.8,63.5,71.1,61,1,570
"1985",2,2017,10,65.8,65.6,71.1,61,0,521
"1986",3,2017,10,66.3,66.2,71.1,64,0,546
"1987",4,2017,10,68.8,65.6,77,63,1,768
"1988",5,2017,10,62.1,58.7,77,55.9,0,628
"1989",6,2017,10,57.1,49.2,68,52,0,603
"1990",7,2017,10,56.4,49.4,63,51.1,0,658
"1991",1,2017,10,62.4,62,66.9,52,0,567
"1992",2,2017,10,63.3,63.3,68,57,1,496
"1993",3,2017,10,62.3,58.2,68,55,0,641
"1994",4,2017,10,51.1,39,66.9,41,0,736
"1995",5,2017,10,56.7,49,66.9,41,0,737
"1996",6,2017,10,59.7,58.3,66.9,48.9,0,766
"1997",7,2017,10,62,54.1,68,54,0,823
"1998",1,2017,10,58.8,50.3,68,46.9,0,583
"1999",2,2017,10,60.6,59.2,66.9,46.9,0,528
"2000",3,2017,10,59.5,58.7,68,52,1,669
"2001",4,2017,10,64.3,63.4,69.1,53.1,0,685
"2002",5,2017,10,65.1,65,69.1,60.1,0,648
"2003",6,2017,10,60.1,59.6,66.9,55,0,658
"2004",7,2017,10,54.1,43.5,64,48.9,0,759
"2005",1,2017,10,55.1,51.2,63,42.1,0,615
"2006",2,2017,10,60.4,59.4,64,42.1,0,613
"2008",4,2017,10,57.7,44.2,73,53.1,0,696
"2009",5,2017,11,50.6,39.9,61,37.9,0,607
"2010",6,2017,11,58.9,56.1,64,55,0,746
"2011",7,2017,11,58.7,58.5,66,52,1,776
"2012",1,2017,11,53.6,44.6,66,46.9,0,613
"2013",2,2017,11,54.5,49.5,61,46.9,0,519
"2014",3,2017,11,62.2,61.6,66,48.9,1,682
"2015",4,2017,11,53,46.7,66,48,0,710
"2016",5,2017,11,47,43.6,57,44.1,0,662
"2017",6,2017,11,48.3,39.9,54,43,0,702
"2018",7,2017,11,44.6,33.5,55,32,0,724
"2019",1,2017,11,30.2,18,36,26.1,0,623
"2020",2,2017,11,35.8,29.8,46.9,24.1,0,539
"2021",3,2017,11,48.8,44.3,52,46,0,699
"2022",4,2017,11,46.1,39,52,42.1,0,647
"2023",5,2017,11,43.9,37.1,48.9,39,0,713
"2024",6,2017,11,46.6,43.4,54,39,0,811
"2025",7,2017,11,43.8,33.2,54,42.1,0,814
"2026",1,2017,11,43.5,31.4,53.1,28,0,629
"2027",2,2017,11,54.8,50.4,59,44.1,0,573
"2028",3,2017,11,40.5,24.6,45,37.9,0,748
"2029",4,2017,11,51.1,39,57.9,37,0,790
"2030",5,2017,11,54.2,52.3,57.9,45,0,774
"2031",6,2017,11,38.7,30.1,57,34,0,469
"2032",7,2017,11,40.8,30.7,50,33.1,0,502
"2033",1,2017,11,50.1,47.2,55.9,34,0,456
"2034",2,2017,11,48.9,39.7,55.9,41,0,485
"2035",3,2017,11,43,28.8,52,39,0,635
"2036",4,2017,11,37.9,27.4,48.9,28,0,649
"2037",5,2017,11,52.2,47.6,59,46,0,701
"2038",6,2017,11,43.2,34,59,33.1,0,663
"2039",7,2017,12,48.2,44.2,52,33.1,0,772
"2040",1,2017,12,42.5,34.2,52,35.1,0,575
"2041",2,2017,12,42.6,36.3,48.9,35.1,0,448
"2042",3,2017,12,40.9,35.1,48.9,33.1,0,684
"2043",4,2017,12,42,38.5,52,28,0,704
"2044",5,2017,12,51.3,48.7,57,28,0,651
"2045",6,2017,12,43.4,28.1,57,39,0,693
"2046",7,2017,12,41,26.6,48,37.9,0,682
"2047",1,2017,12,38.7,36.7,43,37,0,538
"2048",2,2017,12,39,34.6,42.1,35.1,0,513
"2049",3,2017,12,38.4,28.3,42.1,32,0,725
"2050",4,2017,12,42.6,38.1,51.1,26.1,0,687
"2051",5,2017,12,32.8,25.1,51.1,25,0,709
"2054",1,2017,12,30.9,24.3,35.1,17.1,0,661
"2055",2,2017,12,27.6,13.8,35.1,24.1,0,547
"2056",3,2017,12,32.7,23.9,43,24.1,0,706
"2057",4,2017,12,44.9,41.8,51.1,41,0,657
"2058",5,2017,12,44.3,31.7,51.1,37,0,700
"2059",6,2017,12,32.4,19.7,36,26.1,0,742
"2060",7,2017,12,32.7,24.3,41,24.1,0,720
"2061",1,2017,12,45.6,45.4,53.1,26.1,1,565
"2062",2,2017,12,41.9,37.7,53.1,37.9,0,469
"2064",4,2017,12,29.5,12.4,50,25,0,543
"2065",5,2017,12,21.9,5,32,18,0,577
"2066",6,2017,12,15.3,-1.4,24.1,12,0,609
"2067",7,2017,12,13.7,5.4,21.9,6.1,0,598
"2068",1,2017,12,16.7,3.7,21.9,6.1,0,565
"2069",2,2017,12,21,17.9,21.9,19.9,0,462
"2070",3,2018,1,9.5,-0.5,21,5,0,453
"2071",4,2018,1,14.7,2,18,5,0,654
"2072",5,2018,1,25.6,18.3,35.1,10.9,0,645
"2073",6,2018,1,37.1,35.9,42.8,27,0,464
"2074",7,2018,1,23,13.8,42.1,15.1,0,700
"2075",1,2018,1,13.2,-0.2,27,10.9,0,599
"2076",2,2018,1,9.3,-0.5,19.9,1.9,0,475
"2077",3,2018,1,35,28,42.1,21.9,0,720
"2078",4,2018,1,38.3,32.3,43,30.9,0,684
"2079",5,2018,1,31.4,24.2,42.1,21.9,0,687
"2080",6,2018,1,38.5,38,45,21.9,0,696
"2081",7,2018,1,43.7,43.7,48,30.9,1,704
"2082",1,2018,1,45.4,43.2,52,33.1,1,603
"2083",2,2018,1,27,21.7,30.9,24.8,0,494
"2084",3,2018,1,31.6,24.5,37.9,25,0,523
"2085",4,2018,1,32.3,28.9,37.9,28,0,617
"2086",5,2018,1,36,35.2,41,28,1,611
"2087",6,2018,1,32.4,29.5,41,28.9,0,634
"2088",7,2018,1,28.9,21.4,34,24.1,0,599
"2089",1,2018,1,38.1,32.5,46.9,24.1,0,530
"2091",3,2018,1,36.4,35.9,48.9,27,0,559
"2092",4,2018,1,45.3,45.3,51.1,27,1,531
"2093",5,2018,1,41.1,36.1,51.1,34,1,615
"2094",6,2018,1,28,12.4,44.1,23,0,602
"2095",7,2018,1,25.3,7,32,21,0,677
"2096",1,2018,1,36.8,30.7,46,17.1,0,510
"2098",3,2018,1,40.3,37.7,46,37,1,531
"2099",4,2018,1,31.9,30.5,42.1,26.1,1,579
"2100",5,2018,1,25,14.8,37,19.9,0,596
"2101",6,2018,2,38.3,34.7,44.1,19.9,0,594
"2102",7,2018,2,34.2,30.8,44.1,23,0,617
"2103",1,2018,2,19.8,8.6,43,12.9,0,478
"2104",2,2018,2,37.8,34.1,46,30,0,541
"2105",3,2018,2,42.5,38.1,46.9,33.1,1,706
"2106",4,2018,2,30,20.2,46.9,19.9,0,545
"2107",5,2018,2,36.4,32.6,48.9,19.9,1,653
"2108",6,2018,2,34.6,28.2,48.9,21.9,0,616
"2109",7,2018,2,28.3,17.3,42.1,19.9,0,583
"2110",1,2018,2,41.6,39,48,21.9,0,549
"2111",2,2018,2,46.3,46.3,52,36,1,479
"2112",3,2018,2,45,44.2,52,34,1,543
"2113",4,2018,2,31.5,23,34,28,0,613
"2114",5,2018,2,36.9,34,44.1,28,0,671
"2115",6,2018,2,40.8,40.8,44.1,30.9,1,645
"2116",7,2018,2,44.8,44.6,52,37.9,1,582
"2117",1,2018,2,35.9,24.8,52,30,0,604
"2118",2,2018,2,39.4,34.8,45,33.1,0,472
"2119",3,2018,2,38.1,35.4,46.9,26.1,0,435
"2120",4,2018,2,45.6,45.5,48,44.1,1,535
"2121",5,2018,2,45.9,45.9,48.9,44.1,1,601
"2122",6,2018,2,43.1,38.6,48.9,35.1,1,550
"2123",7,2018,2,37.5,32.5,48.9,34,0,548
"2124",1,2018,2,42.3,41.5,48.9,35.1,1,540
"2125",2,2018,2,42.5,41.5,48.9,39,1,448
"2126",3,2018,2,42.1,40.1,46.9,39,1,557
"2127",4,2018,2,40.3,29.3,46.9,28,0,631
"2128",5,2018,2,42.6,38.2,48,28,0,654
"2129",6,2018,3,46.7,41,60.1,39,0,619
"2131",1,2018,3,40.2,37.5,48.9,37,0,609
"2132",2,2018,3,39.6,33.6,43,36,0,457
"2133",3,2018,3,37.8,34.5,43,33.1,0,616
"2134",4,2018,3,37.7,30.1,41,33.1,0,676
"2135",5,2018,3,38.1,35.9,43,32,0,517
"2136",6,2018,3,39.6,36.3,46,34,0,633
"2137",7,2018,3,35.5,28.2,44.1,30,1,751
"2138",1,2018,3,38.1,25.9,43,30,0,567
"2139",2,2018,3,36.3,24.8,43,30.9,0,465
"2140",3,2018,3,36.7,30.7,46,27,0,679
"2141",4,2018,3,35,33.4,46,27,1,578
"2142",5,2018,3,34.8,29,39,32,0,652
"2143",6,2018,3,36.5,28.1,39.9,33.1,0,689
"2144",7,2018,3,36.1,21.4,39.9,33.1,0,753
"2145",1,2018,3,33.3,17.6,39.9,28,0,562
"2146",2,2018,3,27.2,7.9,39.9,21,0,526
"2147",3,2018,3,30.5,6.6,37,21,0,686
"2148",4,2018,3,32.5,17.5,37,26.1,0,597
"2149",5,2018,3,36.8,32.7,39,27,0,477
"2150",6,2018,3,36.1,35.3,37.9,33.8,0,760
"2151",7,2018,3,37.5,31.9,45,30,0,732
"2152",1,2018,3,36.3,30.8,46,26.1,0,550
"2153",2,2018,3,35.8,32.8,46,26.1,0,491
"2154",3,2018,3,36.4,25,45,32,0,710
"2155",4,2018,3,37.6,28.7,45,30.9,0,627
"2156",5,2018,3,40.4,32.9,48,30.9,0,629
"2157",6,2018,3,41.6,40.3,48.9,35.1,0,613
"2158",7,2018,3,46.8,46.8,48.9,35.1,1,580
"2159",1,2018,3,43.6,33.1,48.9,39,0,589
"2161",3,2018,4,37.7,31.2,50,33.1,1,562
"2162",4,2018,4,35.3,32.5,45,24.1,0,551
"2163",5,2018,4,47.3,46.9,55.9,39.2,1,554
"2164",6,2018,4,39.9,24,57,34,0,531
"2165",7,2018,4,38,25.2,46.9,28.9,0,515
"2166",1,2018,4,43.5,37.2,50,28.9,0,487
"2167",2,2018,4,37.9,28.3,50,33.1,0,468
"2168",3,2018,4,36.3,20.4,42.1,30.9,0,625
"2169",4,2018,4,37.7,31.7,42.1,30.9,0,668
"2170",5,2018,4,37.9,33,44.1,30,0,612
"2171",6,2018,4,42.8,38.5,50,28.9,0,610
"2172",7,2018,4,47.7,45.3,51.1,37,1,755
"2173",1,2018,4,47.7,45,52,42.1,0,624
"2174",2,2018,4,39.7,31.5,55,37,0,510
"2175",3,2018,4,44.7,44.7,53.1,37,1,741
"2176",4,2018,4,45.6,41.3,53.1,39,0,600
"2177",5,2018,4,41.9,34.1,50,37,0,662
"2178",6,2018,4,41.8,40.6,46.9,37,0,706
"2179",7,2018,4,43.2,33.2,51.1,37,0,707
"2180",1,2018,4,44.6,31.9,52,37,0,584
"2181",2,2018,4,46.3,33.1,55.9,37,0,568
"2182",3,2018,4,46.4,33.6,57.9,35.1,0,675
"2183",4,2018,4,44.7,41.7,57.9,34,0,671
"2184",5,2018,4,49.2,48.2,55,35.1,0,626
"2185",6,2018,4,50,48.9,55,48,1,729
"2186",7,2018,4,48.8,46.9,55.9,39.9,1,690
"2187",1,2018,4,49.5,48.3,60.1,39.9,1,604
"2188",2,2018,4,50.5,48.7,60.1,43,0,505
"2189",3,2018,4,46.2,40.4,57.9,41,0,656
"2190",4,2018,5,48.4,43.7,57,41,0,713
"2191",5,2018,5,54.5,45.7,66,43,0,792
"2192",6,2018,5,54,48.6,66,48.9,0,790
"2193",7,2018,5,53.3,51.3,59,50,0,723
"2194",1,2018,5,58,47.5,66,51.1,0,602
"2195",2,2018,5,52.5,49.7,66,48.9,1,495
"2196",3,2018,5,53,49.7,63,46,0,695
"2197",4,2018,5,48.4,46.3,60.1,39,1,736
"2198",5,2018,5,51.2,50.1,61,46.9,1,711
"2199",6,2018,5,51,50.2,59,48,1,663
"2200",7,2018,5,56.8,48.7,69.1,48,1,805
"2201",1,2018,5,48.9,46.2,52,45,0,602
"2202",2,2018,5,49.7,48.5,54,43,0,529
"2203",3,2018,5,50.5,49.6,57,48,1,689
"2204",4,2018,5,53.9,53.4,60.1,48,1,778
"2205",5,2018,5,55.3,53.8,60.1,50,0,686
"2206",6,2018,5,54.1,54.1,62.1,50,1,732
"2207",7,2018,5,52.2,49.1,62.1,48,1,616
"2208",1,2018,5,49.6,49,55.9,46,1,583
"2209",2,2018,5,56.5,56.4,60.8,51.1,1,578
"2210",3,2018,5,60.9,51,69.1,52,0,626
"2211",4,2018,5,54.6,49.5,69.1,48,0,689
"2212",5,2018,5,57.3,55.7,68,50,1,729
"2213",6,2018,5,56.3,49.7,68,50,0,770
"2214",7,2018,5,56.5,53.6,63,50,1,799
"2215",1,2018,5,58.8,56.7,64.4,55,1,601
"2216",2,2018,5,53.7,53.4,64,51.1,0,487
"2218",4,2018,5,57.7,55.8,77,50,1,809
"2219",5,2018,5,59.2,54.2,77,50,1,708
"2220",6,2018,5,55.1,54.6,69.1,50,1,698
"2221",7,2018,6,58.6,58.4,64.9,51.1,1,751
"2222",1,2018,6,63.1,60.8,75.9,55.9,1,622
"2223",2,2018,6,52.8,48.1,57.9,46.9,0,525
"2224",3,2018,6,51,50.1,57,46.9,0,698
"2225",4,2018,6,54.5,51.3,61,48,0,688
"2226",5,2018,6,54.8,50.8,61,50,0,651
"2227",6,2018,6,51.5,48,57.9,43,0,693
"2228",7,2018,6,54.8,51.9,62.1,43,1,757
"2229",1,2018,6,62.9,55.8,77,45,0,706
"2230",2,2018,6,61.5,49.5,77,54,1,533
"2231",3,2018,6,56.2,45.3,68,51.1,0,686
"2232",4,2018,6,55.3,48.6,64,46,0,720
"2233",5,2018,6,59.4,57,66,46.9,1,706
"2235",7,2018,6,59,54,71.1,54,0,728
"2236",1,2018,6,62.8,56,75,51.1,0,677
"2237",2,2018,6,66.7,56.6,82,54,0,627
"2238",3,2018,6,62.9,60.4,82,57.9,1,808
"2239",4,2018,6,67.7,61.8,78.1,60.1,1,812
"2240",5,2018,6,62.8,58.8,78.1,52,1,698
"2241",6,2018,6,63.4,61.5,72,52,1,815
"2242",7,2018,6,61.1,56.4,69.1,55.9,1,728
"2243",1,2018,6,59.2,57,69.1,55.9,1,513
"2244",2,2018,6,62.7,61.5,68,57,1,553
"2245",3,2018,6,63.8,60.8,70,57.9,1,733
"2246",4,2018,6,60.7,55.3,71.1,50,0,762
"2247",5,2018,6,62.7,59.1,71.1,50,0,540
"2248",6,2018,6,64.1,62.6,69.1,59,0,737
"2250",1,2018,6,71.1,65.4,82,62.1,0,651
"2251",2,2018,7,70.8,66.4,86,62.1,0,563
"2252",3,2018,7,68.4,64.9,86,63,0,719
"2253",4,2018,7,66.9,66.2,73.9,61,1,678
"2255",6,2018,7,71.7,71,81,66.9,1,720
"2256",7,2018,7,70.6,69.3,77,66.9,1,654
"2257",1,2018,7,67.3,52.8,75.9,60.1,0,526
"2258",2,2018,7,61.7,52.8,73.9,51.1,0,545
"2259",3,2018,7,60.9,53.6,73.9,50,0,672
"2260",4,2018,7,67.2,64.7,73,50,0,727
"2261",5,2018,7,68.3,65.1,73.9,63,0,627
"2262",6,2018,7,68.2,59.5,77,60.1,0,642
"2263",7,2018,7,64.8,55.1,77,54,0,726
"2264",1,2018,7,64.9,59.5,73.9,54,0,577
"2265",2,2018,7,65.5,61.6,72,55.9,1,564
"2266",3,2018,7,68.7,67.9,75,61,1,719
"2267",4,2018,7,70.5,69,75.9,66,1,680
"2268",5,2018,7,71.2,66.7,77,66.9,0,688
"2269",6,2018,7,67.9,57.5,77,59,0,739
"2270",7,2018,7,64.3,56.7,77,54,0,700
"2271",1,2018,7,59.8,9999.9,73,52,1,622
"2272",2,2018,7,66.5,66.2,72,52,1,540
"2273",3,2018,7,69.9,68.1,73.9,63,0,614
"2274",4,2018,7,69.2,68.1,75,66,1,654
"2275",5,2018,7,69.8,68.7,75.9,66,1,657
"2276",6,2018,7,69.8,69.4,75.9,66,0,606
"2277",7,2018,7,70.6,70.1,75.9,68,1,753
"2278",1,2018,7,69.7,69.7,75.9,66.9,1,637
"2279",2,2018,7,72.9,69.1,80.1,66.9,1,463
"2280",3,2018,7,71.3,66.7,80.1,64.9,0,580
"2281",4,2018,7,68.9,65.8,80.1,64,1,709
"2282",5,2018,8,69.2,67.6,73.9,64,1,660
"2283",6,2018,8,73.7,72.5,78.1,64,0,722
"2284",7,2018,8,73.7,72.6,79,71.1,1,749
"2285",1,2018,8,71.8,71.2,79,69.1,1,605
"2286",2,2018,8,74.3,70.4,81,69.1,0,573
"2287",3,2018,8,74.8,73.4,81,70,0,632
"2288",4,2018,8,75.8,74.1,82,71.1,0,658
"2289",5,2018,8,74.6,73.6,82,70,1,656
"2290",6,2018,8,74.9,73.5,82.9,70,1,709
"2291",7,2018,8,76.9,68.4,86,68,0,707
"2292",1,2018,8,68.8,66.2,86,64,0,568
"2293",2,2018,8,70.9,69.7,75.9,64,0,499
"2294",3,2018,8,69.1,68.1,75.9,64.9,1,617
"2295",4,2018,8,72.8,71.4,80.1,64.9,1,701
"2296",5,2018,8,74.1,70.4,80.1,69.1,0,645
"2297",6,2018,8,77.2,71.4,87.1,70,0,647
"2298",7,2018,8,74.9,72.1,87.1,66,1,703
"2299",1,2018,8,73.9,72.4,82.9,66,1,579
"2300",2,2018,8,68.5,65.5,81,66,0,490
"2301",3,2018,8,66.7,66,72,66,0,562
"2302",4,2018,8,66.7,65.5,70,64.4,0,580
"2303",5,2018,8,68.1,67.4,75.9,62.1,1,599
"2304",6,2018,8,70,61.6,75.9,62.1,0,610
"2305",7,2018,8,67.1,61.5,75.9,55,0,681
"2306",1,2018,8,66.5,60.3,75.9,55,1,552
"2307",2,2018,8,68.2,60.3,77,57,0,528
"2308",3,2018,8,73.1,69.6,84,62.1,0,651
"2309",4,2018,8,73,71.2,84,66.9,1,715
"2310",5,2018,8,75.3,72.7,84.9,69.1,0,685
"2311",6,2018,8,76.2,72.4,90,71.1,0,736
"2312",7,2018,8,69.9,63.6,73.9,63,0,623
"2313",1,2018,9,65,59.4,75,55.9,0,529
"2314",2,2018,9,67,64,79,55.9,0,528
"2315",3,2018,9,69.9,69.1,79,59,0,533
"2316",4,2018,9,75.7,70.6,86,66,1,786
"2317",5,2018,9,69.2,64.7,86,61,1,768
"2318",6,2018,9,72.6,70.2,80.1,61,0,822
"2319",7,2018,9,71.1,64.3,80.1,66,0,671
"2320",1,2018,9,66.6,60.3,75,61,0,568
"2321",2,2018,9,62.6,50.8,73,59,0,556
"2322",3,2018,9,62.3,55.4,68,59,0,650
"2323",4,2018,9,68.9,67.5,75.9,61,1,544
"2324",5,2018,9,71,69.6,79,66,1,783
"2325",6,2018,9,66.1,63.8,79,63,1,718
"2326",7,2018,9,64.9,60.7,73.9,59,1,684
"2327",1,2018,9,65.9,61,75.9,57,1,596
"2328",2,2018,9,63.9,59.5,75.9,54,1,597
"2329",3,2018,9,65.6,62.6,75,55.9,1,673
"2330",4,2018,9,71,69.2,75.9,68,0,740
"2331",5,2018,9,66.5,63.8,70,62.1,0,519
"2332",6,2018,9,63.7,57.9,69.1,60.1,0,659
"2333",7,2018,9,60.6,54.6,69.1,53.1,0,715
"2334",1,2018,9,68.8,60.1,78.1,53.1,0,562
"2335",2,2018,9,59.8,50.2,78.1,53.1,0,475
"2336",3,2018,9,57.4,50.3,64,50,0,594
"2337",4,2018,9,60.5,55.1,64.9,51.1,0,715
"2338",5,2018,9,69.4,67.3,75,55.9,0,755
"2339",6,2018,9,66.3,62.6,75,60.1,0,672
"2340",7,2018,9,60.5,58.5,70,55.9,0,712
"2341",1,2018,9,62.3,56.3,72,53.1,0,604
"2342",2,2018,9,61,53.5,72,51.1,1,510
"2343",3,2018,10,62,56.1,70,51.1,0,583
"2344",4,2018,10,64.7,62.1,71.1,52,0,613
"2345",5,2018,10,64.4,62.3,71.1,59,0,778
"2346",6,2018,10,60,57.1,69.1,55.9,0,717
"2347",7,2018,10,62.2,57,66.9,55.9,0,796
"2348",1,2018,10,55.5,46.3,66.9,46,0,544
"2349",2,2018,10,64.4,59.6,69.1,46,0,529
"2350",3,2018,10,60.7,55.7,69.1,57.9,0,501
"2351",4,2018,10,63.1,59,70,57,0,628
"2352",5,2018,10,66.2,64.9,72,57.9,1,708
"2353",6,2018,10,67.2,65.9,72,64,1,741
"2355",1,2018,10,53.2,44.9,68,48.9,0,577
"2356",2,2018,10,52.8,37.7,57.9,46.9,0,516
"2357",3,2018,10,57.1,51.9,64.9,43,0,692
"2358",4,2018,10,57.1,44.8,69.1,43,0,688
"2359",5,2018,10,55.6,40.7,63,46.9,0,699
"2360",6,2018,10,45.6,23.6,63,41,0,735
"2361",7,2018,10,49.2,33.4,59,39.9,0,787
"2362",1,2018,10,59.5,53.2,61,57.2,0,629
"2363",2,2018,10,48.5,41.4,62.1,42.1,0,593
"2364",3,2018,10,43.3,24.9,52,36,0,650
"2365",4,2018,10,51.5,43.7,59,36,0,681
"2366",5,2018,10,48.8,41.3,59,44.1,0,719
"2367",6,2018,10,45.3,32.4,53.1,42.1,0,763
"2368",7,2018,10,39.8,25.4,50,33.1,0,747
"2369",1,2018,10,50,45.3,59,33.1,0,757
"2370",2,2018,10,56.8,52.7,61,44.1,0,556
"2371",3,2018,10,54.9,48.9,61,51.1,0,696
"2372",4,2018,10,47.9,35.4,60.1,45,0,721
"2373",5,2018,10,45.9,35.8,54,32,0,646
"2374",6,2018,11,58,54.7,62.1,54,0,696
"2375",7,2018,11,60,57.8,64,55,0,746
"2376",1,2018,11,59.7,55.6,64,54,0,656
"2377",2,2018,11,47.7,32.3,63,37,0,502
"2378",3,2018,11,47.5,41.9,53.1,37,0,759
"2379",4,2018,11,56.8,56.2,61,39,1,679
"2380",5,2018,11,57.9,52.2,62.6,55,0,696
"2381",6,2018,11,52.1,38.7,61,44.1,0,631
"2383",1,2018,11,52.2,44.9,62.1,39,0,606
"2384",2,2018,11,39.9,21.2,44.1,37,0,500
"2385",3,2018,11,41.7,24.7,48,37,0,497
"2386",4,2018,11,51.9,46.5,61,37,0,754
"2387",5,2018,11,39.3,20.6,61,33.1,0,688
"2389",7,2018,11,42.8,39.1,53.1,35.1,0,720
"2390",1,2018,11,44.5,31.4,50,41,0,559
"2391",2,2018,11,41.7,29.3,44.1,35.1,0,470
"2392",3,2018,11,46.7,41,54,37.9,0,697
"2393",4,2018,11,48.2,46.3,52,43,0,695
"2394",5,2018,11,39.9,28.6,46,34,0,732
"2396",7,2018,11,23,11.1,30.9,19,0,476
"2397",1,2018,11,41.4,31.9,50,19,0,536
"2398",2,2018,11,47.7,45.7,51.8,45,0,483
"2399",3,2018,11,45.4,42.8,48.9,42.8,0,743
"2400",4,2018,11,46.9,42.2,51.1,42.1,0,609
"2401",5,2018,11,41,30.4,51.1,36,0,573
"2402",6,2018,11,41.3,29,48.9,36,0,646
"2403",7,2018,11,38.4,30.1,48.9,33.1,0,743
"2404",1,2018,12,38.3,31.9,44.1,33.1,0,601
"2405",2,2018,12,46,44.1,53.6,33.1,1,558
"2406",3,2018,12,51,49,54,42.1,1,697
"2407",4,2018,12,40.6,28.1,54,34,0,684
"2408",5,2018,12,31.6,20.6,46.9,24.1,0,652
"2409",6,2018,12,34.9,20.5,42.1,24.1,0,681
"2410",7,2018,12,38,22.5,42.1,27,0,705
"2411",1,2018,12,27.9,7.7,41,23,0,652
"2412",2,2018,12,29.7,13.1,34,23,0,465
"2413",3,2018,12,35.5,23.8,43,25,0,651
"2414",4,2018,12,32,22.9,43,25,0,707
"2415",5,2018,12,32.3,22.3,39.9,23,0,631
"2416",6,2018,12,30.9,18.7,37.9,23,0,686
"2418",1,2018,12,46.1,44.8,51.1,26.1,1,628
"2419",2,2018,12,43.8,37.8,51.1,42.1,0,622
"2420",3,2018,12,42.2,39.7,46.4,37.4,0,689
"2421",4,2018,12,33.3,18.2,46,26.1,0,731
"2422",5,2018,12,29.8,16.2,39,21,0,749
"2423",6,2018,12,38.6,34.4,48,21,0,806
"2424",7,2018,12,50.4,49.1,57,44.1,1,782
"2425",1,2018,12,48.3,45.8,57,39,1,568
"2426",2,2018,12,36.7,23.9,51.1,32,0,505
"2427",3,2018,12,35.2,29.1,39.9,28.9,0,580
"2429",5,2018,12,31.8,12.5,39.9,27,0,514
"2430",6,2018,12,34.7,23,37.9,26.1,0,582
"2431",7,2018,12,41.8,36.7,50,26.1,0,681
"2432",1,2018,12,48.4,44,54,35.1,1,499
"2434",3,2018,12,32,23.7,43,21,0,622
